# Alias OBJ Model File
# Exported from SketchUp, (c) 2000-2012 Trimble Navigation Limited
# File units = millimeters

mtllib WashMachine.mtl

g Mesh1 Group1 Model

usemtl Metal_Silver
v 600 783.655 -43.8886
vt 0.116826 2.48857
vn 0.832154 -0.309089 -0.460416
v 600 782.117 -42.9643
vt 0.114194 2.48322
vn 0.835231 -0.251346 -0.489095
v 595 780.037 -50.4511
vt 0.143661 2.476
vn 0.834529 -0.282472 -0.473045
f 1/1/1 2/2/2 3/3/3

vt 0.143991 2.56859
vn 1 0 -0
v 600 830.756 -0
vt 0 2.72558
vt 0.140959 2.56346
f 1/4/4 4/5/4 2/6/4

v 600 785.074 -44.9915
vt 0.14761 2.57332
f 5/7/4 4/5/4 1/4/4

v 600 786.355 -46.2573
vt 0.151763 2.57759
f 6/8/4 4/5/4 5/7/4

v 600 787.479 -47.6684
vt 0.156392 2.58133
f 7/9/4 4/5/4 6/8/4

v 600 788.431 -49.2048
vt 0.161433 2.58451
f 8/10/4 4/5/4 7/9/4

v 600 789.196 -50.8449
vt 0.166814 2.58706
f 9/11/4 4/5/4 8/10/4

v 600 789.766 -52.5656
vt 0.172459 2.58896
f 10/12/4 4/5/4 9/11/4

v 600 790.13 -54.3427
vt 0.17829 2.59017
f 11/13/4 4/5/4 10/12/4

v 600 830.756 -540
vt 1.77165 2.72558
f 4/5/4 11/13/4 12/14/4

v 600 790.13 -162.621
vt 0.533532 2.59017
f 12/14/4 11/13/4 13/15/4

v 595 786.448 -157.31
vt 0.516109 1.54438
vn 0.628948 -0.776625 0.0357385
vt 0.533532 1.56487
vn 0.622029 -0.782575 0.0255973
vt 0.17829 1.56487
vn 0.672781 -0.732544 -0.10366
v 595 786.448 -59.8599
vt 0.196391 1.54438
vn 0.658357 -0.748318 -0.0811606
f 14/16/5 13/17/6 11/18/7 15/19/8 

vt 0.533138 1.62261
vt 0.514459 1.60326
v 600 790.003 -164.596
vt 0.539599 1.62194
vn 0.659172 -0.74735 0.0834289
f 13/20/6 14/21/5 16/22/9

v 595 786.322 -159.088
vt 0.519972 1.6119
vn 0.680922 -0.722803 0.1179
vt 0.5394 1.63111
vt 0.514161 1.61256
f 17/23/10 16/24/9 14/25/5

vt 0.532247 1.75353
vt 0.511241 1.73607
v 600 789.623 -166.538
vt 0.538487 1.75173
vn 0.711961 -0.680649 0.172709
f 16/26/9 17/27/10 18/28/11

v 595 785.945 -160.836
vt 0.515404 1.76082
vn 0.730109 -0.652261 0.203706
vt 0.537195 1.77799
vt 0.509803 1.76258
f 19/29/12 18/30/11 17/31/10

vt 0.528152 1.88661
vt 0.505526 1.87057
v 600 788.996 -168.413
vt 0.534045 1.88388
vn 0.752035 -0.610866 0.247561
f 18/32/11 19/33/12 20/34/13

v 595 785.325 -162.523
vt 0.508592 1.90539
vn 0.766636 -0.58034 0.274725
vt 0.531951 1.92109
vt 0.503311 1.90804
f 21/35/14 20/36/13 19/37/12

vt 0.523635 2.01022
vt 0.499807 1.99524
v 600 788.134 -170.189
vt 0.529096 2.00671
vn 0.781937 -0.540841 0.309945
f 20/38/13 21/39/14 22/40/15

v 595 784.472 -164.121
vt 0.502197 2.03351
vn 0.793265 -0.509519 0.333349
vt 0.526681 2.04817
vt 0.497307 2.03692
f 23/41/16 22/42/15 21/43/14

vt 0.519482 2.11981
vt 0.494717 2.10563
v 600 787.051 -171.835
vt 0.524445 2.11561
vn 0.803765 -0.472077 0.362083
f 22/44/15 23/45/16 24/46/17

v 595 783.4 -165.603
vt 0.496703 2.14228
vn 0.812171 -0.44092 0.382057
vt 0.522043 2.15618
vt 0.492259 2.14636
f 25/47/18 24/48/17 23/49/16

vt 0.515734 2.21446
vt 0.490213 2.2009
v 600 785.766 -173.324
vt 0.52014 2.20969
vn 0.822102 -0.39016 0.414636
f 24/50/17 25/51/18 26/52/19

v 595 782.127 -166.943
vt 0.491924 2.23273
vn 0.823502 -0.378745 0.422371
vt 0.51794 2.24606
vt 0.487976 2.23739
f 27/53/20 26/54/19 25/55/18

vt 0.482738 2.30778
v 595 780.677 -168.118
vt 0.486136 2.30261
vn 0.829493 -0.333212 0.448232
vt 0.508939 2.32074
f 27/56/20 28/57/21 26/58/19

v 595 57.308 -59.8599
vt 0.196391 0.147678
vn 1 7.23216e-018 -0
v 595 57.308 -159.169
vt 0.522206 0.147678
v 595 57.417 -160.704
vt 0.527244 0.148042
v 595 57.742 -162.213
vt 0.532196 0.149125
v 595 58.2776 -163.671
vt 0.536977 0.15091
v 595 59.0146 -165.051
vt 0.541505 0.153366
v 595 59.9403 -166.33
vt 0.545703 0.156452
v 595 61.0389 -167.487
vt 0.549498 0.160114
v 595 62.2917 -168.502
vt 0.552827 0.164289
v 595 63.6771 -169.357
vt 0.555632 0.168907
v 595 65.1715 -170.037
vt 0.557865 0.173887
v 595 66.7493 -170.532
vt 0.559488 0.179146
v 595 68.3836 -170.832
vt 0.560473 0.184593
v 595 70.0462 -170.933
vt 0.560803 0.190135
v 595 771.697 -170.933
vt 0.560803 2.52873
v 595 773.623 -170.816
vt 0.560421 2.53515
v 595 775.515 -170.469
vt 0.55928 2.54146
v 595 777.342 -169.896
vt 0.557401 2.54755
v 595 779.073 -169.108
vt 0.554815 2.55332
vt 0.551567 2.55866
vt 0.547713 2.5635
vt 0.543317 2.56774
vt 0.538456 2.57131
vt 0.533213 2.57416
vt 0.527677 2.57622
vt 0.521943 2.57748
vt 0.516109 2.5779
vt 0.196391 2.5779
v 595 786.087 -58.2605
vt 0.191143 2.5767
v 595 785.523 -56.7119
vt 0.186063 2.57482
v 595 784.765 -55.2358
vt 0.18122 2.57229
v 595 783.823 -53.853
vt 0.176683 2.56915
v 595 782.71 -52.583
vt 0.172516 2.56544
v 595 781.442 -51.4437
vt 0.168779 2.56121
vt 0.165522 2.55653
v 595 778.514 -49.6192
vt 0.162793 2.55146
v 595 776.896 -48.9597
vt 0.160629 2.54606
v 595 775.204 -48.4819
vt 0.159061 2.54042
v 595 773.463 -48.1925
vt 0.158112 2.53462
v 595 771.697 -48.0956
vt 0.157794 2.52873
v 595 70.0462 -48.0956
vt 0.157794 0.190135
v 595 68.3836 -48.1962
vt 0.158124 0.184593
v 595 66.7493 -48.4965
vt 0.159109 0.179146
v 595 65.1715 -48.9911
vt 0.160732 0.173887
v 595 63.6771 -49.6717
vt 0.162965 0.168907
v 595 62.2917 -50.5267
vt 0.16577 0.164289
v 595 61.0389 -51.5413
vt 0.169099 0.160114
v 595 59.9403 -52.6982
vt 0.172895 0.156452
v 595 59.0146 -53.9777
vt 0.177092 0.153366
v 595 58.2776 -55.3579
vt 0.18162 0.15091
v 595 57.742 -56.8151
vt 0.186401 0.149125
v 595 57.417 -58.3243
vt 0.191353 0.148042
f 29/59/22 30/60/22 31/61/22 32/62/22 33/63/22 34/64/22 35/65/22 36/66/22 37/67/22 38/68/22 39/69/22 40/70/22 41/71/22 42/72/22 43/73/22 44/74/22 45/75/22 46/76/22 47/77/22 28/78/22 27/79/22 25/80/22 23/81/22 21/82/22 19/83/22 17/84/22 14/85/22 15/86/22 48/87/22 49/88/22 50/89/22 51/90/22 52/91/22 53/92/22 3/93/22 54/94/22 55/95/22 56/96/22 57/97/22 58/98/22 59/99/22 60/100/22 61/101/22 62/102/22 63/103/22 64/104/22 65/105/22 66/106/22 67/107/22 68/108/22 69/109/22 70/110/22 

vt 0.196391 0.0884718
vn 0.629774 0.775958 -0.0356919
v 600 53.6255 -54.3427
vt 0.17829 0.0679841
vn 0.622665 0.782071 -0.0255636
v 600 53.6255 -164.686
vt 0.540307 0.0679841
vn 0.629742 0.775984 0.0356955
vt 0.522206 0.0884718
vn 0.62431 0.780675 0.0280153
f 29/111/23 71/112/24 72/113/25 30/114/26 

vt 0.176418 0.0624683
vt 0.195767 0.081781
v 600 53.7356 -52.6366
vt 0.170838 0.0630456
vn 0.660895 0.745851 -0.0832145
f 71/115/24 29/116/23 73/117/27

vt 0.190635 0.0820377
vn 0.683039 0.720863 -0.117535
vt 0.170625 0.0628684
vt 0.195654 0.0814703
f 70/118/28 73/119/27 29/120/23

vt 0.16592 0.0598397
vt 0.187485 0.0772416
v 600 54.0639 -50.9596
vt 0.16053 0.0613918
vn 0.714698 0.677956 -0.171997
f 73/121/27 70/122/28 74/123/29

vt 0.182123 0.0791502
vn 0.732864 0.649448 -0.202799
vt 0.159858 0.0620405
vt 0.186961 0.077638
f 69/124/30 74/125/29 70/126/28

vt 0.155629 0.064319
vt 0.178711 0.0803092
v 600 54.6049 -49.3405
vt 0.150537 0.066671
vn 0.754981 0.607742 -0.24628
f 74/127/29 69/128/30 75/129/31

vt 0.173362 0.0841539
vn 0.769392 0.577358 -0.273301
vt 0.149628 0.06849
vt 0.177926 0.0818697
f 68/130/32 75/131/31 69/132/30

vt 0.146247 0.072662
vt 0.17044 0.0876077
v 600 55.3493 -47.807
vt 0.141525 0.0756913
vn 0.78468 0.537844 -0.308223
f 75/133/31 68/134/32 76/135/33

vt 0.165345 0.0930438
vn 0.795724 0.506827 -0.331587
vt 0.140568 0.0784051
vt 0.169573 0.0901005
f 67/136/34 76/137/33 68/138/32

vt 0.137885 0.0830562
vt 0.162938 0.0972173
v 600 56.2844 -46.3854
vt 0.133594 0.0866689
vn 0.806126 0.469534 -0.360137
f 76/139/33 67/140/34 77/141/35

vt 0.158258 0.10376
vn 0.81422 0.438753 -0.380186
vt 0.132695 0.0898662
vt 0.162101 0.100242
f 66/142/36 77/143/35 67/144/34

vt 0.130489 0.0945167
vt 0.156231 0.108078
v 600 57.3941 -45.0998
vt 0.126678 0.098633
vn 0.823879 0.388387 -0.412771
f 77/145/35 66/146/36 78/147/37

vt 0.152065 0.115281
vn 0.825283 0.377018 -0.420435
vt 0.125886 0.101943
vt 0.155479 0.111261
f 65/148/38 78/149/37 66/150/36

vt 0.14927 0.122066
vt 0.146331 0.126525
vn 0.830998 0.331873 -0.446434
vt 0.122907 0.109094
f 65/151/38 64/152/39 78/153/37

v 600 58.6595 -43.9725
vt 0.121019 0.11163
vn 0.833486 0.317149 -0.452457
vt 0.124313 0.107089
vt 0.147631 0.124663
f 79/154/40 78/155/37 64/156/39

vt 0.144267 0.152183
v 600 13 -0
vt 0 0
vt 0.147965 0.147965
f 79/157/4 80/158/4 78/159/4

v 600 60.0589 -43.0226
vt 0.14115 0.156847
f 81/160/4 80/158/4 79/157/4

v 600 61.5684 -42.2663
vt 0.138669 0.161878
f 82/161/4 80/158/4 81/160/4

v 600 63.1622 -41.7167
vt 0.136866 0.16719
f 83/162/4 80/158/4 82/161/4

v 600 64.8129 -41.3831
vt 0.135771 0.172692
f 84/163/4 80/158/4 83/162/4

v 600 66.4924 -41.2713
vt 0.135405 0.17829
f 85/164/4 80/158/4 84/163/4

f 80/158/4 85/164/4 4/5/4

v 600 775.231 -41.2713
vt 0.135405 2.54051
f 86/165/4 4/5/4 85/164/4

v 600 777.014 -41.379
vt 0.135758 2.54646
f 87/166/4 4/5/4 86/165/4

v 600 778.773 -41.7006
vt 0.136813 2.55232
f 88/167/4 4/5/4 87/166/4

v 600 780.482 -42.2315
vt 0.138555 2.55801
f 89/168/4 4/5/4 88/167/4

f 2/6/4 4/5/4 89/168/4

vt 0.112137 2.51853
vt 0.11008 2.51294
vn 0.834742 -0.193577 -0.515494
vt 0.139309 2.50621
vn 0.835948 -0.225879 -0.500169
f 2/169/2 89/170/41 54/171/42

vt 0.137097 2.50933
vn 0.833899 -0.16923 -0.525332
vt 0.138944 2.51484
vt 0.109708 2.52154
f 55/172/43 54/173/42 89/174/41

vt 0.108011 2.53845
vt 0.106543 2.53268
vn 0.830548 -0.134856 -0.540374
vt 0.135443 2.52634
f 89/175/41 88/176/44 55/177/43

vt 0.133858 2.52501
vn 0.828179 -0.111513 -0.549258
vt 0.135177 2.53071
vt 0.106273 2.53704
f 56/178/45 55/179/43 88/180/44

vt 0.104369 2.54853
vt 0.103493 2.54264
vn 0.822224 -0.0740569 -0.564326
vt 0.131985 2.53658
f 88/181/44 87/182/46 56/183/45

vt 0.131031 2.53213
vn 0.818288 -0.0515255 -0.572494
vt 0.131818 2.53796
vt 0.103325 2.54402
f 57/184/47 56/185/45 87/186/46

vt 0.101109 2.54812
vt 0.100822 2.54217
vn 0.811804 -0.0215817 -0.583531
vt 0.128834 2.53627
f 87/187/46 86/188/48 57/189/47

vt 0.128515 2.53036
vn 0.810473 -0.0154237 -0.585573
vt 0.128774 2.53625
vt 0.100762 2.54214
f 58/190/49 57/191/47 86/192/48

vt 0.0995299 0.17829
vn 0.811265 0.0186332 -0.584381
vt 0.127286 0.190135
vn 0.812337 0.0237493 -0.582704
vt 0.127286 2.52873
vt 0.0995299 2.54051
f 85/193/50 59/194/51 58/195/49 86/196/48 

vt 0.101024 0.174694
vt 0.101324 0.169092
vn 0.820009 0.0596622 -0.569233
vt 0.128777 0.186547
f 85/197/50 84/198/52 59/199/51

vt 0.128852 0.18132
vn 0.823418 0.0801902 -0.56174
vt 0.128583 0.186865
vt 0.101129 0.169412
f 60/200/53 59/201/51 84/202/52

vt 0.104058 0.161955
vt 0.10497 0.15642
vn 0.830502 0.12694 -0.542359
vt 0.131753 0.173928
f 84/203/52 83/204/54 60/205/53

vt 0.132051 0.169333
vn 0.83187 0.144735 -0.535765
vt 0.131234 0.174808
vt 0.104439 0.157317
f 61/206/55 60/207/53 83/208/54

vt 0.107449 0.149289
vt 0.108979 0.143892
vn 0.835909 0.191305 -0.51445
vt 0.135004 0.161436
f 83/209/54 82/210/56 61/211/55

vt 0.13559 0.157436
vn 0.835748 0.207298 -0.508481
vt 0.134221 0.162767
vt 0.108169 0.145263
f 62/212/57 61/213/55 82/214/56

vt 0.111336 0.136675
vt 0.113476 0.13149
vn 0.836843 0.254289 -0.484799
vt 0.138665 0.149052
f 82/215/56 81/216/58 62/217/57

vt 0.139579 0.145596
vn 0.835454 0.26929 -0.479061
vt 0.137667 0.150708
vt 0.112428 0.133218
f 63/218/59 62/219/57 81/220/58

vt 0.115827 0.124111
vt 0.118559 0.119211
vt 0.142845 0.136778
f 81/221/58 79/222/40 63/223/59

vt 0.144112 0.133798
vt 0.141674 0.138619
vt 0.117311 0.121158
f 64/224/39 63/225/59 79/226/40

vt 0.140832 2.48465
vt 0.143193 2.48991
vt 0.113715 2.49709
f 54/227/42 3/228/3 2/229/2

vt 0.152183 0.144267
f 78/159/4 80/158/4 77/230/4

vt 0.156847 0.14115
f 77/230/4 80/158/4 76/231/4

vt 0.161878 0.138669
f 76/231/4 80/158/4 75/232/4

vt 0.16719 0.136866
f 75/232/4 80/158/4 74/233/4

vt 0.172692 0.135771
f 74/233/4 80/158/4 73/234/4

v 600 13 -540
vt 1.77165 0
f 73/234/4 80/158/4 90/235/4

vt 0.17829 0.135405
f 73/234/4 90/235/4 71/236/4

vt 0.540307 0.135405
f 71/236/4 90/235/4 72/237/4

v 600 53.7356 -166.392
vt 0.545905 0.135771
f 72/237/4 90/235/4 91/238/4

v 600 54.0639 -168.069
vt 0.551407 0.136866
f 91/238/4 90/235/4 92/239/4

v 600 54.6049 -169.688
vt 0.556719 0.138669
f 92/239/4 90/235/4 93/240/4

v 600 55.3493 -171.221
vt 0.56175 0.14115
f 93/240/4 90/235/4 94/241/4

v 600 56.2844 -172.643
vt 0.566414 0.144267
f 94/241/4 90/235/4 95/242/4

v 600 57.3941 -173.929
vt 0.570632 0.147965
f 95/242/4 90/235/4 96/243/4

v 600 53.7356 -213.122
vt 0.69922 0.135771
f 96/243/4 90/235/4 97/244/4

v 600 53.6255 -214.829
vt 0.704818 0.135405
f 97/244/4 90/235/4 98/245/4

v 600 53.6255 -325.171
vt 1.06684 0.135405
f 98/245/4 90/235/4 99/246/4

v 600 53.7356 -326.878
vt 1.07243 0.135771
f 99/246/4 90/235/4 100/247/4

v 600 54.0639 -328.555
vt 1.07794 0.136866
f 100/247/4 90/235/4 101/248/4

v 600 54.6049 -330.174
vt 1.08325 0.138669
f 101/248/4 90/235/4 102/249/4

v 600 55.3493 -331.707
vt 1.08828 0.14115
f 102/249/4 90/235/4 103/250/4

v 600 56.2844 -333.129
vt 1.09294 0.144267
f 103/250/4 90/235/4 104/251/4

v 600 57.3941 -334.414
vt 1.09716 0.147965
f 104/251/4 90/235/4 105/252/4

v 600 58.6595 -335.542
vt 1.10086 0.152183
f 105/252/4 90/235/4 106/253/4

v 600 60.0589 -336.492
vt 1.10398 0.156847
f 106/253/4 90/235/4 107/254/4

v 600 61.5684 -337.248
vt 1.10646 0.161878
f 107/254/4 90/235/4 108/255/4

v 600 54.0639 -371.931
vt 1.22025 0.136866
f 108/255/4 90/235/4 109/256/4

v 600 53.7356 -373.608
vt 1.22575 0.135771
f 109/256/4 90/235/4 110/257/4

v 600 53.6255 -375.314
vt 1.23135 0.135405
f 110/257/4 90/235/4 111/258/4

v 600 53.6255 -485.657
vt 1.59336 0.135405
f 111/258/4 90/235/4 112/259/4

v 600 53.7356 -487.363
vt 1.59896 0.135771
f 112/259/4 90/235/4 113/260/4

v 600 54.0639 -489.04
vt 1.60446 0.136866
f 113/260/4 90/235/4 114/261/4

v 600 54.6049 -490.659
vt 1.60978 0.138669
f 114/261/4 90/235/4 115/262/4

v 600 55.3493 -492.193
vt 1.61481 0.14115
f 115/262/4 90/235/4 116/263/4

v 600 56.2844 -493.615
vt 1.61947 0.144267
f 116/263/4 90/235/4 117/264/4

v 600 57.3941 -494.9
vt 1.62369 0.147965
f 117/264/4 90/235/4 118/265/4

v 600 58.6595 -496.028
vt 1.62739 0.152183
f 118/265/4 90/235/4 119/266/4

v 600 60.0589 -496.977
vt 1.6305 0.156847
f 119/266/4 90/235/4 120/267/4

v 600 61.5684 -497.734
vt 1.63298 0.161878
f 120/267/4 90/235/4 121/268/4

v 600 63.1622 -498.283
vt 1.63479 0.16719
f 121/268/4 90/235/4 122/269/4

v 600 64.8129 -498.617
vt 1.63588 0.172692
f 122/269/4 90/235/4 123/270/4

v 600 66.4924 -498.729
vt 1.63625 0.17829
f 123/270/4 90/235/4 124/271/4

v 600 775.231 -498.729
vt 1.63625 2.54051
f 124/271/4 90/235/4 125/272/4

f 12/14/4 125/272/4 90/235/4

v 600 777.176 -498.599
vt 1.63582 2.54699
f 12/14/4 126/273/4 125/272/4

v 600 779.087 -498.213
vt 1.63456 2.55336
f 12/14/4 127/274/4 126/273/4

v 600 780.933 -497.576
vt 1.63247 2.55952
f 12/14/4 128/275/4 127/274/4

v 600 782.681 -496.701
vt 1.6296 2.56534
f 12/14/4 129/276/4 128/275/4

v 600 784.301 -495.601
vt 1.62599 2.57074
f 12/14/4 130/277/4 129/276/4

v 600 785.766 -494.295
vt 1.6217 2.57563
f 12/14/4 131/278/4 130/277/4

v 600 787.051 -492.807
vt 1.61682 2.57991
f 12/14/4 132/279/4 131/278/4

v 600 788.134 -491.16
vt 1.61142 2.58352
f 12/14/4 133/280/4 132/279/4

v 600 788.996 -489.385
vt 1.60559 2.58639
f 12/14/4 134/281/4 133/280/4

v 600 789.623 -487.51
vt 1.59944 2.58848
f 12/14/4 135/282/4 134/281/4

v 600 790.003 -485.568
vt 1.59307 2.58975
f 12/14/4 136/283/4 135/282/4

v 600 790.13 -483.592
vt 1.58659 2.59017
f 12/14/4 137/284/4 136/283/4

v 600 790.13 -375.314
vt 1.23135 2.59017
f 12/14/4 138/285/4 137/284/4

v 600 789.766 -373.537
vt 1.22552 2.58896
f 12/14/4 139/286/4 138/285/4

v 600 780.933 -337.091
vt 1.10594 2.55952
f 12/14/4 140/287/4 139/286/4

v 600 782.681 -336.215
vt 1.10307 2.56534
f 12/14/4 141/288/4 140/287/4

v 600 784.301 -335.115
vt 1.09946 2.57074
f 12/14/4 142/289/4 141/288/4

v 600 785.766 -333.81
vt 1.09518 2.57563
f 12/14/4 143/290/4 142/289/4

v 600 787.051 -332.321
vt 1.09029 2.57991
f 12/14/4 144/291/4 143/290/4

v 600 788.134 -330.675
vt 1.08489 2.58352
f 12/14/4 145/292/4 144/291/4

v 600 788.996 -328.899
vt 1.07906 2.58639
f 12/14/4 146/293/4 145/292/4

v 600 789.623 -327.024
vt 1.07291 2.58848
f 12/14/4 147/294/4 146/293/4

v 600 790.003 -325.082
vt 1.06654 2.58975
f 12/14/4 148/295/4 147/294/4

v 600 790.13 -323.106
vt 1.06006 2.59017
f 12/14/4 149/296/4 148/295/4

v 600 790.13 -214.829
vt 0.704818 2.59017
f 12/14/4 150/297/4 149/296/4

vt 0.568647 2.57563
f 12/14/4 26/298/4 150/297/4

vt 0.563764 2.57991
f 12/14/4 24/299/4 26/298/4

vt 0.558362 2.58352
f 12/14/4 22/300/4 24/299/4

vt 0.552536 2.58639
f 12/14/4 20/301/4 22/300/4

vt 0.546385 2.58848
f 12/14/4 18/302/4 20/301/4

vt 0.540014 2.58975
f 12/14/4 16/303/4 18/302/4

f 12/14/4 13/15/4 16/303/4

v 600 784.301 -174.629
vt 0.57293 2.57074
f 150/297/4 26/298/4 151/304/4

vt 0.51719 2.29462
vn 0.832268 -0.318202 0.453958
vt 0.51338 2.29988
vt 0.490693 2.28161
f 151/305/60 26/306/19 28/307/21

vt 0.478867 2.3708
vt 0.481687 2.36522
vn 0.834347 -0.270117 0.480523
vt 0.505555 2.38342
f 28/308/21 47/309/61 151/310/60

v 600 782.681 -175.729
vt 0.51283 2.36044
vn 0.835981 -0.254903 0.485962
vt 0.509669 2.36612
vt 0.485886 2.34781
f 152/311/62 151/312/60 47/313/61

vt 0.576539 2.56534
f 150/297/4 151/304/4 152/314/4

v 600 789.766 -213.051
vt 0.698988 2.58896
f 150/297/4 152/314/4 153/315/4

v 600 780.933 -176.605
vt 0.579412 2.55952
f 153/315/4 152/314/4 154/316/4

vt 0.507846 2.41544
vn 0.835353 -0.191604 0.515241
vt 0.505369 2.42144
vt 0.480557 2.4031
vn 0.834991 -0.207738 0.509543
f 154/317/63 152/318/62 46/319/64

vt 0.474704 2.42231
vt 0.476917 2.41638
vt 0.501783 2.43465
f 47/320/61 46/321/64 152/322/62

vt 0.46987 2.46404
vt 0.471454 2.45787
vn 0.831412 -0.14492 0.536425
vt 0.497249 2.47617
f 46/323/64 45/324/65 154/325/63

v 600 779.087 -177.241
vt 0.501881 2.46099
vn 0.830197 -0.127049 0.5428
vt 0.50011 2.46724
vt 0.474344 2.44889
f 155/326/66 154/327/63 45/328/65

vt 0.5815 2.55336
f 153/315/4 154/316/4 155/329/4

v 600 789.196 -211.331
vt 0.693342 2.58706
f 153/315/4 155/329/4 156/330/4

v 600 777.176 -177.628
vt 0.582768 2.54699
f 156/330/4 155/329/4 157/331/4

vt 0.494548 2.49794
vn 0.819892 -0.0596842 0.569398
vt 0.493492 2.50435
vt 0.466857 2.48603
vn 0.823204 -0.0802403 0.562048
f 157/332/67 155/333/66 44/334/68

vt 0.463979 2.49723
vt 0.464925 2.49089
vt 0.491572 2.5092
f 45/335/65 44/336/68 155/337/66

vt 0.456612 2.52242
vt 0.456924 2.516
vn 0.812282 -0.0237539 0.58278
vt 0.484331 2.53427
f 44/338/68 43/339/69 157/340/67

v 600 775.231 -177.757
vt 0.485398 2.52644
vn 0.811239 -0.0186356 0.584418
vt 0.485051 2.53292
vt 0.457645 2.51465
f 158/341/70 157/342/67 43/343/69

vt 0.583193 2.54051
f 156/330/4 157/331/4 158/344/4

v 600 788.431 -209.691
vt 0.687961 2.58451
f 156/330/4 158/344/4 159/345/4

v 600 787.479 -208.154
vt 0.682921 2.58133
f 159/345/4 158/344/4 160/346/4

v 600 786.355 -206.743
vt 0.678291 2.57759
f 160/346/4 158/344/4 161/347/4

v 600 785.074 -205.477
vt 0.674138 2.57332
f 161/347/4 158/344/4 162/348/4

v 600 783.655 -204.374
vt 0.67052 2.56859
f 162/348/4 158/344/4 163/349/4

v 600 782.117 -203.45
vt 0.667487 2.56346
f 163/349/4 158/344/4 164/350/4

v 600 780.482 -202.717
vt 0.665083 2.55801
f 164/350/4 158/344/4 165/351/4

v 600 778.773 -202.186
vt 0.663341 2.55232
f 165/351/4 158/344/4 166/352/4

v 600 777.014 -201.865
vt 0.662286 2.54646
f 166/352/4 158/344/4 167/353/4

v 600 775.231 -201.757
vt 0.661933 2.54051
f 167/353/4 158/344/4 168/354/4

v 600 66.4924 -201.757
vt 0.661933 0.17829
f 168/354/4 158/344/4 169/355/4

v 600 66.4924 -177.757
vt 0.583193 0.17829
f 170/356/4 169/355/4 158/344/4

v 600 64.8129 -201.869
vt 0.6623 0.172692
f 170/356/4 171/357/4 169/355/4

v 600 63.1622 -202.203
vt 0.663394 0.16719
f 170/356/4 172/358/4 171/357/4

v 600 61.5684 -202.752
vt 0.665197 0.161878
f 170/356/4 173/359/4 172/358/4

v 600 60.0589 -203.508
vt 0.667678 0.156847
f 170/356/4 174/360/4 173/359/4

v 600 58.6595 -204.458
vt 0.670795 0.152183
f 170/356/4 175/361/4 174/360/4

v 600 57.3941 -205.586
vt 0.674494 0.147965
f 170/356/4 176/362/4 175/361/4

v 600 56.2844 -206.871
vt 0.678711 0.144267
f 170/356/4 177/363/4 176/362/4

v 600 55.3493 -208.293
vt 0.683375 0.14115
f 170/356/4 178/364/4 177/363/4

v 600 54.6049 -209.826
vt 0.688407 0.138669
f 170/356/4 179/365/4 178/364/4

v 600 64.8129 -177.645
vt 0.582826 0.172692
f 180/366/4 179/365/4 170/356/4

v 600 54.0639 -211.445
vt 0.693719 0.136866
f 180/366/4 181/367/4 179/365/4

v 600 63.1622 -177.312
vt 0.581731 0.16719
f 182/368/4 181/367/4 180/366/4

v 600 61.5684 -176.762
vt 0.579928 0.161878
f 183/369/4 181/367/4 182/368/4

v 600 60.0589 -176.006
vt 0.577447 0.156847
f 184/370/4 181/367/4 183/369/4

f 184/370/4 97/244/4 181/367/4

v 600 58.6595 -175.056
vt 0.57433 0.152183
f 185/371/4 97/244/4 184/370/4

f 96/243/4 97/244/4 185/371/4

vt 0.514611 0.229485
vn 0.822403 0.399408 0.405125
vt 0.517898 0.234031
vn 0.83057 0.338582 0.442171
vt 0.488308 0.242579
vn 0.82387 0.388397 0.412778
f 96/372/71 185/373/72 36/374/73

vt 0.489162 0.24369
vn 0.833851 0.309681 0.456935
vt 0.486216 0.239236
vt 0.515831 0.230776
f 37/375/74 36/376/73 185/377/72

vt 0.510267 0.22617
vt 0.512993 0.231072
vn 0.835463 0.275121 0.47572
vt 0.483507 0.238895
f 185/378/72 184/379/75 37/380/74

vt 0.484184 0.23971
vn 0.836735 0.247432 0.488521
vt 0.48174 0.234892
vt 0.511241 0.227127
f 38/381/76 37/382/74 184/383/75

vt 0.505489 0.220176
vt 0.507625 0.225364
vn 0.836038 0.211902 0.506101
vt 0.478363 0.23261
f 184/384/75 183/385/77 38/386/76

vt 0.478856 0.233613
vn 0.835452 0.185397 0.517347
vt 0.47694 0.228502
vt 0.50621 0.22129
f 39/387/78 38/388/76 183/389/77

vt 0.499931 0.211578
vt 0.501458 0.216976
vn 0.832243 0.147769 0.534355
vt 0.472523 0.223781
f 183/390/77 182/391/79 39/392/78

vt 0.47283 0.225441
vn 0.82986 0.122303 0.544403
vt 0.471459 0.220111
vt 0.500398 0.213324
f 40/393/80 39/394/78 182/395/79

vt 0.493217 0.200046
vt 0.494128 0.205581
vn 0.823624 0.0812987 0.561278
vt 0.46561 0.212074
f 182/396/79 180/397/81 40/398/80

vt 0.465747 0.214872
vn 0.819396 0.05662 0.570425
vt 0.464929 0.209398
vt 0.493447 0.202911
f 41/399/82 40/400/80 180/401/81

vt 0.48491 0.184834
vt 0.485209 0.190436
vn 0.812339 0.0237502 0.582702
vt 0.457187 0.196744
f 180/402/81 170/403/83 41/404/82

vt 0.457208 0.20122
vn 0.810869 0.0169751 0.584982
vt 0.456938 0.195675
vt 0.48496 0.189368
f 42/405/84 41/406/82 170/407/83

vt 0.452376 0.190135
vt 0.480132 0.17829
vt 0.480132 2.54051
vt 0.452376 2.52873
f 42/408/84 170/409/83 158/410/70 43/411/69 

vt 0.523621 0.232263
vt 0.497523 0.24576
vt 0.519803 0.228154
vn 0.812722 0.446225 0.374656
f 96/412/71 36/413/73 95/414/85

vt 0.489651 0.242506
vn 0.807735 0.462246 0.365914
vt 0.515477 0.229105
vt 0.493057 0.246533
f 35/415/86 95/416/85 36/417/73

vt 0.528371 0.227589
vt 0.502916 0.241681
vt 0.524072 0.223985
vn 0.793722 0.513556 0.325985
f 95/418/85 35/419/86 94/420/87

vt 0.494737 0.240756
vn 0.786913 0.530954 0.314414
vt 0.519903 0.226795
vt 0.498573 0.244282
f 34/421/88 94/422/87 35/423/86

vt 0.533416 0.21684
vt 0.508778 0.231712
vt 0.528689 0.21382
vn 0.767122 0.58276 0.268169
f 94/424/87 34/425/88 93/426/89

vt 0.50066 0.233231
vn 0.757716 0.601769 0.252468
vt 0.524997 0.218521
vt 0.504882 0.236183
f 33/427/90 93/428/89 34/429/88

vt 0.538745 0.19694
vt 0.515178 0.212855
vt 0.533649 0.194596
vn 0.730808 0.652954 0.198924
f 93/430/89 33/431/90 92/432/91

vt 0.507577 0.216492
vn 0.717629 0.673409 0.177565
vt 0.530831 0.200753
vt 0.512137 0.218784
f 32/433/92 92/434/91 33/435/90

vt 0.543656 0.162952
vt 0.521567 0.180287
vt 0.538264 0.161405
vn 0.682028 0.722075 0.115958
f 92/436/91 32/437/92 91/438/93

vt 0.514986 0.18485
vn 0.663437 0.743119 0.0873237
vt 0.536729 0.167672
vt 0.519822 0.186367
f 31/439/94 91/440/93 32/441/92

vt 0.545483 0.107245
vt 0.525578 0.126524
vt 0.539903 0.106669
f 91/442/93 31/443/94 72/444/25

vt 0.520237 0.12923
vt 0.539693 0.110024
vt 0.525256 0.129798
f 30/445/26 72/446/25 31/447/94

vt 0.681806 -0.014848
v 595 57.417 -218.81
vt 0.703371 0.00255394
vt 0.676415 -0.0132959
f 97/448/27 186/449/28 181/450/29

vt 0.715188 0.0470303
vt 0.695178 0.0278609
v 595 57.308 -220.346
vt 0.720207 0.0464628
f 186/451/28 97/452/27 187/453/23

vt 0.701274 0.0300991
vt 0.720624 0.0494118
vt 0.695694 0.0306764
f 98/454/24 187/455/23 97/456/27

vt 0.722919 0.0884718
vt 0.704818 0.0679841
vt 1.06684 0.0679841
v 595 57.308 -319.654
vt 1.04873 0.0884718
f 187/457/23 98/458/24 99/459/25 188/460/26 

vt 1.04478 0.16437
vt 1.06424 0.145164
v 595 57.417 -321.19
vt 1.0498 0.164938
f 188/461/26 99/462/25 189/463/94

vt 1.07035 0.139504
vt 1.05044 0.158783
vt 1.06477 0.138928
f 100/464/93 189/465/94 99/466/25

vt 1.02927 0.263849
vt 1.05102 0.246671
v 595 57.742 -322.699
vt 1.03411 0.265366
f 189/467/94 100/468/93 190/469/92

vt 1.05967 0.236983
vt 1.03758 0.254318
vt 1.05428 0.235435
f 101/470/91 190/471/92 100/472/93

vt 1.00975 0.315758
vt 1.033 0.30002
v 595 58.2776 -324.156
vt 1.01431 0.31805
f 190/473/92 101/474/91 191/475/90

vt 1.0439 0.291837
vt 1.02033 0.307752
vt 1.0388 0.289493
f 102/476/89 191/477/90 101/478/91

vt 0.991579 0.338789
vt 1.01592 0.324079
v 595 59.0146 -325.536
vt 0.9958 0.341741
f 191/479/90 102/480/89 192/481/88

vt 1.02812 0.319647
vt 1.00349 0.334519
vt 1.0234 0.316627
f 103/482/87 192/483/88 102/484/89

vt 0.975792 0.34436
vt 1.00096 0.330399
v 595 59.9403 -326.816
vt 0.979627 0.347885
f 192/485/88 103/486/87 193/487/86

vt 1.01362 0.33025
vt 0.98816 0.344342
vt 1.00932 0.326646
f 104/488/85 193/489/86 103/490/87

vt 0.962098 0.339226
vt 0.987924 0.325825
v 595 61.0389 -327.973
vt 0.965504 0.343253
f 193/491/86 104/492/85 194/493/73

vt 1.00035 0.329658
vt 0.974248 0.343155
vt 0.996528 0.325549
f 105/494/71 194/495/73 104/496/85

vt 0.982507 0.319584
vt 0.985794 0.32413
vt 0.956204 0.332678
f 105/497/71 106/498/72 194/499/73

v 595 62.2917 -328.988
vt 0.955053 0.329107
vt 0.952108 0.324652
vt 0.981723 0.316192
f 195/500/74 194/501/73 106/502/72

vt 0.722919 0.147678
vt 1.04873 0.147678
vt 1.05377 0.148042
vt 1.05872 0.149125
vt 1.0635 0.15091
vt 1.06803 0.153366
vt 1.07223 0.156452
vt 1.07603 0.160114
vt 1.07936 0.164289
v 595 63.6771 -329.842
vt 1.08216 0.168907
v 595 65.1715 -330.523
vt 1.08439 0.173887
v 595 66.7493 -331.018
vt 1.08602 0.179146
v 595 68.3836 -331.318
vt 1.087 0.184593
v 595 70.0462 -331.419
vt 1.08733 0.190135
v 595 771.697 -331.419
vt 1.08733 2.52873
v 595 773.623 -331.302
vt 1.08695 2.53515
v 595 775.515 -330.954
vt 1.08581 2.54146
v 595 777.342 -330.382
vt 1.08393 2.54755
v 595 779.073 -329.593
vt 1.08134 2.55332
v 595 780.677 -328.604
vt 1.0781 2.55866
v 595 782.127 -327.429
vt 1.07424 2.5635
v 595 783.4 -326.089
vt 1.06985 2.56774
v 595 784.472 -324.607
vt 1.06498 2.57131
v 595 785.325 -323.009
vt 1.05974 2.57416
v 595 785.945 -321.322
vt 1.0542 2.57622
v 595 786.322 -319.574
vt 1.04847 2.57748
v 595 786.448 -317.796
vt 1.04264 2.5779
v 595 786.448 -220.346
vt 0.722919 2.5779
v 595 786.087 -218.746
vt 0.717672 2.5767
v 595 785.523 -217.198
vt 0.712591 2.57482
v 595 784.765 -215.722
vt 0.707748 2.57229
v 595 783.823 -214.339
vt 0.703211 2.56915
v 595 782.71 -213.069
vt 0.699045 2.56544
v 595 781.442 -211.93
vt 0.695307 2.56121
v 595 780.037 -210.937
vt 0.69205 2.55653
v 595 778.514 -210.105
vt 0.689321 2.55146
v 595 776.896 -209.446
vt 0.687157 2.54606
v 595 775.204 -208.968
vt 0.68559 2.54042
v 595 773.463 -208.678
vt 0.68464 2.53462
v 595 771.697 -208.581
vt 0.684322 2.52873
v 595 70.0462 -208.581
vt 0.684322 0.190135
v 595 68.3836 -208.682
vt 0.684652 0.184593
v 595 66.7493 -208.982
vt 0.685637 0.179146
v 595 65.1715 -209.477
vt 0.68726 0.173887
v 595 63.6771 -210.158
vt 0.689493 0.168907
v 595 62.2917 -211.012
vt 0.692298 0.164289
v 595 61.0389 -212.027
vt 0.695627 0.160114
v 595 59.9403 -213.184
vt 0.699423 0.156452
v 595 59.0146 -214.464
vt 0.703621 0.153366
v 595 58.2776 -215.844
vt 0.708149 0.15091
v 595 57.742 -217.301
vt 0.712929 0.149125
vt 0.717881 0.148042
f 187/503/22 188/504/22 189/505/22 190/506/22 191/507/22 192/508/22 193/509/22 194/510/22 195/511/22 196/512/22 197/513/22 198/514/22 199/515/22 200/516/22 201/517/22 202/518/22 203/519/22 204/520/22 205/521/22 206/522/22 207/523/22 208/524/22 209/525/22 210/526/22 211/527/22 212/528/22 213/529/22 214/530/22 215/531/22 216/532/22 217/533/22 218/534/22 219/535/22 220/536/22 221/537/22 222/538/22 223/539/22 224/540/22 225/541/22 226/542/22 227/543/22 228/544/22 229/545/22 230/546/22 231/547/22 232/548/22 233/549/22 234/550/22 235/551/22 236/552/22 237/553/22 186/554/22 

vt 0.943007 0.31347
vt 0.940562 0.308652
vt 0.970063 0.300887
f 196/555/76 195/556/74 107/557/75

vt 0.970773 0.304842
vt 0.973498 0.309745
vt 0.944012 0.317568
f 106/558/72 107/559/75 195/560/74

vt 0.958795 0.285354
vt 0.960931 0.290541
vt 0.931669 0.297787
f 107/561/75 108/562/77 196/563/76

vt 0.930814 0.29416
vt 0.928897 0.289049
vt 0.958168 0.281837
f 197/564/78 196/565/76 108/566/77

vt 0.945911 0.261277
v 600 63.1622 -337.797
vt 0.947439 0.266675
vt 0.918504 0.27348
f 108/567/77 238/568/79 197/569/78

vt 1.10826 0.16719
f 108/255/4 109/256/4 238/570/4

v 600 64.8129 -338.131
vt 1.10935 0.172692
f 238/570/4 109/256/4 239/571/4

v 600 54.6049 -370.312
vt 1.21493 0.138669
f 239/571/4 109/256/4 240/572/4

vt 1.16524 -0.127878
v 595 57.742 -377.787
vt 1.18832 -0.111888
vt 1.16015 -0.125526
f 109/573/29 241/574/30 240/575/31

vt 1.21101 -0.0773341
vt 1.18874 -0.0944437
v 595 57.417 -379.296
vt 1.21585 -0.0788462
f 241/576/30 109/577/29 242/578/28

vt 1.19769 -0.0895356
vt 1.21926 -0.0721337
vt 1.1923 -0.0879835
f 110/579/27 242/580/28 109/581/29

vt 1.23974 0.0120228
vt 1.21973 -0.00714656
v 595 57.308 -380.831
vt 1.24476 0.0114554
f 242/582/28 110/583/27 243/584/23

vt 1.22613 -0.00227003
vt 1.24548 0.0170427
vt 1.22055 -0.00169273
f 111/585/24 243/586/23 110/587/27

vt 1.24945 0.0884718
vt 1.23135 0.0679841
vt 1.59336 0.0679841
v 595 57.308 -480.14
vt 1.57526 0.0884718
f 243/588/23 111/589/24 112/590/25 244/591/26 

vt 1.56932 0.199509
vt 1.58878 0.180304
v 595 57.417 -481.676
vt 1.57434 0.200078
f 244/592/26 112/593/25 245/594/94

vt 1.59521 0.171763
vt 1.57531 0.191042
vt 1.58963 0.171186
f 113/595/93 245/596/94 112/597/25

vt 1.54356 0.342847
vt 1.5653 0.325669
v 595 57.742 -483.185
vt 1.54839 0.344364
f 245/598/94 113/599/93 246/600/92

vt 1.57568 0.311013
vt 1.55359 0.328348
vt 1.57029 0.309465
f 114/601/91 246/602/92 113/603/93

vt 1.51192 0.415025
vt 1.53517 0.399286
v 595 58.2776 -484.642
vt 1.51648 0.417316
f 246/604/92 114/605/91 247/606/90

vt 1.54905 0.386734
vt 1.52549 0.402649
vt 1.54396 0.38439
f 115/607/89 247/608/90 114/609/91

vt 1.4825 0.444347
vt 1.50683 0.429636
v 595 59.0146 -486.022
vt 1.48672 0.447299
f 247/610/90 115/611/89 248/612/88

vt 1.52283 0.422454
vt 1.49819 0.437326
vt 1.5181 0.419434
f 116/613/87 248/614/88 115/615/89

vt 1.45685 0.447963
vt 1.48201 0.434003
v 595 59.9403 -487.302
vt 1.46068 0.451489
f 248/616/88 116/617/87 249/618/86

vt 1.49886 0.432911
vt 1.4734 0.447003
vt 1.49456 0.429306
f 117/619/85 249/620/86 116/621/87

vt 1.43454 0.435946
vt 1.46037 0.422545
v 595 61.0389 -488.459
vt 1.43795 0.439973
f 249/622/86 117/623/85 250/624/73

vt 1.47707 0.427054
vt 1.45097 0.44055
vt 1.47325 0.422944
f 118/625/71 250/626/73 117/627/85

vt 1.4504 0.409683
vt 1.45369 0.414229
vt 1.4241 0.422777
f 118/628/71 119/629/72 250/630/73

v 595 62.2917 -489.473
vt 1.42094 0.414523
vt 1.418 0.410068
vt 1.44761 0.401608
f 251/631/74 250/632/73 119/633/72

vt 1.24945 0.147678
vt 1.57526 0.147678
vt 1.5803 0.148042
vt 1.58525 0.149125
vt 1.59003 0.15091
vt 1.59456 0.153366
vt 1.59876 0.156452
vt 1.60255 0.160114
vt 1.60588 0.164289
v 595 63.6771 -490.328
vt 1.60869 0.168907
v 595 65.1715 -491.009
vt 1.61092 0.173887
v 595 66.7493 -491.504
vt 1.61254 0.179146
v 595 68.3836 -491.804
vt 1.61353 0.184593
v 595 70.0462 -491.904
vt 1.61386 0.190135
v 595 771.697 -491.904
vt 1.61386 2.52873
v 595 773.623 -491.788
vt 1.61348 2.53515
v 595 775.515 -491.44
vt 1.61234 2.54146
v 595 777.342 -490.867
vt 1.61046 2.54755
v 595 779.073 -490.079
vt 1.60787 2.55332
v 595 780.677 -489.089
vt 1.60462 2.55866
v 595 782.127 -487.914
vt 1.60077 2.5635
v 595 783.4 -486.575
vt 1.59637 2.56774
v 595 784.472 -485.093
vt 1.59151 2.57131
v 595 785.325 -483.495
vt 1.58627 2.57416
v 595 785.945 -481.807
vt 1.58073 2.57622
v 595 786.322 -480.06
vt 1.575 2.57748
v 595 786.448 -478.282
vt 1.56917 2.5779
v 595 786.448 -380.831
vt 1.24945 2.5779
v 595 786.087 -379.232
vt 1.2442 2.5767
v 595 785.523 -377.683
vt 1.23912 2.57482
v 595 784.765 -376.207
vt 1.23428 2.57229
v 595 783.823 -374.825
vt 1.22974 2.56915
v 595 782.71 -373.555
vt 1.22557 2.56544
v 595 781.442 -372.415
vt 1.22184 2.56121
v 595 780.037 -371.423
vt 1.21858 2.55653
v 595 778.514 -370.591
vt 1.21585 2.55146
v 595 776.896 -369.931
vt 1.21369 2.54606
v 595 775.204 -369.454
vt 1.21212 2.54042
v 595 773.463 -369.164
vt 1.21117 2.53462
v 595 771.697 -369.067
vt 1.21085 2.52873
v 595 70.0462 -369.067
vt 1.21085 0.190135
v 595 68.3836 -369.168
vt 1.21118 0.184593
v 595 66.7493 -369.468
vt 1.21217 0.179146
v 595 65.1715 -369.963
vt 1.21379 0.173887
v 595 63.6771 -370.643
vt 1.21602 0.168907
v 595 62.2917 -371.498
vt 1.21883 0.164289
v 595 61.0389 -372.513
vt 1.22216 0.160114
v 595 59.9403 -373.67
vt 1.22595 0.156452
v 595 59.0146 -374.949
vt 1.23015 0.153366
v 595 58.2776 -376.329
vt 1.23468 0.15091
vt 1.23946 0.149125
vt 1.24441 0.148042
f 243/634/22 244/635/22 245/636/22 246/637/22 247/638/22 248/639/22 249/640/22 250/641/22 251/642/22 252/643/22 253/644/22 254/645/22 255/646/22 256/647/22 257/648/22 258/649/22 259/650/22 260/651/22 261/652/22 262/653/22 263/654/22 264/655/22 265/656/22 266/657/22 267/658/22 268/659/22 269/660/22 270/661/22 271/662/22 272/663/22 273/664/22 274/665/22 275/666/22 276/667/22 277/668/22 278/669/22 279/670/22 280/671/22 281/672/22 282/673/22 283/674/22 284/675/22 285/676/22 286/677/22 287/678/22 288/679/22 289/680/22 290/681/22 291/682/22 292/683/22 241/684/22 242/685/22 

vt 1.40183 0.38723
vt 1.39938 0.382412
vt 1.42889 0.374647
f 252/686/76 251/687/74 120/688/75

vt 1.43128 0.383515
vt 1.434 0.388418
vt 1.40452 0.396241
f 119/689/72 120/690/75 251/691/74

vt 1.4121 0.350531
vt 1.41424 0.355718
vt 1.38497 0.362964
f 120/692/75 121/693/77 252/694/76

vt 1.38277 0.354706
vt 1.38085 0.349595
vt 1.41013 0.342384
f 253/695/78 252/696/76 121/697/77

vt 1.39189 0.310976
vt 1.39342 0.316374
vt 1.36448 0.32318
f 121/698/77 122/699/79 253/700/78

vt 1.36278 0.317074
vt 1.36141 0.311744
vt 1.39035 0.304956
f 254/701/80 253/702/78 122/703/79

vt 1.36958 0.264053
vt 1.37049 0.269589
vt 1.34197 0.276082
f 122/704/79 123/705/81 254/706/80

vt 1.34083 0.273504
vt 1.34001 0.26803
vt 1.36853 0.261543
f 255/707/82 254/708/80 123/709/81

vt 1.34391 0.207912
vt 1.3442 0.213514
vt 1.31618 0.219822
f 123/710/81 124/711/83 255/712/82

vt 1.31574 0.222249
vt 1.31547 0.216704
vt 1.34349 0.210397
f 256/713/84 255/714/82 124/715/83

vt 1.30183 0.190135
vt 1.32959 0.17829
vt 1.32959 2.54051
vt 1.30183 2.52873
f 256/716/84 124/717/83 125/718/70 257/719/69 

vt 1.34475 2.5034
vt 1.3444 2.50988
vt 1.317 2.49161
f 125/720/70 126/721/67 257/722/69

vt 1.31461 2.50134
vt 1.31492 2.49492
vt 1.34233 2.51319
f 258/723/68 257/724/69 126/725/67

vt 1.37179 2.43423
vt 1.37074 2.44064
vt 1.3441 2.42231
f 126/726/67 127/727/66 258/728/68

vt 1.33759 2.43817
vt 1.33854 2.43183
vt 1.36519 2.45013
f 259/729/65 258/730/68 127/731/66

vt 1.39501 2.36224
vt 1.39324 2.36849
vt 1.36748 2.35014
f 127/732/66 128/733/63 259/734/65

vt 1.35756 2.37126
vt 1.35914 2.36509
vt 1.38494 2.38339
f 260/735/64 259/736/65 128/737/63

vt 1.41573 2.2861
vt 1.41325 2.29211
vt 1.38844 2.27377
f 128/738/63 129/739/62 260/740/64

vt 1.37571 2.29909
vt 1.37792 2.29317
vt 1.40279 2.31143
f 261/741/61 260/742/64 129/743/62

vt 1.43506 2.20438
vt 1.43189 2.21006
vt 1.40811 2.19175
f 129/744/62 130/745/60 261/746/61

vt 1.39312 2.21999
vt 1.39594 2.21441
vt 1.41981 2.23261
f 262/747/21 261/748/61 130/749/60

vt 1.45403 2.11583
vt 1.45022 2.12109
vt 1.42753 2.10282
f 130/750/60 131/751/19 262/752/21

vt 1.41087 2.13243
vt 1.41427 2.12726
vt 1.43707 2.14539
f 263/753/20 262/754/21 131/755/19

vt 1.43772 2.04069
vt 1.46374 2.05401
vt 1.43377 2.04535
f 263/756/20 131/757/19 264/758/18

vt 1.46586 2.01411
vt 1.44034 2.00055
vt 1.47027 2.00934
f 132/759/17 264/760/18 131/761/19

vt 1.45941 1.93623
vt 1.48475 1.95013
vt 1.45497 1.94031
f 264/762/18 132/763/17 265/764/16

vt 1.487 1.90832
vt 1.46223 1.89414
vt 1.49196 1.90413
f 133/765/15 265/766/16 132/767/17

vt 1.48434 1.82314
vt 1.50883 1.8378
vt 1.47945 1.82655
f 265/768/16 133/769/15 266/770/14

vt 1.51072 1.79854
vt 1.48689 1.78356
vt 1.51618 1.79502
f 134/771/13 266/772/14 133/773/15

vt 1.51302 1.70714
vt 1.53638 1.72284
vt 1.50774 1.70979
f 266/774/14 134/775/13 267/776/12

vt 1.537 1.69181
vt 1.51438 1.67577
vt 1.5429 1.68908
f 135/777/11 267/778/12 134/779/13

vt 1.54397 1.60279
vt 1.56576 1.61995
vt 1.53837 1.60455
f 267/780/12 135/781/11 268/782/10

vt 1.56371 1.60256
vt 1.5427 1.5851
vt 1.56995 1.60076
f 136/783/9 268/784/10 135/785/11

vt 1.56905 1.54158
vt 1.58848 1.56078
vt 1.56324 1.54224
f 268/786/10 136/787/9 269/788/5

vt 1.58283 1.55757
vt 1.56415 1.53822
vt 1.58929 1.5569
f 137/789/6 269/790/5 136/791/9

vt 1.56917 1.54438
vt 1.58659 1.56487
vt 1.23135 1.56487
vt 1.24945 1.54438
f 269/792/5 137/793/6 138/794/7 270/795/8 

vt 1.21792 2.04167
vt 1.19661 2.0588
vt 1.2128 2.03999
vn 0.716613 -0.67337 -0.181764
f 270/796/8 138/797/7 271/798/95

vt 1.19556 2.02693
vn 0.728307 -0.655224 -0.200627
vt 1.21723 2.00965
vt 1.20126 2.02864
f 139/799/96 271/800/95 138/801/7

vt 1.18625 2.23374
vt 1.16349 2.24957
vt 1.1814 2.23132
vn 0.752817 -0.60878 -0.250308
f 271/802/95 139/803/96 272/804/97

v 600 789.196 -371.817
vt 1.1655 2.21205
vn 0.761549 -0.591754 -0.26433
vt 1.1886 2.19605
vt 1.17091 2.21453
f 293/805/98 272/806/97 139/807/96

vt 1.15673 2.37376
vt 1.13288 2.38861
vt 1.15221 2.37069
vn 0.780319 -0.544302 -0.307958
f 272/808/97 293/809/98 273/810/99

v 600 788.431 -370.176
vt 1.13706 2.35123
vn 0.786926 -0.528597 -0.318326
vt 1.16123 2.33621
vt 1.14212 2.35436
f 294/811/100 273/812/99 293/813/98

vt 1.1305 2.47377
vt 1.1058 2.4879
vt 1.12635 2.47014
vn 0.800853 -0.481168 -0.356528
f 273/814/99 294/815/100 274/816/101

v 600 787.479 -368.64
vt 1.11133 2.45408
vn 0.805919 -0.466678 -0.36429
vt 1.13635 2.43983
vt 1.11598 2.4578
f 295/817/102 274/818/101 294/819/100

vt 1.10743 2.54318
vt 1.08203 2.55674
vt 1.10368 2.53905
vn 0.817755 -0.413107 -0.400773
f 274/820/101 295/821/102 275/822/103

v 600 786.355 -367.229
vt 1.08828 2.52828
vn 0.81598 -0.4242 -0.392723
vt 1.11398 2.51461
vt 1.09248 2.53249
f 296/823/104 275/824/103 295/825/102

vt 1.06868 2.58451
v 600 785.074 -365.963
vt 1.06497 2.57985
vn 0.825395 -0.367539 -0.428531
vt 1.0946 2.57125
f 296/826/104 297/827/105 275/828/103

vt 1.20482 2.57759
v 600 775.231 -338.243
vt 1.10972 2.54051
vt 1.20067 2.57332
f 296/829/4 298/830/4 297/831/4

vt 1.20945 2.58133
f 295/832/4 298/830/4 296/829/4

vt 1.21449 2.58451
f 294/833/4 298/830/4 295/832/4

vt 1.21987 2.58706
f 293/834/4 298/830/4 294/833/4

v 600 777.176 -338.113
vt 1.1093 2.54699
f 293/834/4 299/835/4 298/830/4

v 600 779.087 -337.727
vt 1.10803 2.55336
f 293/834/4 300/836/4 299/835/4

f 139/286/4 300/836/4 293/834/4

f 139/286/4 140/287/4 300/836/4

vt 0.948447 2.41161
vt 0.946676 2.41786
vt 0.920911 2.39952
f 300/837/66 140/838/63 203/839/65

vt 0.913714 2.41765
vt 0.915299 2.41148
vt 0.941094 2.42978
f 204/840/64 203/841/65 140/842/63

vt 0.961787 2.35077
vt 0.95931 2.35678
vt 0.934498 2.33843
f 140/843/63 141/844/62 204/845/64

vt 0.925206 2.3607
vt 0.927418 2.35478
vt 0.952284 2.37304
f 205/846/61 204/847/64 141/848/62

vt 0.973942 2.28241
vt 0.970782 2.28809
vt 0.946998 2.26978
f 141/849/62 142/850/60 205/851/61

vt 0.935996 2.2954
vt 0.938816 2.28981
vt 0.962683 2.30801
f 206/852/21 205/853/61 142/854/60

vt 0.985608 2.20523
vt 0.981798 2.21049
vt 0.959111 2.19221
f 142/855/60 143/856/19 206/857/21

vt 0.946805 2.2201
vt 0.950202 2.21494
vt 0.973006 2.23306
f 207/858/20 206/859/21 143/860/19

vt 0.964822 2.13671
vt 0.990837 2.15004
vt 0.960874 2.14137
f 207/861/20 143/862/19 208/863/18

vt 0.990799 2.11429
vt 0.965277 2.10072
vt 0.995205 2.10951
f 144/864/17 208/865/18 143/866/19

vt 0.978058 2.03926
vt 1.0034 2.05316
vt 0.973614 2.04334
f 208/867/18 144/868/17 209/869/16

vt 1.00324 2.01406
vt 0.978475 1.99988
vt 1.0082 2.00987
f 145/870/15 209/871/16 144/872/17

vt 0.993269 1.92832
vt 1.01775 1.94298
vt 0.988379 1.93174
f 209/873/16 145/874/15 210/875/14

vt 1.01718 1.90438
vt 0.993348 1.8894
vt 1.02264 1.90086
f 146/876/13 210/877/14 145/878/15

vt 1.01081 1.80626
vt 1.03417 1.82197
vt 1.00553 1.80891
f 210/879/14 146/880/13 211/881/12

vt 1.03258 1.78921
vt 1.00995 1.77317
vt 1.03847 1.78648
f 147/882/11 211/883/12 146/884/13

vt 1.02969 1.68181
vt 1.05148 1.69897
vt 1.02409 1.68356
f 211/885/12 147/886/11 212/887/10

vt 1.04798 1.67805
vt 1.02697 1.66058
vt 1.05422 1.67624
f 148/888/9 212/889/10 147/890/11

vt 1.04451 1.57674
vt 1.06394 1.59595
vt 1.0387 1.5774
f 212/891/10 148/892/9 213/893/5

vt 1.05798 1.59009
vt 1.0393 1.57074
vt 1.06444 1.58942
f 149/894/6 213/895/5 148/896/9

vt 1.04264 1.54438
vt 1.06006 1.56487
vt 0.704818 1.56487
vt 0.722919 1.54438
f 213/897/5 149/898/6 150/899/7 214/900/8 

vt 0.704675 1.95968
vt 0.683369 1.97681
vt 0.69956 1.958
f 214/901/8 150/902/7 215/903/95

vt 0.680442 1.9501
vt 0.702118 1.93281
vt 0.686146 1.95181
f 153/904/96 215/905/95 150/906/7

vt 0.684244 2.13334
vt 0.661482 2.14916
vt 0.679399 2.13091
f 215/907/95 153/908/96 216/909/97

vt 0.660438 2.11627
vt 0.683538 2.10027
vt 0.665853 2.11875
f 156/910/98 216/911/97 153/912/96

vt 0.665211 2.26685
vt 0.64136 2.2817
vt 0.66069 2.26378
f 216/913/97 156/914/98 217/915/99

vt 0.64169 2.2475
vt 0.665865 2.23249
vt 0.646753 2.25064
f 159/916/100 217/917/99 156/918/98

vt 0.648243 2.36778
vt 0.623537 2.3819
vt 0.644088 2.36415
f 217/919/99 159/920/100 218/921/101

vt 0.624785 2.34959
vt 0.649806 2.33533
vt 0.629443 2.3533
f 160/922/102 218/923/101 159/924/100

vt 0.633272 2.44272
vt 0.607867 2.45628
vt 0.62952 2.4386
f 218/925/101 160/926/102 219/927/103

vt 0.60969 2.42775
vt 0.635393 2.41408
vt 0.613898 2.43196
f 161/928/104 219/929/103 160/930/102

vt 0.598425 2.48956
vt 0.594715 2.4849
vt 0.624339 2.4763
f 161/931/104 162/932/105 219/933/103

vt 0.618242 2.4935
vn 0.829579 -0.339845 -0.443062
vt 0.621566 2.49806
vt 0.591913 2.50656
f 220/934/106 219/935/103 162/936/105

vt 0.585613 2.53298
vt 0.582428 2.52795
vt 0.612031 2.5201
f 162/937/105 163/938/1 220/939/106

vt 0.606806 2.53012
vt 0.609662 2.53506
vt 0.580041 2.54283
f 221/940/3 220/941/106 163/942/1

vt 0.573812 2.5623
vt 0.57118 2.55696
vt 0.600647 2.54973
f 163/943/1 164/944/2 221/945/3

vt 0.59633 2.55345
vt 0.598691 2.5587
vt 0.569213 2.56588
f 222/946/42 221/947/3 164/948/2

vt 0.562711 2.57916
vt 0.560653 2.57357
vt 0.589883 2.56684
f 164/949/2 165/950/41 222/951/42

vt 0.586488 2.56547
vt 0.588335 2.57098
vt 0.5591 2.57768
f 223/952/43 222/953/42 165/954/41

vt 0.551983 2.58438
vt 0.550514 2.5786
vt 0.579415 2.57226
f 165/955/41 166/956/44 223/957/43

vt 0.576955 2.56725
vt 0.578274 2.57295
vt 0.549371 2.57928
f 224/958/45 223/959/43 166/960/44

vt 0.541268 2.5779
vt 0.540393 2.57201
vt 0.568885 2.56595
f 166/961/44 167/962/46 224/963/45

vt 0.567378 2.559
vt 0.568165 2.56483
vt 0.539672 2.57089
f 225/964/47 224/965/45 167/966/46

vt 0.530138 2.55863
vt 0.529851 2.55268
vt 0.557863 2.54678
f 167/967/46 168/968/48 225/969/47

vt 0.557345 2.53993
vt 0.557604 2.54582
vt 0.529591 2.55172
f 226/970/49 225/971/47 168/972/48

vt 0.524258 0.17829
vt 0.552014 0.190135
vt 0.552014 2.52873
vt 0.524258 2.54051
f 169/973/50 227/974/51 226/975/49 168/976/48 

vt 0.530727 0.163176
vt 0.531026 0.157575
vt 0.558479 0.17503
f 169/977/50 171/978/52 227/979/51

vt 0.557908 0.170785
vt 0.557639 0.17633
vt 0.530185 0.158877
f 228/980/53 227/981/51 171/982/52

vt 0.542776 0.130127
vt 0.543688 0.124592
vt 0.570471 0.1421
f 171/983/52 172/984/54 228/985/53

vt 0.569038 0.139853
vt 0.568221 0.145328
vt 0.541427 0.127836
f 229/986/55 228/987/53 172/988/54

vt 0.554207 0.100023
vt 0.555737 0.0946262
vt 0.581761 0.112171
f 172/989/54 173/990/56 229/991/55

vt 0.579756 0.11121
vt 0.578387 0.11654
vt 0.552335 0.0990367
f 230/992/57 229/993/55 173/994/56

vt 0.565577 0.0722466
vt 0.567717 0.0670614
vt 0.592906 0.0846235
f 173/995/56 174/996/58 230/997/57

vt 0.590551 0.084329
vt 0.588638 0.0894414
vt 0.563399 0.0719509
f 231/998/59 230/999/57 174/1000/58

vt 0.577348 0.0465144
vt 0.580079 0.0416148
vt 0.604365 0.0591822
f 174/1001/58 175/1002/40 231/1003/59

vt 0.601849 0.058983
vt 0.599411 0.0638042
vt 0.575048 0.0463432
f 232/1004/39 231/1005/59 175/1006/40

vt 0.589933 0.0229034
vt 0.593227 0.0183627
vt 0.616545 0.035937
f 175/1007/40 176/1008/37 232/1009/39

vt 0.614056 0.0352801
vt 0.611117 0.0397388
vt 0.587693 0.0223074
f 233/1010/38 232/1011/39 176/1012/37

vt 0.625556 0.0201789
vt 0.599376 0.00684026
vt 0.628969 0.0161584
f 233/1013/38 176/1014/37 234/1015/36

vt 0.606269 -0.00446367
vt 0.632011 0.00909733
vt 0.602458 -0.000347359
f 177/1016/35 234/1017/36 176/1018/37

vt 0.640214 0.00189317
vt 0.61465 -0.0120009
vt 0.644057 -0.00162491
f 234/1019/36 177/1020/35 235/1021/34

vt 0.622331 -0.0212649
vt 0.647384 -0.00710378
vt 0.618039 -0.0176522
f 178/1022/33 235/1023/34 177/1024/35

vt 0.656948 -0.010853
vt 0.63217 -0.0254917
vt 0.661175 -0.0137963
f 235/1025/34 178/1026/33 236/1027/32

vt 0.640362 -0.0316892
vt 0.664556 -0.0167436
vt 0.635641 -0.02866
f 179/1028/31 236/1029/32 178/1030/33

vt 0.67595 -0.0137787
vt 0.652215 -0.0294426
vt 0.680513 -0.016063
f 236/1031/32 179/1032/31 237/1033/30

vt 0.660435 -0.0317795
vt 0.683517 -0.0157893
vt 0.655342 -0.0294276
f 181/1034/29 237/1035/30 179/1036/31

vt 0.696566 0.000908048
vt 0.674301 -0.0162016
vt 0.701404 -0.000604072
f 237/1037/30 181/1038/29 186/1039/28

vt 0.900787 2.4677
vt 0.901733 2.46136
vt 0.92838 2.47967
f 203/1040/65 202/1041/68 300/1042/66

vt 0.93317 2.46609
vt 0.932114 2.47249
vt 0.905479 2.45417
f 299/1043/67 300/1044/66 202/1045/68

vt 0.88561 2.51188
vt 0.885921 2.50546
vt 0.913328 2.52373
f 202/1046/68 201/1047/69 299/1048/67

vt 0.915073 2.51492
vt 0.914726 2.5214
vt 0.88732 2.50313
f 298/1049/70 299/1050/67 201/1051/69

vt 0.877104 0.190135
v 600 66.4924 -338.243
vt 0.90486 0.17829
vt 0.90486 2.54051
vt 0.877104 2.52873
f 200/1052/84 301/1053/83 298/1054/70 201/1055/69 

vt 0.886472 0.211734
vt 0.886202 0.206189
vt 0.914224 0.199882
f 200/1056/84 199/1057/82 301/1058/83

vt 0.914407 0.196373
vt 0.914707 0.201975
vt 0.886685 0.208283
f 239/1059/81 301/1060/83 199/1061/82

vt 1.10972 0.17829
f 239/571/4 240/572/4 301/1062/4

v 600 55.3493 -368.779
vt 1.2099 0.14115
f 301/1062/4 240/572/4 302/1063/4

vt 1.13448 -0.13604
vt 1.15867 -0.121095
vt 1.12976 -0.133011
f 240/1064/31 292/1065/32 302/1066/33

vt 1.17854 -0.111711
vt 1.1548 -0.127375
vt 1.1831 -0.113996
f 292/1067/32 240/1068/31 241/1069/30

vt 1.14855 -0.11475
vt 1.12377 -0.129388
vt 1.15278 -0.117693
f 291/1070/34 302/1071/33 292/1072/32

vt 1.10678 -0.125586
vt 1.13183 -0.111425
v 600 56.2844 -367.357
vt 1.10248 -0.121973
f 302/1073/33 291/1074/34 303/1075/35

vt 1.12217 -0.0999739
vt 1.09661 -0.113868
vt 1.12601 -0.103492
f 290/1076/36 303/1077/35 291/1078/34

vt 1.08205 -0.103444
vt 1.10779 -0.089883
v 600 57.3941 -366.071
vt 1.07824 -0.0993277
f 303/1079/35 290/1080/36 304/1081/37

vt 1.09905 -0.0749235
vt 1.07287 -0.0882622
vt 1.10246 -0.078944
f 289/1082/38 304/1083/37 290/1084/36

vt 1.07884 -0.0515064
vt 1.0759 -0.0470477
vt 1.05248 -0.064479
f 289/1085/38 288/1086/39 304/1087/37

v 600 58.6595 -364.944
vt 1.05885 -0.0658229
vt 1.06214 -0.0703636
vt 1.08546 -0.0527893
f 305/1088/40 304/1089/37 288/1090/39

vt 1.20102 0.147965
vt 1.19732 0.152183
f 301/1062/4 304/1091/4 305/1092/4

vt 1.20524 0.144267
f 301/1062/4 303/1093/4 304/1091/4

f 301/1062/4 302/1063/4 303/1093/4

v 600 60.0589 -363.994
vt 1.19421 0.156847
f 301/1062/4 305/1092/4 306/1094/4

vt 1.03887 -0.0310817
vt 1.0416 -0.0359813
vt 1.06589 -0.018414
f 306/1095/58 305/1096/40 287/1097/59

vt 1.05959 -0.0158317
vt 1.05715 -0.0110105
vt 1.03279 -0.0284715
f 288/1098/39 287/1099/59 305/1100/40

vt 1.04152 0.0230621
vt 1.03961 0.0281746
vt 1.01437 0.0106841
f 287/1101/59 286/1102/57 306/1103/58

v 600 61.5684 -363.238
vt 1.01982 0.00781805
vt 1.02196 0.00263281
vt 1.04715 0.020195
f 307/1104/56 306/1105/58 286/1106/57

vt 1.19173 0.161878
f 301/1062/4 306/1094/4 307/1107/4

v 600 63.1622 -362.688
vt 1.18992 0.16719
f 301/1062/4 307/1107/4 308/1108/4

vt 1.00096 0.0507573
vt 1.00249 0.0453603
vt 1.02852 0.0629047
f 308/1109/54 307/1110/56 285/1111/55

vt 1.02392 0.0649829
vt 1.02255 0.0703134
vt 0.996501 0.05281
f 286/1112/57 285/1113/55 307/1114/56

vt 1.00603 0.110373
vt 1.00521 0.115847
vt 0.978414 0.0983563
f 285/1115/55 284/1116/53 308/1117/54

v 600 64.8129 -362.355
vt 0.981493 0.0982988
vt 0.982405 0.0927638
vt 1.00919 0.110272
f 309/1118/52 308/1119/54 284/1120/53

vt 1.18883 0.172692
f 301/1062/4 308/1108/4 309/1121/4

v 600 66.4924 -362.243
vt 1.18846 0.17829
f 301/1062/4 309/1121/4 310/1122/4

vt 0.96043 0.151659
vt 0.960729 0.146057
vt 0.988182 0.163512
f 310/1123/50 309/1124/52 283/1125/51

vt 0.986964 0.160251
vt 0.986694 0.165796
vt 0.95924 0.148343
f 284/1126/53 283/1127/51 309/1128/52

vt 0.948986 0.17829
vt 0.976741 0.190135
vt 0.976741 2.52873
v 600 775.231 -362.243
vt 0.948986 2.54051
f 310/1129/50 283/1130/51 282/1131/49 311/1132/48 

vt 0.986174 2.54951
vt 0.986433 2.5554
vt 0.958421 2.56129
f 282/1133/49 281/1134/47 311/1135/48

v 600 777.014 -362.351
vt 0.959167 2.56914
vt 0.958879 2.56319
vt 0.986892 2.55729
f 312/1136/46 311/1137/48 281/1138/47

vt 1.18881 2.54646
vt 1.18846 2.54051
f 312/1139/4 298/830/4 311/1140/4

v 600 778.773 -362.672
vt 1.18987 2.55232
f 313/1141/4 298/830/4 312/1139/4

v 600 780.482 -363.203
vt 1.19161 2.55801
f 314/1142/4 298/830/4 313/1141/4

v 600 782.117 -363.936
vt 1.19402 2.56346
f 315/1143/4 298/830/4 314/1142/4

v 600 783.655 -364.86
vt 1.19705 2.56859
f 316/1144/4 298/830/4 315/1143/4

f 297/831/4 298/830/4 316/1144/4

vt 1.04908 2.61823
vt 1.04589 2.6132
vt 1.0755 2.60535
f 297/1145/105 316/1146/1 276/1147/106

vt 1.06848 2.61039
vt 1.07133 2.61533
vt 1.04171 2.6231
f 277/1148/3 276/1149/106 316/1150/1

vt 1.0308 2.63603
vt 1.02817 2.63069
vt 1.05763 2.62347
f 316/1151/1 315/1152/2 277/1153/3

vt 1.05183 2.62224
vt 1.05419 2.62749
vt 1.02471 2.63467
f 278/1154/42 277/1155/3 315/1156/2

vt 1.01328 2.63979
vt 1.01123 2.6342
vt 1.04046 2.62747
f 315/1157/2 314/1158/41 278/1159/42

vt 1.03588 2.6216
vt 1.03773 2.62711
vt 1.00849 2.63381
f 279/1160/43 278/1161/42 314/1162/41

vt 0.995954 2.6303
vt 0.994486 2.62453
vt 1.02339 2.61819
f 314/1163/41 313/1164/44 279/1165/43

vt 1.02005 2.6095
vt 1.02137 2.6152
vt 0.992468 2.62152
f 280/1166/45 279/1167/43 313/1168/44

vt 0.978168 2.60727
vt 0.977293 2.60138
vt 1.00578 2.59532
f 313/1169/44 312/1170/46 280/1171/45

vt 1.00372 2.58587
vt 1.00451 2.5917
vt 0.976018 2.59776
f 281/1172/47 280/1173/45 312/1174/46

vt 1.08641 2.58389
vt 1.08974 2.58845
vt 1.06008 2.59695
f 276/1175/106 275/1176/103 297/1177/105

f 311/1140/4 298/830/4 310/1122/4

f 301/1062/4 310/1122/4 298/830/4

vt 0.903286 0.244188
vt 0.902468 0.238714
vt 0.930987 0.232227
f 199/1178/82 198/1179/80 239/1180/81

vt 0.931398 0.232049
vt 0.932309 0.237585
vt 0.903791 0.244078
f 238/1181/79 239/1182/81 198/1183/80

vt 0.917806 0.271258
vt 0.916434 0.265928
vt 0.945373 0.25914
f 198/1184/80 197/1185/78 238/1186/79

vt 0.191435 1.87768
vt 0.170128 1.89481
vt 0.18632 1.876
f 15/1187/8 11/1188/7 48/1189/95

vt 0.165325 1.87326
vt 0.187001 1.85598
vt 0.171029 1.87498
f 10/1190/96 48/1191/95 11/1192/7

vt 0.18224 2.03293
vt 0.159478 2.04876
vt 0.177396 2.03051
f 48/1193/95 10/1194/96 49/1195/97

vt 0.155377 2.02049
vt 0.178477 2.0045
vt 0.160792 2.02297
f 9/1196/98 49/1197/97 10/1198/96

vt 0.173691 2.15993
vt 0.149841 2.17479
vt 0.16917 2.15687
f 49/1199/97 9/1200/98 50/1201/99

vt 0.146321 2.14377
vt 0.170496 2.12876
vt 0.151383 2.14691
f 8/1202/100 50/1203/99 9/1204/98

vt 0.165983 2.26178
vt 0.141277 2.2759
vt 0.161828 2.25815
f 50/1205/99 8/1206/100 51/1207/101

vt 0.138245 2.2451
vt 0.163265 2.23084
vt 0.142902 2.24881
f 7/1208/102 51/1209/101 8/1210/100

vt 0.159111 2.34227
vt 0.133706 2.35583
vt 0.155358 2.33814
f 51/1211/101 7/1212/102 52/1213/103

vt 0.131105 2.32722
vt 0.156808 2.31355
vt 0.135313 2.33143
f 6/1214/104 52/1215/103 7/1216/102

vt 0.128166 2.39461
vt 0.124456 2.38995
vt 0.15408 2.38135
f 6/1217/104 5/1218/105 52/1219/103

vt 0.150072 2.40311
vt 0.153395 2.40767
vt 0.123743 2.41617
f 53/1220/106 52/1221/103 5/1222/105

vt 0.122146 2.44773
vt 0.118961 2.4427
vt 0.148564 2.43485
f 5/1223/105 1/1224/1 53/1225/106

vt 0.145134 2.44984
vt 0.147989 2.45478
vt 0.118368 2.46256
f 3/1226/3 53/1227/106 1/1228/1

g Mesh2 Group2 Model

v -1.78363e-013 783.655 -496.111
vn -0.828371 -0.31223 0.465095
v -1.79068e-013 782.117 -497.036
vn -0.831497 -0.25392 0.494103
v 4.9272 780.037 -489.549
vn -0.830783 -0.285359 0.477881
f 317/1/107 318/2/108 319/3/109

vn -1 0 7.84095e-016
v -2.12907e-013 830.756 -540
f 317/4/110 320/5/110 318/6/110

v -1.77658e-013 785.074 -495.009
f 321/7/110 320/5/110 317/4/110

v -1.76953e-013 786.355 -493.743
f 322/8/110 320/5/110 321/7/110

v -1.75543e-013 787.479 -492.332
f 323/9/110 320/5/110 322/8/110

v -1.74133e-013 788.431 -490.795
f 324/10/110 320/5/110 323/9/110

v -1.72723e-013 789.196 -489.155
f 325/11/110 320/5/110 324/10/110

v -1.72018e-013 789.766 -487.434
f 326/12/110 320/5/110 325/11/110

v -1.70608e-013 790.13 -485.657
f 327/13/110 320/5/110 326/12/110

v 2.10792e-013 830.756 2.70717e-013
f 320/5/110 327/13/110 328/14/110

v -8.5304e-014 790.13 -377.379
f 328/14/110 327/13/110 329/15/110

v 4.9272 786.448 -382.69
vn -0.623365 -0.781104 -0.0359446
vn -0.616429 -0.786989 -0.0257417
vn -0.667366 -0.737384 0.104345
v 4.9272 786.448 -480.14
vn -0.652874 -0.75305 0.081674
f 330/16/111 329/17/112 327/18/113 331/19/114 

v -8.3894e-014 790.003 -375.404
vn -0.653692 -0.752089 -0.0839579
f 329/20/112 330/21/111 332/22/115

v 4.9272 786.322 -380.912
vn -0.67555 -0.727697 -0.118698
f 333/23/116 332/24/115 330/25/111

v -8.2484e-014 789.623 -373.462
vn -0.706792 -0.685691 -0.173989
f 332/26/115 333/27/116 334/28/117

v 4.9272 785.945 -379.164
vn -0.725087 -0.657346 -0.205294
f 335/29/118 334/30/117 333/31/116

v -8.1074e-014 788.996 -371.587
vn -0.747218 -0.615922 -0.24961
f 334/32/117 335/33/118 336/34/119

v 4.9272 785.325 -377.477
vn -0.761975 -0.585334 -0.277089
f 337/35/120 336/36/119 335/37/118

v -7.96641e-014 788.134 -369.811
vn -0.777453 -0.545685 -0.312721
f 336/38/119 337/39/120 338/40/121

v 4.9272 784.472 -375.879
vn -0.788923 -0.514218 -0.336423
f 339/41/122 338/42/121 337/43/120

v -7.82541e-014 787.051 -368.165
vn -0.799564 -0.476549 -0.365513
f 338/44/121 339/45/122 340/46/123

v 4.9272 783.4 -374.397
vn -0.808087 -0.445185 -0.385753
f 341/47/124 340/48/123 339/49/122

v -7.68441e-014 785.766 -366.676
vn -0.818164 -0.394028 -0.418748
f 340/50/123 341/51/124 342/52/125

v 4.9272 782.127 -373.057
vn -0.819585 -0.382513 -0.426573
f 343/53/126 342/54/125 341/55/124

v 4.9272 780.677 -371.882
vn -0.825668 -0.336576 -0.452758
f 343/56/126 344/57/127 342/58/125

v 4.9272 57.308 -480.14
vn -1 7.33902e-018 7.84095e-016
v 4.9272 57.308 -380.831
v 4.9272 57.417 -379.296
v 4.9272 57.742 -377.787
v 4.9272 58.2776 -376.329
v 4.9272 59.0146 -374.949
v 4.9272 59.9403 -373.67
v 4.9272 61.0389 -372.513
v 4.9272 62.2917 -371.498
v 4.9272 63.6771 -370.643
v 4.9272 65.1715 -369.963
v 4.9272 66.7493 -369.468
v 4.9272 68.3836 -369.168
v 4.9272 70.0462 -369.067
v 4.9272 771.697 -369.067
v 4.9272 773.623 -369.184
v 4.9272 775.515 -369.531
v 4.9272 777.342 -370.104
v 4.9272 779.073 -370.892
v 4.9272 786.087 -481.739
v 4.9272 785.523 -483.288
v 4.9272 784.765 -484.764
v 4.9272 783.823 -486.147
v 4.9272 782.71 -487.417
v 4.9272 781.442 -488.556
v 4.9272 778.514 -490.381
v 4.9272 776.896 -491.04
v 4.9272 775.204 -491.518
v 4.9272 773.463 -491.807
v 4.9272 771.697 -491.904
v 4.9272 70.0462 -491.904
v 4.9272 68.3836 -491.804
v 4.9272 66.7493 -491.504
v 4.9272 65.1715 -491.009
v 4.9272 63.6771 -490.328
v 4.9272 62.2917 -489.473
v 4.9272 61.0389 -488.459
v 4.9272 59.9403 -487.302
v 4.9272 59.0146 -486.022
v 4.9272 58.2776 -484.642
v 4.9272 57.742 -483.185
v 4.9272 57.417 -481.676
f 345/59/128 346/60/128 347/61/128 348/62/128 349/63/128 350/64/128 351/65/128 352/66/128 353/67/128 354/68/128 355/69/128 356/70/128 357/71/128 358/72/128 359/73/128 360/74/128 361/75/128 362/76/128 363/77/128 344/78/128 343/79/128 341/80/128 339/81/128 337/82/128 335/83/128 333/84/128 330/85/128 331/86/128 364/87/128 365/88/128 366/89/128 367/90/128 368/91/128 369/92/128 319/93/128 370/94/128 371/95/128 372/96/128 373/97/128 374/98/128 375/99/128 376/100/128 377/101/128 378/102/128 379/103/128 380/104/128 381/105/128 382/106/128 383/107/128 384/108/128 385/109/128 386/110/128 

vn -0.624193 0.780445 0.0358983
v -1.70608e-013 53.6255 -485.657
vn -0.617067 0.786491 0.0257081
v -8.3894e-014 53.6255 -375.314
vn -0.62416 0.780471 -0.0359019
vn -0.618715 0.78511 -0.0281745
f 345/111/129 387/112/130 388/113/131 346/114/132 

v -1.71313e-013 53.7356 -487.363
vn -0.655423 0.750605 0.0837449
f 387/115/130 345/116/129 389/117/133

vn -0.677679 0.725774 0.118335
f 386/118/134 389/119/133 345/120/129

v -1.72723e-013 54.0639 -489.04
vn -0.70955 0.683017 0.173281
f 389/121/133 386/122/134 390/123/135

vn -0.727866 0.65455 0.204392
f 385/124/136 390/125/135 386/126/134

v -1.74133e-013 54.6049 -490.659
vn -0.750194 0.612812 0.248335
f 390/127/135 385/128/136 391/129/137

vn -0.764762 0.582362 0.27567
f 384/130/138 391/131/137 385/132/136

v -1.75543e-013 55.3493 -492.193
vn -0.78023 0.542695 0.311004
f 391/133/137 384/134/138 392/135/139

vn -0.791414 0.511531 0.334664
f 383/136/140 392/137/139 384/138/138

v -1.76248e-013 56.2844 -493.615
vn -0.801957 0.474008 0.363568
f 392/139/139 383/140/140 393/141/141

vn -0.810166 0.443019 0.383882
f 382/142/142 393/143/141 383/144/140

v -1.77658e-013 57.3941 -494.9
vn -0.819967 0.392254 0.416882
f 393/145/141 382/146/142 394/147/143

vn -0.821393 0.380786 0.424636
f 381/148/144 394/149/143 382/150/142

vn -0.827196 0.335237 0.450958
f 381/151/144 380/152/145 394/153/143

v -1.78363e-013 58.6595 -496.028
vn -0.829724 0.320382 0.45707
f 395/154/146 394/155/143 380/156/145

v -2.12907e-013 13 -540
f 395/157/110 396/158/110 394/159/110

v -1.79068e-013 60.0589 -496.977
f 397/160/110 396/158/110 395/157/110

v -1.79773e-013 61.5684 -497.734
f 398/161/110 396/158/110 397/160/110

v -1.80478e-013 63.1622 -498.283
f 399/162/110 396/158/110 398/161/110

v -1.80478e-013 64.8129 -498.617
f 400/163/110 396/158/110 399/162/110

v -1.80478e-013 66.4924 -498.729
f 401/164/110 396/158/110 400/163/110

f 396/158/110 401/164/110 320/5/110

v -1.80478e-013 775.231 -498.729
f 402/165/110 320/5/110 401/164/110

v -1.80478e-013 777.014 -498.621
f 403/166/110 320/5/110 402/165/110

v -1.80478e-013 778.773 -498.299
f 404/167/110 320/5/110 403/166/110

v -1.79773e-013 780.482 -497.769
f 405/168/110 320/5/110 404/167/110

f 318/6/110 320/5/110 405/168/110

vn -0.830999 -0.195557 0.520766
vn -0.832226 -0.228196 0.505299
f 318/169/108 405/170/147 370/171/148

vn -0.830143 -0.170957 0.530694
f 371/172/149 370/173/148 405/174/147

vn -0.826739 -0.136221 0.545844
f 405/175/147 404/176/150 371/177/149

vn -0.824333 -0.112636 0.554786
f 372/178/151 371/179/149 404/180/150

vn -0.818287 -0.0747914 0.569923
f 404/181/150 403/182/152 372/183/151

vn -0.814293 -0.0520316 0.578117
f 373/184/153 372/185/151 403/186/152

vn -0.807715 -0.0217903 0.589171
f 403/187/152 402/188/154 373/189/153

vn -0.806365 -0.0155723 0.591213
f 374/190/155 373/191/153 402/192/154

vn -0.807169 0.018813 0.590021
vn -0.808256 0.0239791 0.588343
f 401/193/156 375/194/157 374/195/155 402/196/154 

vn -0.816039 0.0602507 0.574848
f 401/197/156 400/198/158 375/199/157

vn -0.8195 0.0809878 0.567328
f 376/200/159 375/201/157 400/202/158

vn -0.826693 0.128224 0.547849
f 400/203/158 399/204/160 376/205/159

vn -0.828082 0.146205 0.541206
f 377/206/161 376/207/159 399/208/160

vn -0.832186 0.193267 0.519726
f 399/209/160 398/210/162 377/211/161

vn -0.832022 0.209423 0.513694
f 378/212/163 377/213/161 398/214/162

vn -0.833135 0.256903 0.489783
f 398/215/162 397/216/164 378/217/163

vn -0.831723 0.272049 0.483969
f 379/218/165 378/219/163 397/220/164

f 397/221/164 395/222/146 379/223/165

f 380/224/145 379/225/165 395/226/146

f 370/227/148 319/228/109 318/229/108

f 394/159/110 396/158/110 393/230/110

f 393/230/110 396/158/110 392/231/110

f 392/231/110 396/158/110 391/232/110

f 391/232/110 396/158/110 390/233/110

f 390/233/110 396/158/110 389/234/110

v 2.10792e-013 13 2.70717e-013
f 389/234/110 396/158/110 406/235/110

f 389/234/110 406/235/110 387/236/110

f 387/236/110 406/235/110 388/237/110

v -8.2484e-014 53.7356 -373.608
f 388/237/110 406/235/110 407/238/110

v -8.1074e-014 54.0639 -371.931
f 407/238/110 406/235/110 408/239/110

v -7.96641e-014 54.6049 -370.312
f 408/239/110 406/235/110 409/240/110

v -7.89591e-014 55.3493 -368.779
f 409/240/110 406/235/110 410/241/110

v -7.75491e-014 56.2844 -367.357
f 410/241/110 406/235/110 411/242/110

v -7.68441e-014 57.3941 -366.071
f 411/242/110 406/235/110 412/243/110

v -4.58245e-014 53.7356 -326.878
f 412/243/110 406/235/110 413/244/110

v -4.44145e-014 53.6255 -325.171
f 413/244/110 406/235/110 414/245/110

v 4.22995e-014 53.6255 -214.829
f 414/245/110 406/235/110 415/246/110

v 4.37095e-014 53.7356 -213.122
f 415/246/110 406/235/110 416/247/110

v 4.44145e-014 54.0639 -211.445
f 416/247/110 406/235/110 417/248/110

v 4.58245e-014 54.6049 -209.826
f 417/248/110 406/235/110 418/249/110

v 4.72344e-014 55.3493 -208.293
f 418/249/110 406/235/110 419/250/110

v 4.86444e-014 56.2844 -206.871
f 419/250/110 406/235/110 420/251/110

v 4.93494e-014 57.3941 -205.586
f 420/251/110 406/235/110 421/252/110

v 5.00544e-014 58.6595 -204.458
f 421/252/110 406/235/110 422/253/110

v 5.07594e-014 60.0589 -203.508
f 422/253/110 406/235/110 423/254/110

v 5.14644e-014 61.5684 -202.752
f 423/254/110 406/235/110 424/255/110

v 7.89591e-014 54.0639 -168.069
f 424/255/110 406/235/110 425/256/110

v 8.0369e-014 53.7356 -166.392
f 425/256/110 406/235/110 426/257/110

v 8.1074e-014 53.6255 -164.686
f 426/257/110 406/235/110 427/258/110

v 1.67788e-013 53.6255 -54.3427
f 427/258/110 406/235/110 428/259/110

v 1.69198e-013 53.7356 -52.6366
f 428/259/110 406/235/110 429/260/110

v 1.70608e-013 54.0639 -50.9596
f 429/260/110 406/235/110 430/261/110

v 1.72018e-013 54.6049 -49.3405
f 430/261/110 406/235/110 431/262/110

v 1.72723e-013 55.3493 -47.807
f 431/262/110 406/235/110 432/263/110

v 1.74133e-013 56.2844 -46.3854
f 432/263/110 406/235/110 433/264/110

v 1.74838e-013 57.3941 -45.0998
f 433/264/110 406/235/110 434/265/110

v 1.76248e-013 58.6595 -43.9725
f 434/265/110 406/235/110 435/266/110

v 1.76953e-013 60.0589 -43.0226
f 435/266/110 406/235/110 436/267/110

v 1.77658e-013 61.5684 -42.2663
f 436/267/110 406/235/110 437/268/110

v 1.77658e-013 63.1622 -41.7167
f 437/268/110 406/235/110 438/269/110

v 1.78363e-013 64.8129 -41.3831
f 438/269/110 406/235/110 439/270/110

v 1.78363e-013 66.4924 -41.2713
f 439/270/110 406/235/110 440/271/110

v 1.78363e-013 775.231 -41.2713
f 440/271/110 406/235/110 441/272/110

f 328/14/110 441/272/110 406/235/110

v 1.78363e-013 777.176 -41.4008
f 328/14/110 442/273/110 441/272/110

v 1.77658e-013 779.087 -41.7871
f 328/14/110 443/274/110 442/273/110

v 1.76953e-013 780.933 -42.4235
f 328/14/110 444/275/110 443/274/110

v 1.76248e-013 782.681 -43.2992
f 328/14/110 445/276/110 444/275/110

v 1.75543e-013 784.301 -44.3992
f 328/14/110 446/277/110 445/276/110

v 1.74838e-013 785.766 -45.7047
f 328/14/110 447/278/110 446/277/110

v 1.73428e-013 787.051 -47.1933
f 328/14/110 448/279/110 447/278/110

v 1.72018e-013 788.134 -48.8395
f 328/14/110 449/280/110 448/279/110

v 1.70608e-013 788.996 -50.6153
f 328/14/110 450/281/110 449/280/110

v 1.69198e-013 789.623 -52.4902
f 328/14/110 451/282/110 450/281/110

v 1.67788e-013 790.003 -54.4321
f 328/14/110 452/283/110 451/282/110

v 1.66378e-013 790.13 -56.4078
f 328/14/110 453/284/110 452/283/110

v 8.1074e-014 790.13 -164.686
f 328/14/110 454/285/110 453/284/110

v 7.96641e-014 789.766 -166.463
f 328/14/110 455/286/110 454/285/110

v 5.14644e-014 780.933 -202.909
f 328/14/110 456/287/110 455/286/110

v 5.07594e-014 782.681 -203.785
f 328/14/110 457/288/110 456/287/110

v 5.00544e-014 784.301 -204.885
f 328/14/110 458/289/110 457/288/110

v 4.86444e-014 785.766 -206.19
f 328/14/110 459/290/110 458/289/110

v 4.79394e-014 787.051 -207.679
f 328/14/110 460/291/110 459/290/110

v 4.65294e-014 788.134 -209.325
f 328/14/110 461/292/110 460/291/110

v 4.51195e-014 788.996 -211.101
f 328/14/110 462/293/110 461/292/110

v 4.37095e-014 789.623 -212.976
f 328/14/110 463/294/110 462/293/110

v 4.22995e-014 790.003 -214.918
f 328/14/110 464/295/110 463/294/110

v 4.01845e-014 790.13 -216.894
f 328/14/110 465/296/110 464/295/110

v -4.44145e-014 790.13 -325.171
f 328/14/110 466/297/110 465/296/110

f 328/14/110 342/298/110 466/297/110

f 328/14/110 340/299/110 342/298/110

f 328/14/110 338/300/110 340/299/110

f 328/14/110 336/301/110 338/300/110

f 328/14/110 334/302/110 336/301/110

f 328/14/110 332/303/110 334/302/110

f 328/14/110 329/15/110 332/303/110

v -7.61391e-014 784.301 -365.371
f 466/297/110 342/298/110 467/304/110

vn -0.828487 -0.321436 -0.458572
f 467/305/166 342/306/125 344/307/127

vn -0.830599 -0.272876 -0.485432
f 344/308/127 363/309/167 467/310/166

v -7.54341e-014 782.681 -364.271
vn -0.832259 -0.257518 -0.490947
f 468/311/168 467/312/166 363/313/167

f 466/297/110 467/304/110 468/314/110

v -4.58245e-014 789.766 -326.949
f 466/297/110 468/314/110 469/315/110

v -7.47291e-014 780.933 -363.395
f 469/315/110 468/314/110 470/316/110

vn -0.831621 -0.193567 -0.520518
vn -0.831253 -0.209864 -0.514757
f 470/317/169 468/318/168 362/319/170

f 363/320/167 362/321/170 468/322/168

vn -0.827618 -0.14639 -0.541866
f 362/323/170 361/324/171 470/325/169

v -7.40241e-014 779.087 -362.759
vn -0.826383 -0.128334 -0.54829
f 471/326/172 470/327/169 361/328/171

f 469/315/110 470/316/110 471/329/110

v -4.72344e-014 789.196 -328.669
f 469/315/110 471/329/110 472/330/110

v -7.33191e-014 777.176 -362.372
f 472/330/110 471/329/110 473/331/110

vn -0.815921 -0.0602728 -0.575013
vn -0.819282 -0.081038 -0.567635
f 473/332/173 471/333/172 360/334/174

f 361/335/171 360/336/174 471/337/172

vn -0.8082 -0.0239838 -0.588419
f 360/338/174 359/339/175 473/340/173

v -7.33191e-014 775.231 -362.243
vn -0.807142 -0.0188154 -0.590058
f 474/341/176 473/342/173 359/343/175

f 472/330/110 473/331/110 474/344/110

v -4.86444e-014 788.431 -330.309
f 472/330/110 474/344/110 475/345/110

v -4.93494e-014 787.479 -331.846
f 475/345/110 474/344/110 476/346/110

v -5.07594e-014 786.355 -333.257
f 476/346/110 474/344/110 477/347/110

v -5.14644e-014 785.074 -334.523
f 477/347/110 474/344/110 478/348/110

v -5.28744e-014 783.655 -335.626
f 478/348/110 474/344/110 479/349/110

v -5.35794e-014 782.117 -336.55
f 479/349/110 474/344/110 480/350/110

v -5.42844e-014 780.482 -337.283
f 480/350/110 474/344/110 481/351/110

v -5.42844e-014 778.773 -337.814
f 481/351/110 474/344/110 482/352/110

v -5.42844e-014 777.014 -338.135
f 482/352/110 474/344/110 483/353/110

v -5.49893e-014 775.231 -338.243
f 483/353/110 474/344/110 484/354/110

v -5.49893e-014 66.4924 -338.243
f 484/354/110 474/344/110 485/355/110

v -7.33191e-014 66.4924 -362.243
f 486/356/110 485/355/110 474/344/110

v -5.42844e-014 64.8129 -338.131
f 486/356/110 487/357/110 485/355/110

v -5.42844e-014 63.1622 -337.797
f 486/356/110 488/358/110 487/357/110

v -5.35794e-014 61.5684 -337.248
f 486/356/110 489/359/110 488/358/110

v -5.35794e-014 60.0589 -336.492
f 486/356/110 490/360/110 489/359/110

v -5.28744e-014 58.6595 -335.542
f 486/356/110 491/361/110 490/360/110

v -5.14644e-014 57.3941 -334.414
f 486/356/110 492/362/110 491/361/110

v -5.07594e-014 56.2844 -333.129
f 486/356/110 493/363/110 492/362/110

v -4.93494e-014 55.3493 -331.707
f 486/356/110 494/364/110 493/363/110

v -4.86444e-014 54.6049 -330.174
f 486/356/110 495/365/110 494/364/110

v -7.33191e-014 64.8129 -362.355
f 496/366/110 495/365/110 486/356/110

v -4.72344e-014 54.0639 -328.555
f 496/366/110 497/367/110 495/365/110

v -7.40241e-014 63.1622 -362.688
f 498/368/110 497/367/110 496/366/110

v -7.40241e-014 61.5684 -363.238
f 499/369/110 497/367/110 498/368/110

v -7.47291e-014 60.0589 -363.994
f 500/370/110 497/367/110 499/369/110

f 500/370/110 413/244/110 497/367/110

v -7.54341e-014 58.6595 -364.944
f 501/371/110 413/244/110 500/370/110

f 412/243/110 413/244/110 501/371/110

vn -0.81847 0.403371 -0.409145
vn -0.826762 0.34201 -0.446648
vn -0.819959 0.392264 -0.416888
f 412/372/177 501/373/178 352/374/179

vn -0.830095 0.312841 -0.461598
f 353/375/180 352/376/179 501/377/178

vn -0.831733 0.277939 -0.480594
f 501/378/178 500/379/181 353/380/180

vn -0.833025 0.249974 -0.493541
f 354/381/182 353/382/180 500/383/181

vn -0.832316 0.214076 -0.511294
f 500/384/181 499/385/183 354/386/182

vn -0.831721 0.187297 -0.522647
f 355/387/184 354/388/182 499/389/183

vn -0.828462 0.149271 -0.539786
f 499/390/183 498/391/185 355/392/184

vn -0.82604 0.123539 -0.549905
f 356/393/186 355/394/184 498/395/185

vn -0.819709 0.0821078 -0.566864
f 498/396/185 496/397/187 356/398/186

vn -0.815417 0.0571777 -0.576043
f 357/399/188 356/400/186 496/401/187

vn -0.808258 0.0239801 -0.588341
f 496/402/187 486/403/189 357/404/188

vn -0.806766 0.0171388 -0.590622
f 358/405/190 357/406/188 486/407/189

f 358/408/190 486/409/189 474/410/176 359/411/175 

vn -0.808646 0.450548 -0.378285
f 412/412/177 352/413/179 411/414/191

vn -0.803588 0.466668 -0.369414
f 351/415/192 411/416/191 352/417/179

vn -0.789386 0.518297 -0.328995
f 411/418/191 351/419/192 410/420/193

vn -0.78249 0.535771 -0.317267
f 350/421/194 410/422/193 351/423/192

vn -0.762465 0.587782 -0.270479
f 410/424/193 350/425/194 409/426/195

vn -0.752958 0.606826 -0.25459
f 349/427/196 409/428/195 350/429/194

vn -0.725792 0.658054 -0.200478
f 409/430/195 349/431/196 408/432/197

vn -0.712503 0.678479 -0.178902
f 348/433/198 408/434/197 349/435/196

vn -0.676662 0.726979 -0.116745
f 408/436/197 348/437/198 407/438/199

vn -0.657977 0.747892 -0.0878847
f 347/439/200 407/440/199 348/441/198

f 407/442/199 347/443/200 388/444/131

f 346/445/132 388/446/131 347/447/200

v 4.9272 57.417 -321.19
f 413/448/133 502/449/134 497/450/135

v 4.9272 57.308 -319.654
f 502/451/134 413/452/133 503/453/129

f 414/454/130 503/455/129 413/456/133

v 4.9272 57.308 -220.346
f 503/457/129 414/458/130 415/459/131 504/460/132 

v 4.9272 57.417 -218.81
f 504/461/132 415/462/131 505/463/200

f 416/464/199 505/465/200 415/466/131

v 4.9272 57.742 -217.301
f 505/467/200 416/468/199 506/469/198

f 417/470/197 506/471/198 416/472/199

v 4.9272 58.2776 -215.844
f 506/473/198 417/474/197 507/475/196

f 418/476/195 507/477/196 417/478/197

v 4.9272 59.0146 -214.464
f 507/479/196 418/480/195 508/481/194

f 419/482/193 508/483/194 418/484/195

v 4.9272 59.9403 -213.184
f 508/485/194 419/486/193 509/487/192

f 420/488/191 509/489/192 419/490/193

v 4.9272 61.0389 -212.027
f 509/491/192 420/492/191 510/493/179

f 421/494/177 510/495/179 420/496/191

f 421/497/177 422/498/178 510/499/179

v 4.9272 62.2917 -211.012
f 511/500/180 510/501/179 422/502/178

v 4.9272 63.6771 -210.158
v 4.9272 65.1715 -209.477
v 4.9272 66.7493 -208.982
v 4.9272 68.3836 -208.682
v 4.9272 70.0462 -208.581
v 4.9272 771.697 -208.581
v 4.9272 773.623 -208.698
v 4.9272 775.515 -209.046
v 4.9272 777.342 -209.618
v 4.9272 779.073 -210.407
v 4.9272 780.677 -211.396
v 4.9272 782.127 -212.571
v 4.9272 783.4 -213.911
v 4.9272 784.472 -215.393
v 4.9272 785.325 -216.991
v 4.9272 785.945 -218.678
v 4.9272 786.322 -220.426
v 4.9272 786.448 -222.204
v 4.9272 786.448 -319.654
v 4.9272 786.087 -321.254
v 4.9272 785.523 -322.802
v 4.9272 784.765 -324.278
v 4.9272 783.823 -325.661
v 4.9272 782.71 -326.931
v 4.9272 781.442 -328.07
v 4.9272 780.037 -329.063
v 4.9272 778.514 -329.895
v 4.9272 776.896 -330.554
v 4.9272 775.204 -331.032
v 4.9272 773.463 -331.322
v 4.9272 771.697 -331.419
v 4.9272 70.0462 -331.419
v 4.9272 68.3836 -331.318
v 4.9272 66.7493 -331.018
v 4.9272 65.1715 -330.523
v 4.9272 63.6771 -329.842
v 4.9272 62.2917 -328.988
v 4.9272 61.0389 -327.973
v 4.9272 59.9403 -326.816
v 4.9272 59.0146 -325.536
v 4.9272 58.2776 -324.156
v 4.9272 57.742 -322.699
f 503/503/128 504/504/128 505/505/128 506/506/128 507/507/128 508/508/128 509/509/128 510/510/128 511/511/128 512/512/128 513/513/128 514/514/128 515/515/128 516/516/128 517/517/128 518/518/128 519/519/128 520/520/128 521/521/128 522/522/128 523/523/128 524/524/128 525/525/128 526/526/128 527/527/128 528/528/128 529/529/128 530/530/128 531/531/128 532/532/128 533/533/128 534/534/128 535/535/128 536/536/128 537/537/128 538/538/128 539/539/128 540/540/128 541/541/128 542/542/128 543/543/128 544/544/128 545/545/128 546/546/128 547/547/128 548/548/128 549/549/128 550/550/128 551/551/128 552/552/128 553/553/128 502/554/128 

f 512/555/182 511/556/180 423/557/181

f 422/558/178 423/559/181 511/560/180

f 423/561/181 424/562/183 512/563/182

f 513/564/184 512/565/182 424/566/183

v 5.21694e-014 63.1622 -202.203
f 424/567/183 554/568/185 513/569/184

f 424/255/110 425/256/110 554/570/110

v 5.21694e-014 64.8129 -201.869
f 554/570/110 425/256/110 555/571/110

v 7.75491e-014 54.6049 -169.688
f 555/571/110 425/256/110 556/572/110

v 4.9272 57.742 -162.213
f 425/573/135 557/574/136 556/575/137

v 4.9272 57.417 -160.704
f 557/576/136 425/577/135 558/578/134

f 426/579/133 558/580/134 425/581/135

v 4.9272 57.308 -159.169
f 558/582/134 426/583/133 559/584/129

f 427/585/130 559/586/129 426/587/133

v 4.9272 57.308 -59.8599
f 559/588/129 427/589/130 428/590/131 560/591/132 

v 4.9272 57.417 -58.3243
f 560/592/132 428/593/131 561/594/200

f 429/595/199 561/596/200 428/597/131

v 4.9272 57.742 -56.8151
f 561/598/200 429/599/199 562/600/198

f 430/601/197 562/602/198 429/603/199

v 4.9272 58.2776 -55.3579
f 562/604/198 430/605/197 563/606/196

f 431/607/195 563/608/196 430/609/197

v 4.9272 59.0146 -53.9777
f 563/610/196 431/611/195 564/612/194

f 432/613/193 564/614/194 431/615/195

v 4.9272 59.9403 -52.6982
f 564/616/194 432/617/193 565/618/192

f 433/619/191 565/620/192 432/621/193

v 4.9272 61.0389 -51.5413
f 565/622/192 433/623/191 566/624/179

f 434/625/177 566/626/179 433/627/191

f 434/628/177 435/629/178 566/630/179

v 4.9272 62.2917 -50.5267
f 567/631/180 566/632/179 435/633/178

v 4.9272 63.6771 -49.6717
v 4.9272 65.1715 -48.9911
v 4.9272 66.7493 -48.4965
v 4.9272 68.3836 -48.1962
v 4.9272 70.0462 -48.0956
v 4.9272 771.697 -48.0956
v 4.9272 773.623 -48.2121
v 4.9272 775.515 -48.5598
v 4.9272 777.342 -49.1326
v 4.9272 779.073 -49.9207
v 4.9272 780.677 -50.9107
v 4.9272 782.127 -52.0856
v 4.9272 783.4 -53.4254
v 4.9272 784.472 -54.907
v 4.9272 785.325 -56.5052
v 4.9272 785.945 -58.1926
v 4.9272 786.322 -59.9403
v 4.9272 786.448 -61.7184
v 4.9272 786.448 -159.169
v 4.9272 786.087 -160.768
v 4.9272 785.523 -162.317
v 4.9272 784.765 -163.793
v 4.9272 783.823 -165.175
v 4.9272 782.71 -166.445
v 4.9272 781.442 -167.585
v 4.9272 780.037 -168.577
v 4.9272 778.514 -169.409
v 4.9272 776.896 -170.069
v 4.9272 775.204 -170.546
v 4.9272 773.463 -170.836
v 4.9272 771.697 -170.933
v 4.9272 70.0462 -170.933
v 4.9272 68.3836 -170.832
v 4.9272 66.7493 -170.532
v 4.9272 65.1715 -170.037
v 4.9272 63.6771 -169.357
v 4.9272 62.2917 -168.502
v 4.9272 61.0389 -167.487
v 4.9272 59.9403 -166.33
v 4.9272 59.0146 -165.051
v 4.9272 58.2776 -163.671
f 559/634/128 560/635/128 561/636/128 562/637/128 563/638/128 564/639/128 565/640/128 566/641/128 567/642/128 568/643/128 569/644/128 570/645/128 571/646/128 572/647/128 573/648/128 574/649/128 575/650/128 576/651/128 577/652/128 578/653/128 579/654/128 580/655/128 581/656/128 582/657/128 583/658/128 584/659/128 585/660/128 586/661/128 587/662/128 588/663/128 589/664/128 590/665/128 591/666/128 592/667/128 593/668/128 594/669/128 595/670/128 596/671/128 597/672/128 598/673/128 599/674/128 600/675/128 601/676/128 602/677/128 603/678/128 604/679/128 605/680/128 606/681/128 607/682/128 608/683/128 557/684/128 558/685/128 

f 568/686/182 567/687/180 436/688/181

f 435/689/178 436/690/181 567/691/180

f 436/692/181 437/693/183 568/694/182

f 569/695/184 568/696/182 437/697/183

f 437/698/183 438/699/185 569/700/184

f 570/701/186 569/702/184 438/703/185

f 438/704/185 439/705/187 570/706/186

f 571/707/188 570/708/186 439/709/187

f 439/710/187 440/711/189 571/712/188

f 572/713/190 571/714/188 440/715/189

f 572/716/190 440/717/189 441/718/176 573/719/175 

f 441/720/176 442/721/173 573/722/175

f 574/723/174 573/724/175 442/725/173

f 442/726/173 443/727/172 574/728/174

f 575/729/171 574/730/174 443/731/172

f 443/732/172 444/733/169 575/734/171

f 576/735/170 575/736/171 444/737/169

f 444/738/169 445/739/168 576/740/170

f 577/741/167 576/742/170 445/743/168

f 445/744/168 446/745/166 577/746/167

f 578/747/127 577/748/167 446/749/166

f 446/750/166 447/751/125 578/752/127

f 579/753/126 578/754/127 447/755/125

f 579/756/126 447/757/125 580/758/124

f 448/759/123 580/760/124 447/761/125

f 580/762/124 448/763/123 581/764/122

f 449/765/121 581/766/122 448/767/123

f 581/768/122 449/769/121 582/770/120

f 450/771/119 582/772/120 449/773/121

f 582/774/120 450/775/119 583/776/118

f 451/777/117 583/778/118 450/779/119

f 583/780/118 451/781/117 584/782/116

f 452/783/115 584/784/116 451/785/117

f 584/786/116 452/787/115 585/788/111

f 453/789/112 585/790/111 452/791/115

f 585/792/111 453/793/112 454/794/113 586/795/114 

vn -0.71148 -0.678425 0.183129
f 586/796/114 454/797/113 587/798/201

vn -0.723269 -0.660306 0.202183
f 455/799/202 587/800/201 454/801/113

vn -0.748008 -0.613829 0.252384
f 587/802/201 455/803/202 588/804/203

v 7.89591e-014 789.196 -168.183
vn -0.756832 -0.596778 0.266574
f 609/805/204 588/806/203 455/807/202

vn -0.775815 -0.549157 0.310705
f 588/808/203 609/809/204 589/810/205

v 7.75491e-014 788.431 -169.824
vn -0.782504 -0.533394 0.321215
f 610/811/206 589/812/205 609/813/204

vn -0.796611 -0.485692 0.35988
f 589/814/205 610/815/206 590/816/207

v 7.61391e-014 787.479 -171.36
vn -0.801747 -0.471122 0.367759
f 611/817/208 590/818/207 610/819/206

vn -0.813752 -0.417159 0.404705
f 590/820/207 611/821/208 591/822/209

v 7.47291e-014 786.355 -172.771
vn -0.811951 -0.428343 0.396558
f 612/823/210 591/824/209 611/825/208

v 7.40241e-014 785.074 -174.037
vn -0.821507 -0.371212 0.432814
f 612/826/210 613/827/211 591/828/209

v 5.21694e-014 775.231 -201.757
f 612/829/110 614/830/110 613/831/110

f 611/832/110 614/830/110 612/829/110

f 610/833/110 614/830/110 611/832/110

f 609/834/110 614/830/110 610/833/110

v 5.21694e-014 777.176 -201.887
f 609/834/110 615/835/110 614/830/110

v 5.21694e-014 779.087 -202.273
f 609/834/110 616/836/110 615/835/110

f 455/286/110 616/836/110 609/834/110

f 455/286/110 456/287/110 616/836/110

f 616/837/172 456/838/169 519/839/171

f 520/840/170 519/841/171 456/842/169

f 456/843/169 457/844/168 520/845/170

f 521/846/167 520/847/170 457/848/168

f 457/849/168 458/850/166 521/851/167

f 522/852/127 521/853/167 458/854/166

f 458/855/166 459/856/125 522/857/127

f 523/858/126 522/859/127 459/860/125

f 523/861/126 459/862/125 524/863/124

f 460/864/123 524/865/124 459/866/125

f 524/867/124 460/868/123 525/869/122

f 461/870/121 525/871/122 460/872/123

f 525/873/122 461/874/121 526/875/120

f 462/876/119 526/877/120 461/878/121

f 526/879/120 462/880/119 527/881/118

f 463/882/117 527/883/118 462/884/119

f 527/885/118 463/886/117 528/887/116

f 464/888/115 528/889/116 463/890/117

f 528/891/116 464/892/115 529/893/111

f 465/894/112 529/895/111 464/896/115

f 529/897/111 465/898/112 466/899/113 530/900/114 

f 530/901/114 466/902/113 531/903/201

f 469/904/202 531/905/201 466/906/113

f 531/907/201 469/908/202 532/909/203

f 472/910/204 532/911/203 469/912/202

f 532/913/203 472/914/204 533/915/205

f 475/916/206 533/917/205 472/918/204

f 533/919/205 475/920/206 534/921/207

f 476/922/208 534/923/207 475/924/206

f 534/925/207 476/926/208 535/927/209

f 477/928/210 535/929/209 476/930/208

f 477/931/210 478/932/211 535/933/209

vn -0.825755 -0.343277 0.447537
f 536/934/212 535/935/209 478/936/211

f 478/937/211 479/938/107 536/939/212

f 537/940/109 536/941/212 479/942/107

f 479/943/107 480/944/108 537/945/109

f 538/946/148 537/947/109 480/948/108

f 480/949/108 481/950/147 538/951/148

f 539/952/149 538/953/148 481/954/147

f 481/955/147 482/956/150 539/957/149

f 540/958/151 539/959/149 482/960/150

f 482/961/150 483/962/152 540/963/151

f 541/964/153 540/965/151 483/966/152

f 483/967/152 484/968/154 541/969/153

f 542/970/155 541/971/153 484/972/154

f 485/973/156 543/974/157 542/975/155 484/976/154 

f 485/977/156 487/978/158 543/979/157

f 544/980/159 543/981/157 487/982/158

f 487/983/158 488/984/160 544/985/159

f 545/986/161 544/987/159 488/988/160

f 488/989/160 489/990/162 545/991/161

f 546/992/163 545/993/161 489/994/162

f 489/995/162 490/996/164 546/997/163

f 547/998/165 546/999/163 490/1000/164

f 490/1001/164 491/1002/146 547/1003/165

f 548/1004/145 547/1005/165 491/1006/146

f 491/1007/146 492/1008/143 548/1009/145

f 549/1010/144 548/1011/145 492/1012/143

f 549/1013/144 492/1014/143 550/1015/142

f 493/1016/141 550/1017/142 492/1018/143

f 550/1019/142 493/1020/141 551/1021/140

f 494/1022/139 551/1023/140 493/1024/141

f 551/1025/140 494/1026/139 552/1027/138

f 495/1028/137 552/1029/138 494/1030/139

f 552/1031/138 495/1032/137 553/1033/136

f 497/1034/135 553/1035/136 495/1036/137

f 553/1037/136 497/1038/135 502/1039/134

f 519/1040/171 518/1041/174 616/1042/172

f 615/1043/173 616/1044/172 518/1045/174

f 518/1046/174 517/1047/175 615/1048/173

f 614/1049/176 615/1050/173 517/1051/175

v 5.21694e-014 66.4924 -201.757
f 516/1052/190 617/1053/189 614/1054/176 517/1055/175 

f 516/1056/190 515/1057/188 617/1058/189

f 555/1059/187 617/1060/189 515/1061/188

f 555/571/110 556/572/110 617/1062/110

v 7.61391e-014 55.3493 -171.221
f 617/1062/110 556/572/110 618/1063/110

f 556/1064/137 608/1065/138 618/1066/139

f 608/1067/138 556/1068/137 557/1069/136

f 607/1070/140 618/1071/139 608/1072/138

v 7.54341e-014 56.2844 -172.643
f 618/1073/139 607/1074/140 619/1075/141

f 606/1076/142 619/1077/141 607/1078/140

v 7.40241e-014 57.3941 -173.929
f 619/1079/141 606/1080/142 620/1081/143

f 605/1082/144 620/1083/143 606/1084/142

f 605/1085/144 604/1086/145 620/1087/143

v 7.33191e-014 58.6595 -175.056
f 621/1088/146 620/1089/143 604/1090/145

f 617/1062/110 620/1091/110 621/1092/110

f 617/1062/110 619/1093/110 620/1091/110

f 617/1062/110 618/1063/110 619/1093/110

v 7.26141e-014 60.0589 -176.006
f 617/1062/110 621/1092/110 622/1094/110

f 622/1095/164 621/1096/146 603/1097/165

f 604/1098/145 603/1099/165 621/1100/146

f 603/1101/165 602/1102/163 622/1103/164

v 7.19091e-014 61.5684 -176.762
f 623/1104/162 622/1105/164 602/1106/163

f 617/1062/110 622/1094/110 623/1107/110

v 7.12042e-014 63.1622 -177.312
f 617/1062/110 623/1107/110 624/1108/110

f 624/1109/160 623/1110/162 601/1111/161

f 602/1112/163 601/1113/161 623/1114/162

f 601/1115/161 600/1116/159 624/1117/160

v 7.12042e-014 64.8129 -177.645
f 625/1118/158 624/1119/160 600/1120/159

f 617/1062/110 624/1108/110 625/1121/110

v 7.12042e-014 66.4924 -177.757
f 617/1062/110 625/1121/110 626/1122/110

f 626/1123/156 625/1124/158 599/1125/157

f 600/1126/159 599/1127/157 625/1128/158

v 7.12042e-014 775.231 -177.757
f 626/1129/156 599/1130/157 598/1131/155 627/1132/154 

f 598/1133/155 597/1134/153 627/1135/154

v 7.12042e-014 777.014 -177.649
f 628/1136/152 627/1137/154 597/1138/153

f 628/1139/110 614/830/110 627/1140/110

v 7.12042e-014 778.773 -177.328
f 629/1141/110 614/830/110 628/1139/110

v 7.19091e-014 780.482 -176.797
f 630/1142/110 614/830/110 629/1141/110

v 7.26141e-014 782.117 -176.064
f 631/1143/110 614/830/110 630/1142/110

v 7.33191e-014 783.655 -175.14
f 632/1144/110 614/830/110 631/1143/110

f 613/831/110 614/830/110 632/1144/110

f 613/1145/211 632/1146/107 592/1147/212

f 593/1148/109 592/1149/212 632/1150/107

f 632/1151/107 631/1152/108 593/1153/109

f 594/1154/148 593/1155/109 631/1156/108

f 631/1157/108 630/1158/147 594/1159/148

f 595/1160/149 594/1161/148 630/1162/147

f 630/1163/147 629/1164/150 595/1165/149

f 596/1166/151 595/1167/149 629/1168/150

f 629/1169/150 628/1170/152 596/1171/151

f 597/1172/153 596/1173/151 628/1174/152

f 592/1175/212 591/1176/209 613/1177/211

f 627/1140/110 614/830/110 626/1122/110

f 617/1062/110 626/1122/110 614/830/110

f 515/1178/188 514/1179/186 555/1180/187

f 554/1181/185 555/1182/187 514/1183/186

f 514/1184/186 513/1185/184 554/1186/185

f 331/1187/114 327/1188/113 364/1189/201

f 326/1190/202 364/1191/201 327/1192/113

f 364/1193/201 326/1194/202 365/1195/203

f 325/1196/204 365/1197/203 326/1198/202

f 365/1199/203 325/1200/204 366/1201/205

f 324/1202/206 366/1203/205 325/1204/204

f 366/1205/205 324/1206/206 367/1207/207

f 323/1208/208 367/1209/207 324/1210/206

f 367/1211/207 323/1212/208 368/1213/209

f 322/1214/210 368/1215/209 323/1216/208

f 322/1217/210 321/1218/211 368/1219/209

f 369/1220/212 368/1221/209 321/1222/211

f 321/1223/211 317/1224/107 369/1225/212

f 319/1226/109 369/1227/212 317/1228/107

g Mesh3 Group3 Model

usemtl Color_M08
v 9.63674 13 -12.2569
vt 0.555608 0
vn -0.866025 0 0.5
v 8.43794 13 -15.151
vt 0.67894 0
vn -0.965926 0 0.258819
v 8.43794 2.81997e-015 -15.151
vt 0.67894 0.511811
v 9.63674 2.81997e-015 -12.2569
vt 0.555608 0.511811
f 633/1229/213 634/1230/214 635/1231/214 636/1232/213 

vt 0.468399 0
v 8.02905 13 -18.2569
vt 0.591731 0
vn -1 0 -2.09963e-016
v 8.02905 2.81997e-015 -18.2569
vt 0.591731 0.511811
vt 0.468399 0.511811
f 634/1233/214 637/1234/215 638/1235/215 635/1236/214 

vt 0.345067 0
v 8.43794 13 -21.3627
vn -0.965926 0 -0.258819
v 8.43794 2.81997e-015 -21.3627
vt 0.345067 0.511811
f 637/1237/215 639/1233/216 640/1236/216 638/1238/215 

vt 0.194017 0
v 9.63674 13 -24.2569
vt 0.317349 0
vn -0.866025 0 -0.5
v 9.63674 2.81997e-015 -24.2569
vt 0.317349 0.511811
vt 0.194017 0.511811
f 639/1239/216 641/1240/217 642/1241/217 640/1242/216 

vt 0.0255429 0
v 11.5438 13 -26.7421
vt 0.148875 0
vn -0.707107 0 -0.707107
v 11.5438 2.81997e-015 -26.7421
vt 0.148875 0.511811
vt 0.0255429 0.511811
f 641/1243/217 643/1244/218 644/1245/218 642/1246/217 

vt -0.148875 0
v 14.029 13 -28.6492
vt -0.0255429 0
vn -0.5 0 -0.866025
v 14.029 2.81997e-015 -28.6492
vt -0.0255429 0.511811
vt -0.148875 0.511811
f 643/1247/218 645/1248/219 646/1249/219 644/1250/218 

vt -0.317349 0
v 16.9232 13 -29.848
vt -0.194017 0
vn -0.258819 0 -0.965926
v 16.9232 2.81997e-015 -29.848
vt -0.194017 0.511811
vt -0.317349 0.511811
f 645/1251/219 647/1252/220 648/1253/220 646/1254/219 

vt -0.468399 0
v 20.029 13 -30.2569
vt -0.345067 0
vn 7.27872e-016 0 -1
v 20.029 2.81997e-015 -30.2569
vt -0.345067 0.511811
vt -0.468399 0.511811
f 647/1255/220 649/1256/221 650/1257/221 648/1258/220 

vt -0.591731 0
v 23.1349 13 -29.848
vn 0.258819 0 -0.965926
v 23.1349 2.81997e-015 -29.848
vt -0.591731 0.511811
f 649/1259/221 651/1255/222 652/1258/222 650/1260/221 

vt -0.67894 0
v 26.029 13 -28.6492
vt -0.555608 0
vn 0.5 0 -0.866025
v 26.029 2.81997e-015 -28.6492
vt -0.555608 0.511811
vt -0.67894 0.511811
f 651/1261/222 653/1262/223 654/1263/223 652/1264/222 

vt -0.724082 0
v 28.5143 13 -26.7421
vt -0.600751 0
vn 0.707107 0 -0.707107
v 28.5143 2.81997e-015 -26.7421
vt -0.600751 0.511811
vt -0.724082 0.511811
f 653/1265/223 655/1266/224 656/1267/224 654/1268/223 

v 30.4213 13 -24.2569
vn 0.866025 0 -0.5
v 30.4213 2.81997e-015 -24.2569
f 655/1265/224 657/1266/225 658/1267/225 656/1268/224 

v 31.6202 13 -21.3627
vn 0.965926 0 -0.258819
v 31.6202 2.81997e-015 -21.3627
f 657/1261/225 659/1262/226 660/1263/226 658/1264/225 

v 32.029 13 -18.2569
vn 1 0 -2.79951e-017
v 32.029 2.81997e-015 -18.2569
f 659/1259/226 661/1255/227 662/1258/227 660/1260/226 

v 31.6202 13 -15.151
vn 0.965926 -0 0.258819
v 31.6202 2.81997e-015 -15.151
f 661/1255/227 663/1256/228 664/1257/228 662/1258/227 

v 30.4213 13 -12.2569
vn 0.866025 -0 0.5
v 30.4213 2.81997e-015 -12.2569
f 663/1251/228 665/1252/229 666/1253/229 664/1254/228 

v 28.5143 13 -9.77158
vn 0.707107 -0 0.707107
v 28.5143 2.81997e-015 -9.77158
f 665/1247/229 667/1248/230 668/1249/230 666/1250/229 

v 26.029 13 -7.86455
vn 0.5 -0 0.866025
v 26.029 2.81997e-015 -7.86455
f 667/1243/230 669/1244/231 670/1245/231 668/1246/230 

v 23.1349 13 -6.66575
vn 0.258819 -0 0.965926
v 23.1349 2.81997e-015 -6.66575
f 669/1239/231 671/1240/232 672/1241/232 670/1242/231 

v 20.029 13 -6.25686
vn -1.1198e-016 0 1
v 20.029 2.81997e-015 -6.25686
f 671/1237/232 673/1233/233 674/1236/233 672/1238/232 

v 16.9232 13 -6.66575
vn -0.258819 0 0.965926
v 16.9232 2.81997e-015 -6.66575
f 673/1233/233 675/1234/234 676/1235/234 674/1236/233 

v 14.029 13 -7.86455
vn -0.5 0 0.866025
v 14.029 2.81997e-015 -7.86455
f 675/1229/234 677/1230/235 678/1231/235 676/1232/234 

vt 0.600751 0
v 11.5438 13 -9.77158
vt 0.724082 0
vn -0.707107 0 0.707107
v 11.5438 2.81997e-015 -9.77158
vt 0.724082 0.511811
vt 0.600751 0.511811
f 677/1269/235 679/1270/236 680/1271/236 678/1272/235 

f 679/1269/236 633/1270/213 636/1271/213 680/1272/236 

vt 0.881587 0.23622
vn 0 -1 -0
vt 0.928784 0.350164
vt 0.944882 0.472441
vt 0.928784 0.594718
vt 0.881587 0.708661
vt 0.806507 0.806507
vt 0.708661 0.881587
vt 0.594718 0.928784
vt 0.472441 0.944882
vt 0.350164 0.928784
vt 0.23622 0.881587
vt 0.138375 0.806507
vt 0.0632951 0.708661
vt 0.016098 0.594718
vt 0 0.472441
vt 0.016098 0.350164
vt 0.0632951 0.23622
vt 0.138375 0.138375
vt 0.23622 0.0632951
vt 0.350164 0.016098
vt 0.472441 0
vt 0.594718 0.016098
vt 0.708661 0.0632951
vt 0.806507 0.138375
f 636/1273/237 635/1274/237 638/1275/237 640/1276/237 642/1277/237 644/1278/237 646/1279/237 648/1280/237 650/1281/237 652/1282/237 654/1283/237 656/1284/237 658/1285/237 660/1286/237 662/1287/237 664/1288/237 666/1289/237 668/1290/237 670/1291/237 672/1292/237 674/1293/237 676/1294/237 678/1295/237 680/1296/237 

g Mesh4 Group4 Model

v 9.79237 13 -513.698
v 8.59357 13 -516.592
v 8.59357 2.53797e-014 -516.592
v 9.79237 2.53797e-014 -513.698
f 681/1229/213 682/1230/214 683/1231/214 684/1232/213 

v 8.18468 13 -519.698
v 8.18468 2.53797e-014 -519.698
f 682/1233/214 685/1234/215 686/1235/215 683/1236/214 

v 8.59357 13 -522.804
v 8.59357 2.53797e-014 -522.804
f 685/1237/215 687/1233/216 688/1236/216 686/1238/215 

v 9.79237 13 -525.698
v 9.79237 2.53797e-014 -525.698
f 687/1239/216 689/1240/217 690/1241/217 688/1242/216 

v 11.6994 13 -528.183
v 11.6994 2.53797e-014 -528.183
f 689/1243/217 691/1244/218 692/1245/218 690/1246/217 

v 14.1847 13 -530.09
v 14.1847 2.53797e-014 -530.09
f 691/1247/218 693/1248/219 694/1249/219 692/1250/218 

v 17.0789 13 -531.289
v 17.0789 2.53797e-014 -531.289
f 693/1251/219 695/1252/220 696/1253/220 694/1254/219 

v 20.1847 13 -531.698
v 20.1847 2.53797e-014 -531.698
f 695/1255/220 697/1256/221 698/1257/221 696/1258/220 

v 23.2905 13 -531.289
v 23.2905 2.53797e-014 -531.289
f 697/1259/221 699/1255/222 700/1258/222 698/1260/221 

v 26.1847 13 -530.09
v 26.1847 2.53797e-014 -530.09
f 699/1261/222 701/1262/223 702/1263/223 700/1264/222 

v 28.67 13 -528.183
v 28.67 2.53797e-014 -528.183
f 701/1265/223 703/1266/224 704/1267/224 702/1268/223 

v 30.577 13 -525.698
v 30.577 2.53797e-014 -525.698
f 703/1265/224 705/1266/225 706/1267/225 704/1268/224 

v 31.7758 13 -522.804
v 31.7758 2.53797e-014 -522.804
f 705/1261/225 707/1262/226 708/1263/226 706/1264/225 

v 32.1847 13 -519.698
v 32.1847 2.53797e-014 -519.698
f 707/1259/226 709/1255/227 710/1258/227 708/1260/226 

v 31.7758 13 -516.592
v 31.7758 2.53797e-014 -516.592
f 709/1255/227 711/1256/228 712/1257/228 710/1258/227 

v 30.577 13 -513.698
v 30.577 2.53797e-014 -513.698
f 711/1251/228 713/1252/229 714/1253/229 712/1254/228 

v 28.67 13 -511.213
v 28.67 2.53797e-014 -511.213
f 713/1247/229 715/1248/230 716/1249/230 714/1250/229 

v 26.1847 13 -509.306
v 26.1847 2.53797e-014 -509.306
f 715/1243/230 717/1244/231 718/1245/231 716/1246/230 

v 23.2905 13 -508.107
v 23.2905 2.53797e-014 -508.107
f 717/1239/231 719/1240/232 720/1241/232 718/1242/231 

v 20.1847 13 -507.698
v 20.1847 2.53797e-014 -507.698
f 719/1237/232 721/1233/233 722/1236/233 720/1238/232 

v 17.0789 13 -508.107
v 17.0789 2.53797e-014 -508.107
f 721/1233/233 723/1234/234 724/1235/234 722/1236/233 

v 14.1847 13 -509.306
v 14.1847 2.53797e-014 -509.306
f 723/1229/234 725/1230/235 726/1231/235 724/1232/234 

v 11.6994 13 -511.213
v 11.6994 2.53797e-014 -511.213
f 725/1269/235 727/1270/236 728/1271/236 726/1272/235 

f 727/1269/236 681/1270/213 684/1271/213 728/1272/236 

f 684/1273/237 683/1274/237 686/1275/237 688/1276/237 690/1277/237 692/1278/237 694/1279/237 696/1280/237 698/1281/237 700/1282/237 702/1283/237 704/1284/237 706/1285/237 708/1286/237 710/1287/237 712/1288/237 714/1289/237 716/1290/237 718/1291/237 720/1292/237 722/1293/237 724/1294/237 726/1295/237 728/1296/237 

g Mesh5 Group5 Model

v 569.509 13 -512.156
v 568.31 13 -515.051
v 568.31 2.53797e-014 -515.051
v 569.509 2.53797e-014 -512.156
f 729/1229/213 730/1230/214 731/1231/214 732/1232/213 

v 567.901 13 -518.156
v 567.901 2.53797e-014 -518.156
f 730/1233/214 733/1234/215 734/1235/215 731/1236/214 

v 568.31 13 -521.262
v 568.31 2.53797e-014 -521.262
f 733/1237/215 735/1233/216 736/1236/216 734/1238/215 

v 569.509 13 -524.156
v 569.509 2.53797e-014 -524.156
f 735/1239/216 737/1240/217 738/1241/217 736/1242/216 

v 571.416 13 -526.642
v 571.416 2.53797e-014 -526.642
f 737/1243/217 739/1244/218 740/1245/218 738/1246/217 

v 573.901 13 -528.549
v 573.901 2.53797e-014 -528.549
f 739/1247/218 741/1248/219 742/1249/219 740/1250/218 

v 576.795 13 -529.748
v 576.795 2.53797e-014 -529.748
f 741/1251/219 743/1252/220 744/1253/220 742/1254/219 

v 579.901 13 -530.156
v 579.901 2.53797e-014 -530.156
f 743/1255/220 745/1256/221 746/1257/221 744/1258/220 

v 583.007 13 -529.748
v 583.007 2.53797e-014 -529.748
f 745/1259/221 747/1255/222 748/1258/222 746/1260/221 

v 585.901 13 -528.549
v 585.901 2.53797e-014 -528.549
f 747/1261/222 749/1262/223 750/1263/223 748/1264/222 

v 588.386 13 -526.642
v 588.386 2.53797e-014 -526.642
f 749/1265/223 751/1266/224 752/1267/224 750/1268/223 

v 590.293 13 -524.156
v 590.293 2.53797e-014 -524.156
f 751/1265/224 753/1266/225 754/1267/225 752/1268/224 

v 591.492 13 -521.262
v 591.492 2.53797e-014 -521.262
f 753/1261/225 755/1262/226 756/1263/226 754/1264/225 

v 591.901 13 -518.156
v 591.901 2.53797e-014 -518.156
f 755/1259/226 757/1255/227 758/1258/227 756/1260/226 

v 591.492 13 -515.051
v 591.492 2.53797e-014 -515.051
f 757/1255/227 759/1256/228 760/1257/228 758/1258/227 

v 590.293 13 -512.156
v 590.293 2.53797e-014 -512.156
f 759/1251/228 761/1252/229 762/1253/229 760/1254/228 

v 588.386 13 -509.671
v 588.386 2.53797e-014 -509.671
f 761/1247/229 763/1248/230 764/1249/230 762/1250/229 

v 585.901 13 -507.764
v 585.901 2.53797e-014 -507.764
f 763/1243/230 765/1244/231 766/1245/231 764/1246/230 

v 583.007 13 -506.565
v 583.007 2.53797e-014 -506.565
f 765/1239/231 767/1240/232 768/1241/232 766/1242/231 

v 579.901 13 -506.156
v 579.901 2.53797e-014 -506.156
f 767/1237/232 769/1233/233 770/1236/233 768/1238/232 

v 576.795 13 -506.565
v 576.795 2.53797e-014 -506.565
f 769/1233/233 771/1234/234 772/1235/234 770/1236/233 

v 573.901 13 -507.764
v 573.901 2.53797e-014 -507.764
f 771/1229/234 773/1230/235 774/1231/235 772/1232/234 

v 571.416 13 -509.671
v 571.416 2.53797e-014 -509.671
f 773/1269/235 775/1270/236 776/1271/236 774/1272/235 

f 775/1269/236 729/1270/213 732/1271/213 776/1272/236 

f 732/1273/237 731/1274/237 734/1275/237 736/1276/237 738/1277/237 740/1278/237 742/1279/237 744/1280/237 746/1281/237 748/1282/237 750/1283/237 752/1284/237 754/1285/237 756/1286/237 758/1287/237 760/1288/237 762/1289/237 764/1290/237 766/1291/237 768/1292/237 770/1293/237 772/1294/237 774/1295/237 776/1296/237 

g Mesh6 Group6 Model

v 569.084 13 -13.1426
v 567.885 13 -16.0368
v 567.885 2.53797e-014 -16.0368
v 569.084 2.53797e-014 -13.1426
f 777/1229/213 778/1230/214 779/1231/214 780/1232/213 

v 567.476 13 -19.1426
vn -1 0 -1.95966e-016
v 567.476 2.53797e-014 -19.1426
f 778/1233/214 781/1234/238 782/1235/238 779/1236/214 

v 567.885 13 -22.2485
v 567.885 2.53797e-014 -22.2485
f 781/1237/238 783/1233/216 784/1236/216 782/1238/238 

v 569.084 13 -25.1426
v 569.084 2.53797e-014 -25.1426
f 783/1239/216 785/1240/217 786/1241/217 784/1242/216 

v 570.991 13 -27.6279
v 570.991 2.53797e-014 -27.6279
f 785/1243/217 787/1244/218 788/1245/218 786/1246/217 

v 573.476 13 -29.5349
v 573.476 2.53797e-014 -29.5349
f 787/1247/218 789/1248/219 790/1249/219 788/1250/218 

v 576.37 13 -30.7337
v 576.37 2.53797e-014 -30.7337
f 789/1251/219 791/1252/220 792/1253/220 790/1254/219 

v 579.476 13 -31.1426
v 579.476 2.53797e-014 -31.1426
f 791/1255/220 793/1256/221 794/1257/221 792/1258/220 

v 582.582 13 -30.7337
v 582.582 2.53797e-014 -30.7337
f 793/1259/221 795/1255/222 796/1258/222 794/1260/221 

v 585.476 13 -29.5349
v 585.476 2.53797e-014 -29.5349
f 795/1261/222 797/1262/223 798/1263/223 796/1264/222 

v 587.961 13 -27.6279
v 587.961 2.53797e-014 -27.6279
f 797/1265/223 799/1266/224 800/1267/224 798/1268/223 

v 589.868 13 -25.1426
v 589.868 2.53797e-014 -25.1426
f 799/1265/224 801/1266/225 802/1267/225 800/1268/224 

v 591.067 13 -22.2485
v 591.067 2.53797e-014 -22.2485
f 801/1261/225 803/1262/226 804/1263/226 802/1264/225 

v 591.476 13 -19.1426
v 591.476 2.53797e-014 -19.1426
f 803/1259/226 805/1255/227 806/1258/227 804/1260/226 

v 591.067 13 -16.0368
v 591.067 2.53797e-014 -16.0368
f 805/1255/227 807/1256/228 808/1257/228 806/1258/227 

v 589.868 13 -13.1426
v 589.868 2.53797e-014 -13.1426
f 807/1251/228 809/1252/229 810/1253/229 808/1254/228 

v 587.961 13 -10.6574
v 587.961 2.53797e-014 -10.6574
f 809/1247/229 811/1248/230 812/1249/230 810/1250/229 

v 585.476 13 -8.75033
v 585.476 2.53797e-014 -8.75033
f 811/1243/230 813/1244/231 814/1245/231 812/1246/230 

v 582.582 13 -7.55153
v 582.582 2.53797e-014 -7.55153
f 813/1239/231 815/1240/232 816/1241/232 814/1242/231 

v 579.476 13 -7.14264
vn -9.79828e-017 0 1
v 579.476 2.53797e-014 -7.14264
f 815/1237/232 817/1233/239 818/1236/239 816/1238/232 

v 576.37 13 -7.55153
v 576.37 2.53797e-014 -7.55153
f 817/1233/239 819/1234/234 820/1235/234 818/1236/239 

v 573.476 13 -8.75033
v 573.476 2.53797e-014 -8.75033
f 819/1229/234 821/1230/235 822/1231/235 820/1232/234 

v 570.991 13 -10.6574
v 570.991 2.53797e-014 -10.6574
f 821/1269/235 823/1270/236 824/1271/236 822/1272/235 

f 823/1269/236 777/1270/213 780/1271/213 824/1272/236 

f 780/1273/237 779/1274/237 782/1275/237 784/1276/237 786/1277/237 788/1278/237 790/1279/237 792/1280/237 794/1281/237 796/1282/237 798/1283/237 800/1284/237 802/1285/237 804/1286/237 806/1287/237 808/1288/237 810/1289/237 812/1290/237 814/1291/237 816/1292/237 818/1293/237 820/1294/237 822/1295/237 824/1296/237 

g Mesh7 Group7 Model

usemtl case1
v 569.916 108.201 2
vt -0.15612 0.00244572
vn 0.0327191 0.999465 7.38252e-016
v 571.452 108.101 2
vt -0.158002 0.00244572
vn 0.130526 0.991445 -0
v 571.452 108.101 -4
vt -0.158002 -0.00489144
v 569.916 108.201 -4
vt -0.15612 -0.00489144
f 825/1297/240 826/1298/241 827/1299/241 828/1300/240 

v 528.792 101.471 2
vt 0.112826 0.0933858
vn -7.41652e-033 -5.0441e-033 1
v 497.806 101.471 2
vt 0.0749351 0.0933858
v 496.928 101.529 2
vt 0.0738609 0.0934562
v 496.064 101.701 2
vt 0.0728051 0.0936662
v 495.231 101.984 2
vt 0.0717857 0.0940122
v 494.441 102.373 2
vt 0.0708202 0.0944884
v 493.709 102.862 2
vt 0.0699251 0.0950865
v 493.047 103.442 2
vt 0.0691157 0.0957963
v 492.467 104.104 2
vt 0.0684059 0.0966056
v 491.978 104.836 2
vt 0.0678079 0.0975007
v 491.589 105.626 2
vt 0.0673317 0.0984662
v 491.522 105.823 2
vt 0.0672498 0.0987075
v 491.306 106.459 2
vt 0.0669857 0.0994856
v 491.134 107.323 2
vt 0.0667757 0.100541
v 491.076 108.201 2
vt 0.0667053 0.101616
v 453.501 108.201 2
vt 0.0207557 0.101616
v 451.787 108.089 2
vt 0.0186602 0.101478
v 450.261 107.785 2
vt 0.0167934 0.101107
v 448.787 107.285 2
vt 0.0149911 0.100495
v 447.391 106.597 2
vt 0.0132841 0.0996534
v 446.097 105.732 2
vt 0.0117016 0.0985959
v 444.926 104.706 2
vt 0.0102706 0.097341
v 443.9 103.535 2
vt 0.00901565 0.09591
v 443.036 102.241 2
vt 0.00795823 0.0943275
v 442.347 100.845 2
vt 0.00711642 0.0926204
v 441.847 99.3716 2
vt 0.00650462 0.0908181
v 441.543 97.8451 2
vt 0.0061333 0.0889514
v 441.431 96.1314 2
vt 0.00599596 0.0868559
v 441.431 44.6517 2
vt 0.00599596 0.0239035
v 441.565 42.6021 2
vt 0.00616023 0.0213971
v 441.935 40.7453 2
vt 0.00661188 0.0191265
v 442.543 38.9527 2
vt 0.00735603 0.0169343
v 443.38 37.2547 2
vt 0.00837995 0.014858
v 444.432 35.6806 2
vt 0.00966613 0.0129331
v 445.68 34.2573 2
vt 0.0111926 0.0111926
v 447.104 33.0091 2
vt 0.0129331 0.00966613
v 448.678 31.9573 2
vt 0.014858 0.00837995
v 450.376 31.12 2
vt 0.0169343 0.00735603
v 452.168 30.5114 2
vt 0.0191265 0.00661188
v 454.025 30.1421 2
vt 0.0213971 0.00616023
v 456.075 30.0077 2
vt 0.0239035 0.00599596
v 570.047 30.0077 2
vt 0.163276 0.00599596
v 571.566 30.1073 2
vt 0.165133 0.00611769
v 572.901 30.3728 2
vt 0.166766 0.00644242
v 574.19 30.8104 2
vt 0.168342 0.00697746
v 575.411 31.4124 2
vt 0.169835 0.00771365
v 576.543 32.1686 2
vt 0.171219 0.0086384
v 577.566 33.0661 2
vt 0.17247 0.00973589
v 578.464 34.0895 2
vt 0.173568 0.0109873
v 579.22 35.2212 2
vt 0.174492 0.0123713
v 579.822 36.442 2
vt 0.175229 0.0138642
v 580.259 37.731 2
vt 0.175764 0.0154404
v 580.525 39.066 2
vt 0.176088 0.0170729
v 580.624 40.5847 2
vt 0.17621 0.0189301
v 580.624 97.4926 2
vt 0.17621 0.0885204
v 580.524 99.0285 2
vt 0.176087 0.0903986
v 580.255 100.38 2
vt 0.175758 0.0920518
v 579.812 101.686 2
vt 0.175216 0.093648
v 579.202 102.922 2
vt 0.174471 0.0951597
v 578.436 104.068 2
vt 0.173534 0.0965612
v 577.527 105.104 2
vt 0.172423 0.0978285
v 576.491 106.013 2
vt 0.171156 0.0989399
v 575.345 106.779 2
vt 0.169754 0.0998764
v 574.109 107.389 2
vt 0.168242 0.100622
v 572.804 107.832 2
vt 0.166646 0.101164
vt 0.164993 0.101493
vt 0.163115 0.101616
v 535.522 108.201 2
vt 0.121056 0.101616
v 535.464 107.323 2
vt 0.120985 0.100541
v 535.292 106.459 2
vt 0.120775 0.0994856
v 535.009 105.626 2
vt 0.120429 0.0984662
v 534.62 104.836 2
vt 0.119953 0.0975007
v 534.131 104.104 2
vt 0.119355 0.0966056
v 533.55 103.442 2
vt 0.118645 0.0957963
v 532.889 102.862 2
vt 0.117836 0.0950865
v 532.157 102.373 2
vt 0.116941 0.0944884
v 531.367 101.984 2
vt 0.115975 0.0940122
v 530.533 101.701 2
vt 0.114956 0.0936662
v 529.67 101.529 2
vt 0.1139 0.0934562
f 829/1301/242 830/1302/242 831/1303/242 832/1304/242 833/1305/242 834/1306/242 835/1307/242 836/1308/242 837/1309/242 838/1310/242 839/1311/242 840/1312/242 841/1313/242 842/1314/242 843/1315/242 844/1316/242 845/1317/242 846/1318/242 847/1319/242 848/1320/242 849/1321/242 850/1322/242 851/1323/242 852/1324/242 853/1325/242 854/1326/242 855/1327/242 856/1328/242 857/1329/242 858/1330/242 859/1331/242 860/1332/242 861/1333/242 862/1334/242 863/1335/242 864/1336/242 865/1337/242 866/1338/242 867/1339/242 868/1340/242 869/1341/242 870/1342/242 871/1343/242 872/1344/242 873/1345/242 874/1346/242 875/1347/242 876/1348/242 877/1349/242 878/1350/242 879/1351/242 880/1352/242 881/1353/242 882/1354/242 883/1355/242 884/1356/242 885/1357/242 886/1358/242 887/1359/242 888/1360/242 889/1361/242 890/1362/242 891/1363/242 892/1364/242 893/1365/242 826/1366/242 825/1367/242 894/1368/242 895/1369/242 896/1370/242 897/1371/242 898/1372/242 899/1373/242 900/1374/242 901/1375/242 902/1376/242 903/1377/242 904/1378/242 905/1379/242 

vt -0.0749351 0.00244572
vn 0 1 -0
vt -0.112826 0.00244572
v 528.792 101.471 -1
vt -0.112826 -0.00122286
v 497.806 101.471 -1
vt -0.0749351 -0.00122286
f 830/1380/243 829/1381/243 906/1382/243 907/1383/243 

vt -0.118692 0.00244572
vn -0.0654031 0.997859 -0
vt -0.119768 0.00244572
vn -0.130526 0.991445 -0
v 529.67 101.529 -1
vt -0.119768 -0.00122286
vt -0.118692 -0.00122286
f 829/1384/244 905/1385/245 908/1386/245 906/1387/244 

vt -0.129944 0.00244572
vt -0.13102 0.00244572
vn -0.258819 0.965926 -0
v 530.533 101.701 -1
vt -0.13102 -0.00122286
vt -0.129944 -0.00122286
f 905/1388/245 904/1389/246 909/1390/246 908/1391/245 

vt -0.138963 0.00244572
vt -0.14004 0.00244572
vn -0.382683 0.92388 -0
v 531.367 101.984 -1
vt -0.14004 -0.00122286
vt -0.138963 -0.00122286
f 904/1392/246 903/1393/247 910/1394/247 909/1395/246 

vt -0.145596 0.00244572
vt -0.146672 0.00244572
vn -0.5 0.866025 -0
v 532.157 102.373 -1
vt -0.146672 -0.00122286
vt -0.145596 -0.00122286
f 903/1396/247 902/1397/248 911/1398/248 910/1399/247 

vt -0.149728 0.00244572
vt -0.150804 0.00244572
vn -0.608761 0.793353 -0
v 532.889 102.862 -1
vt -0.150804 -0.00122286
vt -0.149728 -0.00122286
f 902/1400/248 901/1401/249 912/1402/249 911/1403/248 

vt -0.151288 0.00244572
vt -0.152365 0.00244572
vn -0.707107 0.707107 -0
v 533.55 103.442 -1
vt -0.152365 -0.00122286
vt -0.151288 -0.00122286
f 901/1404/249 900/1405/250 913/1406/250 912/1407/249 

vt -0.150252 0.00244572
vt -0.151328 0.00244572
vn -0.793353 0.608761 -0
v 534.131 104.104 -1
vt -0.151328 -0.00122286
vt -0.150252 -0.00122286
f 900/1408/250 899/1409/251 914/1410/251 913/1411/250 

vt -0.146635 0.00244572
vt -0.147711 0.00244572
vn -0.866025 0.5 -0
v 534.62 104.836 -1
vt -0.147711 -0.00122286
vt -0.146635 -0.00122286
f 899/1412/251 898/1413/252 915/1414/252 914/1415/251 

vt -0.1405 0.00244572
vt -0.141576 0.00244572
vn -0.92388 0.382683 -0
v 535.009 105.626 -1
vt -0.141576 -0.00122286
vt -0.1405 -0.00122286
f 898/1416/252 897/1417/253 916/1418/253 915/1419/252 

vt -0.131951 0.00244572
vt -0.133028 0.00244572
vn -0.965926 0.258819 -0
v 535.292 106.459 -1
vt -0.133028 -0.00122286
vt -0.131951 -0.00122286
f 897/1420/253 896/1421/254 917/1422/254 916/1423/253 

vt -0.121136 0.00244572
vt -0.122213 0.00244572
vn -0.991445 0.130526 -0
v 535.464 107.323 -1
vt -0.122213 -0.00122286
vt -0.121136 -0.00122286
f 896/1424/254 895/1425/255 918/1426/255 917/1427/254 

vt -0.108239 0.00244572
vt -0.109315 0.00244572
vn -0.997859 0.0654031 -0
v 535.522 108.201 -1
vt -0.109315 -0.00122286
vt -0.108239 -0.00122286
f 895/1428/255 894/1429/256 919/1430/256 918/1431/255 

vt -0.121056 0.00244572
vn -4.12278e-016 1 1.47571e-015
vt -0.163115 0.00244572
vt -0.163115 -0.00489144
v 453.501 108.201 -4
vt -0.0207557 -0.00489144
vn -0.0327191 0.999465 7.38252e-016
vt -0.0207557 0.00244572
vt -0.0667053 0.00244572
v 491.076 108.201 -1
vt -0.0667053 -0.00122286
vt -0.121056 -0.00122286
f 894/1432/257 825/1433/240 828/1434/240 920/1435/258 844/1436/258 843/1437/257 921/1438/257 919/1439/257 

v 570.076 113.105 -4
vt 0.163311 0.107612
vn 0 0 1
f 922/1440/259 920/1316/259 828/1367/259

v 453.34 113.105 -4
vt 0.0205594 0.107612
f 923/1441/259 920/1316/259 922/1440/259

v 451.787 108.089 -4
f 923/1441/259 924/1317/259 920/1316/259

v 451.146 112.961 -4
vt 0.0178759 0.107436
f 925/1442/259 924/1317/259 923/1441/259

v 450.261 107.785 -4
f 925/1442/259 926/1318/259 924/1317/259

v 448.989 112.532 -4
vt 0.0152382 0.106911
f 927/1443/259 926/1318/259 925/1442/259

v 448.787 107.285 -4
f 927/1443/259 928/1319/259 926/1318/259

v 447.391 106.597 -4
f 927/1443/259 929/1320/259 928/1319/259

v 446.906 111.825 -4
vt 0.0126917 0.106047
f 930/1444/259 929/1320/259 927/1443/259

v 446.097 105.732 -4
f 930/1444/259 931/1321/259 929/1320/259

v 444.934 110.852 -4
vt 0.0102797 0.104857
f 932/1445/259 931/1321/259 930/1444/259

v 444.926 104.706 -4
f 932/1445/259 933/1322/259 931/1321/259

v 443.9 103.535 -4
f 932/1445/259 934/1323/259 933/1322/259

v 443.105 109.63 -4
vt 0.00804363 0.103363
f 935/1446/259 934/1323/259 932/1445/259

v 443.036 102.241 -4
f 935/1446/259 936/1324/259 934/1323/259

v 442.347 100.845 -4
f 935/1446/259 937/1325/259 936/1324/259

v 441.847 99.3716 -4
f 935/1446/259 938/1326/259 937/1325/259

v 441.543 97.8451 -4
f 935/1446/259 939/1327/259 938/1326/259

v 441.452 108.18 -4
vt 0.00602171 0.10159
f 940/1447/259 939/1327/259 935/1446/259

v 441.431 96.1314 -4
f 940/1447/259 941/1328/259 939/1327/259

v 440.534 32.6893 -4
vt 0.00489901 0.00927517
f 940/1447/259 942/1448/259 941/1328/259

v 440.002 106.527 -4
vt 0.00424853 0.099568
f 943/1449/259 942/1448/259 940/1447/259

v 439.125 34.7979 -4
vt 0.00317616 0.0118536
f 943/1449/259 944/1450/259 942/1448/259

v 438.78 104.698 -4
vt 0.00275444 0.0973319
f 945/1451/259 944/1450/259 943/1449/259

v 438.003 37.0722 -4
vt 0.0018046 0.0146348
f 945/1451/259 946/1452/259 944/1450/259

v 437.807 102.726 -4
vt 0.00156499 0.0949199
f 947/1453/259 946/1452/259 945/1451/259

v 437.188 39.4736 -4
vt 0.000807803 0.0175713
f 947/1453/259 948/1454/259 946/1452/259

v 437.1 100.643 -4
vt 0.000700545 0.0923733
f 949/1455/259 948/1454/259 947/1453/259

v 436.693 41.9607 -4
vt 0.000202818 0.0206128
f 949/1455/259 950/1456/259 948/1454/259

v 436.671 98.4864 -4
vt 0.000175889 0.0897357
f 951/1457/259 950/1456/259 949/1455/259

v 436.528 96.2919 -4
vt 0 0.0870522
f 952/1458/259 950/1456/259 951/1457/259

v 436.528 44.4912 -4
vt 0 0.0237072
f 950/1456/259 952/1458/259 953/1459/259

v 436.528 96.2919 -0
vt 0.0870522 0
vn 0.999465 -0.0327191 -0
v 436.528 44.4912 -0
vt 0.0237072 0
vn 0.999465 0.0327191 -0
vt 0.0237072 -0.00489144
vt 0.0870522 -0.00489144
f 954/1460/260 955/1461/261 953/1462/261 952/1463/260 

vt 0.0236564 0
v 436.693 41.9607 -0
vt 0.0205554 0
vn 0.991445 0.130526 -0
vt 0.0205554 -0.00489144
vt 0.0236564 -0.00489144
f 955/1464/261 956/1465/262 950/1466/262 953/1467/261 

vt 0.0201771 0
v 437.188 39.4736 -0
vt 0.0170761 0
vn 0.965926 0.258819 -0
vt 0.0170761 -0.00489144
vt 0.0201771 -0.00489144
f 956/1468/262 957/1469/263 948/1470/263 950/1471/262 

vt 0.0163792 0
v 438.003 37.0722 -0
vt 0.0132781 0
vn 0.92388 0.382683 -0
vt 0.0132781 -0.00489144
vt 0.0163792 -0.00489144
f 957/1472/263 958/1473/264 946/1474/264 948/1475/263 

vt 0.0123274 0
v 439.125 34.7979 -0
vt 0.00922639 0
vn 0.866025 0.5 -0
vt 0.00922639 -0.00489144
vt 0.0123274 -0.00489144
f 958/1476/264 959/1477/265 944/1478/265 946/1479/264 

vt 0.00809132 0
v 440.534 32.6893 -0
vt 0.00499028 0
vn 0.793353 0.608761 -0
vt 0.00499028 -0.00489144
vt 0.00809132 -0.00489144
f 959/1480/265 960/1481/266 942/1482/266 944/1483/265 

vt 0.0037433 0
v 442.206 30.7828 -0
vt 0.000642248 0
vn 0.707107 0.707107 -0
v 442.206 30.7828 -4
vt 0.000642248 -0.00489144
vt 0.0037433 -0.00489144
f 960/1484/266 961/1485/267 962/1486/267 942/1487/266 

vt -0.000642248 0
v 444.112 29.1107 -0
vt -0.0037433 0
vn 0.608761 0.793353 -0
v 444.112 29.1107 -4
vt -0.0037433 -0.00489144
vt -0.000642248 -0.00489144
f 961/1488/267 963/1489/268 964/1490/268 962/1491/267 

vt -0.00499028 0
v 446.221 27.7018 -0
vt -0.00809132 0
vn 0.5 0.866025 -0
v 446.221 27.7018 -4
vt -0.00809132 -0.00489144
vt -0.00499028 -0.00489144
f 963/1492/268 965/1493/269 966/1494/269 964/1495/268 

vt -0.00922639 0
v 448.495 26.5802 -0
vt -0.0123274 0
vn 0.382683 0.92388 -0
v 448.495 26.5802 -4
vt -0.0123274 -0.00489144
vt -0.00922639 -0.00489144
f 965/1496/269 967/1497/270 968/1498/270 966/1499/269 

vt -0.0132781 0
v 450.897 25.7651 -0
vt -0.0163792 0
vn 0.258819 0.965926 -0
v 450.897 25.7651 -4
vt -0.0163792 -0.00489144
vt -0.0132781 -0.00489144
f 967/1500/270 969/1501/271 970/1502/271 968/1503/270 

vt -0.0170761 0
v 453.384 25.2704 -0
vt -0.0201771 0
v 453.384 25.2704 -4
vt -0.0201771 -0.00489144
vt -0.0170761 -0.00489144
f 969/1504/271 971/1505/241 972/1506/241 970/1507/271 

vt -0.0205554 0
v 455.914 25.1045 -0
vt -0.0236564 0
vn 0.0327191 0.999465 -0
v 455.914 25.1045 -4
vt -0.0236564 -0.00489144
vt -0.0205554 -0.00489144
f 971/1508/241 973/1509/272 974/1510/272 972/1511/241 

vt -0.0237072 0
v 570.208 25.1045 -0
vt -0.163472 0
vn -0.0327191 0.999465 -0
v 570.208 25.1045 -4
vt -0.163472 -0.00489144
vt -0.0237072 -0.00489144
f 973/1512/272 975/1513/273 976/1514/273 974/1515/272 

vt -0.163122 0
v 572.208 25.2356 -0
vt -0.165573 0
v 572.208 25.2356 -4
vt -0.165573 -0.00489144
vt -0.163122 -0.00489144
f 975/1516/273 977/1517/245 978/1518/245 976/1519/273 

vt -0.162761 0
v 574.173 25.6265 -0
vt -0.165211 0
v 574.173 25.6265 -4
vt -0.165211 -0.00489144
vt -0.162761 -0.00489144
f 977/1520/245 979/1521/246 980/1522/246 978/1523/245 

vt -0.159593 0
v 576.071 26.2707 -0
vt -0.162044 0
v 576.071 26.2707 -4
vt -0.162044 -0.00489144
vt -0.159593 -0.00489144
f 979/1524/246 981/1525/247 982/1526/247 980/1527/246 

vt -0.153674 0
v 577.868 27.157 -0
vt -0.156125 0
v 577.868 27.157 -4
vt -0.156125 -0.00489144
vt -0.153674 -0.00489144
f 981/1528/247 983/1529/248 984/1530/248 982/1531/247 

vt -0.145105 0
v 579.534 28.2703 -0
vt -0.147555 0
v 579.534 28.2703 -4
vt -0.147555 -0.00489144
vt -0.145105 -0.00489144
f 983/1532/248 985/1533/249 986/1534/249 984/1535/248 

vt -0.134032 0
v 581.041 29.5916 -0
vt -0.136482 0
v 581.041 29.5916 -4
vt -0.136482 -0.00489144
vt -0.134032 -0.00489144
f 985/1536/249 987/1537/250 988/1538/250 986/1539/249 

vt -0.120644 0
v 582.362 31.0982 -0
vt -0.123095 0
v 582.362 31.0982 -4
vt -0.123095 -0.00489144
vt -0.120644 -0.00489144
f 987/1540/250 989/1541/251 990/1542/251 988/1543/250 

vt -0.105172 0
v 583.475 32.7644 -0
vt -0.107622 0
v 583.475 32.7644 -4
vt -0.107622 -0.00489144
vt -0.105172 -0.00489144
f 989/1544/251 991/1545/252 992/1546/252 990/1547/251 

vt -0.0878785 0
v 584.361 34.5616 -0
vt -0.090329 0
v 584.361 34.5616 -4
vt -0.090329 -0.00489144
vt -0.0878785 -0.00489144
f 991/1548/252 993/1549/253 994/1550/253 992/1551/252 

vt -0.0690608 0
v 585.006 36.4592 -0
vt -0.0715113 0
v 585.006 36.4592 -4
vt -0.0715113 -0.00489144
vt -0.0690608 -0.00489144
f 993/1552/253 995/1553/254 996/1554/254 994/1555/253 

vt -0.0490405 0
v 585.397 38.4246 -0
vt -0.051491 0
v 585.397 38.4246 -4
vt -0.051491 -0.00489144
vt -0.0490405 -0.00489144
f 995/1556/254 997/1557/255 998/1558/255 996/1559/254 

vt -0.0281601 0
v 585.528 40.4242 -0
vt -0.0306106 0
vn -0.999465 0.0327191 -0
v 585.528 40.4242 -4
vt -0.0306106 -0.00489144
vt -0.0281601 -0.00489144
f 997/1560/255 999/1561/274 1000/1562/274 998/1563/255 

vt -0.0187338 0
v 585.528 97.6531 -0
vt -0.0887166 0
vn -0.999465 -0.0327191 0
v 585.528 97.6531 -4
vt -0.0887166 -0.00489144
vt -0.0187338 -0.00489144
f 999/1564/274 1001/1565/275 1002/1566/275 1000/1567/274 

vt -0.0766099 0
v 585.395 99.6699 -0
vt -0.0790814 0
vn -0.991445 -0.130526 0
v 585.395 99.6699 -4
vt -0.0790814 -0.00489144
vt -0.0766099 -0.00489144
f 1001/1568/275 1003/1569/276 1004/1570/276 1002/1571/275 

vt -0.0539158 0
v 585.001 101.652 -0
vt -0.0563874 0
vn -0.965926 -0.258819 0
v 585.001 101.652 -4
vt -0.0563874 -0.00489144
vt -0.0539158 -0.00489144
f 1003/1572/276 1005/1573/277 1006/1574/277 1004/1575/276 

vt -0.0302781 0
v 584.351 103.566 -0
vt -0.0327496 0
vn -0.92388 -0.382683 0
v 584.351 103.566 -4
vt -0.0327496 -0.00489144
vt -0.0302781 -0.00489144
f 1005/1576/277 1007/1577/278 1008/1578/278 1006/1579/277 

vt -0.00610113 0
v 583.458 105.379 -0
vt -0.0085727 0
vn -0.866025 -0.5 0
v 583.458 105.379 -4
vt -0.0085727 -0.00489144
vt -0.00610113 -0.00489144
f 1007/1580/278 1009/1581/279 1010/1582/279 1008/1583/278 

vt 0.0182013 0
v 582.335 107.059 -0
vt 0.0157298 0
vn -0.793353 -0.608761 0
v 582.335 107.059 -4
vt 0.0157298 -0.00489144
vt 0.0182013 -0.00489144
f 1009/1584/279 1011/1585/280 1012/1586/280 1010/1587/279 

vt 0.0422135 0
v 581.002 108.579 -0
vt 0.039742 0
vn -0.707107 -0.707107 0
v 581.002 108.579 -4
vt 0.039742 -0.00489144
vt 0.0422135 -0.00489144
f 1011/1588/280 1013/1589/281 1014/1590/281 1012/1591/280 

vt 0.0655246 0
v 579.482 109.912 -0
vt 0.063053 0
vn -0.608761 -0.793353 0
v 579.482 109.912 -4
vt 0.063053 -0.00489144
vt 0.0655246 -0.00489144
f 1013/1592/281 1015/1593/282 1016/1594/282 1014/1595/281 

vt 0.0877356 0
v 577.802 111.034 -0
vt 0.0852641 0
vn -0.5 -0.866025 0
v 577.802 111.034 -4
vt 0.0852641 -0.00489144
vt 0.0877356 -0.00489144
f 1015/1596/282 1017/1597/283 1018/1598/283 1016/1599/282 

vt 0.108467 0
v 575.989 111.928 -0
vt 0.105995 0
vn -0.382683 -0.92388 0
v 575.989 111.928 -4
vt 0.105995 -0.00489144
vt 0.108467 -0.00489144
f 1017/1600/283 1019/1601/284 1020/1602/284 1018/1603/283 

vt 0.127363 0
v 574.075 112.578 -0
vt 0.124891 0
vn -0.258819 -0.965926 0
v 574.075 112.578 -4
vt 0.124891 -0.00489144
vt 0.127363 -0.00489144
f 1019/1604/284 1021/1605/285 1022/1606/285 1020/1607/284 

vt 0.144101 0
v 572.093 112.972 -0
vt 0.14163 0
vn -0.130526 -0.991445 0
v 572.093 112.972 -4
vt 0.14163 -0.00489144
vt 0.144101 -0.00489144
f 1021/1608/285 1023/1609/286 1024/1610/286 1022/1611/285 

vt 0.158395 0
v 570.076 113.105 -0
vt 0.155923 0
vn -0.0327191 -0.999465 0
vt 0.155923 -0.00489144
vt 0.158395 -0.00489144
f 1023/1612/286 1025/1613/287 922/1614/287 1024/1615/286 

vt 0.163311 0
v 453.34 113.105 -0
vt 0.0205594 0
vn 0.0327191 -0.999465 -0
vt 0.0205594 -0.00489144
vt 0.163311 -0.00489144
f 1025/1616/287 1026/1617/288 923/1618/288 922/1619/287 

vt 0.0275535 0
v 451.146 112.961 -0
vt 0.0248642 0
vn 0.130526 -0.991445 -0
vt 0.0248642 -0.00489144
vt 0.0275535 -0.00489144
f 1026/1620/288 1027/1621/289 925/1622/289 923/1623/288 

vt 0.0384921 0
v 448.989 112.532 -0
vt 0.0358028 0
vn 0.258819 -0.965926 -0
vt 0.0358028 -0.00489144
vt 0.0384921 -0.00489144
f 1027/1624/289 1028/1625/290 927/1626/290 925/1627/289 

vt 0.048795 0
v 446.906 111.825 -0
vt 0.0461057 0
vn 0.382683 -0.92388 -0
vt 0.0461057 -0.00489144
vt 0.048795 -0.00489144
f 1028/1628/290 1029/1629/291 930/1630/291 927/1631/290 

vt 0.058286 0
v 444.934 110.852 -0
vt 0.0555967 0
vn 0.5 -0.866025 -0
vt 0.0555967 -0.00489144
vt 0.058286 -0.00489144
f 1029/1632/291 1030/1633/292 932/1634/292 930/1635/291 

vt 0.0668028 0
v 443.105 109.63 -0
vt 0.0641135 0
vn 0.608761 -0.793353 -0
vt 0.0641135 -0.00489144
vt 0.0668028 -0.00489144
f 1030/1636/292 1031/1637/293 935/1638/293 932/1639/292 

vt 0.0741995 0
v 441.452 108.18 -0
vt 0.0715102 0
vn 0.707107 -0.707107 -0
vt 0.0715102 -0.00489144
vt 0.0741995 -0.00489144
f 1031/1640/293 1032/1641/294 940/1642/294 935/1643/293 

vt 0.0803497 0
v 440.002 106.527 -0
vt 0.0776604 0
vn 0.793353 -0.608761 -0
vt 0.0776604 -0.00489144
vt 0.0803497 -0.00489144
f 1032/1644/294 1033/1645/295 943/1646/295 940/1647/294 

vt 0.0851481 0
v 438.78 104.698 -0
vt 0.0824588 0
vn 0.866025 -0.5 -0
vt 0.0824588 -0.00489144
vt 0.0851481 -0.00489144
f 1033/1648/295 1034/1649/296 945/1650/296 943/1651/295 

vt 0.0885126 0
v 437.807 102.726 -0
vt 0.0858233 0
vn 0.92388 -0.382683 -0
vt 0.0858233 -0.00489144
vt 0.0885126 -0.00489144
f 1034/1652/296 1035/1653/297 947/1654/297 945/1655/296 

vt 0.0903856 0
v 437.1 100.643 -0
vt 0.0876963 0
vn 0.965926 -0.258819 -0
vt 0.0876963 -0.00489144
vt 0.0903856 -0.00489144
f 1035/1656/297 1036/1657/298 949/1658/298 947/1659/297 

vt 0.0907351 0
v 436.671 98.4864 -0
vt 0.0880458 0
vn 0.991445 -0.130526 -0
vt 0.0880458 -0.00489144
vt 0.0907351 -0.00489144
f 1036/1660/298 1037/1661/299 951/1662/299 949/1663/298 

vt 0.0895551 0
vt 0.0868658 0
vt 0.0868658 -0.00489144
vt 0.0895551 -0.00489144
f 1037/1664/299 954/1665/260 952/1666/260 951/1667/299 

vt 0.165777 0.10745
f 922/1440/259 827/1366/259 1024/1668/259

f 922/1440/259 828/1367/259 827/1366/259

v 572.804 107.832 -4
f 1024/1668/259 827/1366/259 1038/1365/259

vt -0.142023 0.00244572
vt -0.143708 0.00244572
vt -0.143708 -0.00489144
vt -0.142023 -0.00489144
f 826/1669/241 893/1670/271 1038/1671/271 827/1672/241 

vt -0.125284 0.00244572
vt -0.12697 0.00244572
v 574.109 107.389 -4
vt -0.12697 -0.00489144
vt -0.125284 -0.00489144
f 893/1673/271 892/1674/270 1039/1675/270 1038/1676/271 

vt -0.106388 0.00244572
vt -0.108074 0.00244572
v 575.345 106.779 -4
vt -0.108074 -0.00489144
vt -0.106388 -0.00489144
f 892/1677/270 891/1678/269 1040/1679/269 1039/1680/270 

vt -0.085657 0.00244572
vt -0.0873426 0.00244572
v 576.491 106.013 -4
vt -0.0873426 -0.00489144
vt -0.085657 -0.00489144
f 891/1681/269 890/1682/268 1041/1683/268 1040/1684/269 

vt -0.063446 0.00244572
vt -0.0651316 0.00244572
v 577.527 105.104 -4
vt -0.0651316 -0.00489144
vt -0.063446 -0.00489144
f 890/1685/268 889/1686/267 1042/1687/267 1041/1688/268 

vt -0.040135 0.00244572
vt -0.0418205 0.00244572
v 578.436 104.068 -4
vt -0.0418205 -0.00489144
vt -0.040135 -0.00489144
f 889/1689/267 888/1690/266 1043/1691/266 1042/1692/267 

vt -0.0161228 0.00244572
vt -0.0178083 0.00244572
v 579.202 102.922 -4
vt -0.0178083 -0.00489144
vt -0.0161228 -0.00489144
f 888/1693/266 887/1694/265 1044/1695/265 1043/1696/266 

vt 0.00817971 0.00244572
vt 0.00649412 0.00244572
v 579.812 101.686 -4
vt 0.00649412 -0.00489144
vt 0.00817971 -0.00489144
f 887/1697/265 886/1698/264 1045/1699/264 1044/1700/265 

vt 0.0323566 0.00244572
vt 0.0306711 0.00244572
v 580.255 100.38 -4
vt 0.0306711 -0.00489144
vt 0.0323566 -0.00489144
f 886/1701/264 885/1702/263 1046/1703/263 1045/1704/264 

vt 0.0559944 0.00244572
vt 0.0543088 0.00244572
v 580.524 99.0285 -4
vt 0.0543088 -0.00489144
vt 0.0559944 -0.00489144
f 885/1705/263 884/1706/262 1047/1707/262 1046/1708/263 

vt 0.0786884 0.00244572
vt 0.0768061 0.00244572
v 580.624 97.4926 -4
vt 0.0768061 -0.00489144
vt 0.0786884 -0.00489144
f 884/1709/262 883/1710/261 1048/1711/261 1047/1712/262 

vt 0.0885204 0.00244572
vt 0.0189301 0.00244572
v 580.624 40.5847 -4
vt 0.0189301 -0.00489144
vt 0.0885204 -0.00489144
f 883/1713/261 882/1714/260 1049/1715/260 1048/1716/261 

vt 0.0304143 0.00244572
vt 0.0285531 0.00244572
v 580.525 39.066 -4
vt 0.0285531 -0.00489144
vt 0.0304143 -0.00489144
f 882/1717/260 881/1718/299 1050/1719/299 1049/1720/260 

vt 0.051098 0.00244572
vt 0.0494335 0.00244572
v 580.259 37.731 -4
vt 0.0494335 -0.00489144
vt 0.051098 -0.00489144
f 881/1721/299 880/1722/298 1051/1723/298 1050/1724/299 

vt 0.0711183 0.00244572
vt 0.0694538 0.00244572
v 579.822 36.442 -4
vt 0.0694538 -0.00489144
vt 0.0711183 -0.00489144
f 880/1725/298 879/1726/297 1052/1727/297 1051/1728/298 

vt 0.089936 0.00244572
vt 0.0882715 0.00244572
v 579.22 35.2212 -4
vt 0.0882715 -0.00489144
vt 0.089936 -0.00489144
f 879/1729/297 878/1730/296 1053/1731/296 1052/1732/297 

vt 0.107229 0.00244572
vt 0.105565 0.00244572
v 578.464 34.0895 -4
vt 0.105565 -0.00489144
vt 0.107229 -0.00489144
f 878/1733/296 877/1734/295 1054/1735/295 1053/1736/296 

vt 0.122702 0.00244572
vt 0.121037 0.00244572
v 577.566 33.0661 -4
vt 0.121037 -0.00489144
vt 0.122702 -0.00489144
f 877/1737/295 876/1738/294 1055/1739/294 1054/1740/295 

vt 0.136089 0.00244572
vt 0.134425 0.00244572
v 576.543 32.1686 -4
vt 0.134425 -0.00489144
vt 0.136089 -0.00489144
f 876/1741/294 875/1742/293 1056/1743/293 1055/1744/294 

vt 0.147162 0.00244572
vt 0.145498 0.00244572
v 575.411 31.4124 -4
vt 0.145498 -0.00489144
vt 0.147162 -0.00489144
f 875/1745/293 874/1746/292 1057/1747/292 1056/1748/293 

vt 0.155732 0.00244572
vt 0.154067 0.00244572
v 574.19 30.8104 -4
vt 0.154067 -0.00489144
vt 0.155732 -0.00489144
f 874/1749/292 873/1750/291 1058/1751/291 1057/1752/292 

vt 0.161651 0.00244572
vt 0.159986 0.00244572
v 572.901 30.3728 -4
vt 0.159986 -0.00489144
vt 0.161651 -0.00489144
f 873/1753/291 872/1754/290 1059/1755/290 1058/1756/291 

vt 0.164818 0.00244572
vt 0.163154 0.00244572
v 571.566 30.1073 -4
vt 0.163154 -0.00489144
vt 0.164818 -0.00489144
f 872/1757/290 871/1758/289 1060/1759/289 1059/1760/290 

vt 0.16518 0.00244572
vt 0.163318 0.00244572
v 570.047 30.0077 -4
vt 0.163318 -0.00489144
vt 0.16518 -0.00489144
f 871/1761/289 870/1762/288 1061/1763/288 1060/1764/289 

vt 0.163276 0.00244572
vt 0.0239035 0.00244572
v 456.075 30.0077 -4
vt 0.0239035 -0.00489144
vt 0.163276 -0.00489144
f 870/1765/288 869/1766/287 1062/1767/287 1061/1768/288 

vt 0.0234601 0.00244572
vt 0.0209484 0.00244572
v 454.025 30.1421 -4
vt 0.0209484 -0.00489144
vt 0.0234601 -0.00489144
f 869/1769/287 868/1770/286 1063/1771/286 1062/1772/287 

vt 0.0197842 0.00244572
vt 0.0174691 0.00244572
v 452.168 30.5114 -4
vt 0.0174691 -0.00489144
vt 0.0197842 -0.00489144
f 868/1773/286 867/1774/285 1064/1775/285 1063/1776/286 

vt 0.0159862 0.00244572
vt 0.0136711 0.00244572
v 450.376 31.12 -4
vt 0.0136711 -0.00489144
vt 0.0159862 -0.00489144
f 867/1777/285 866/1778/284 1065/1779/284 1064/1780/285 

vt 0.0119344 0.00244572
vt 0.00961938 0.00244572
v 448.678 31.9573 -4
vt 0.00961938 -0.00489144
vt 0.0119344 -0.00489144
f 866/1781/284 865/1782/283 1066/1783/283 1065/1784/284 

vt 0.00769833 0.00244572
vt 0.00538327 0.00244572
v 447.104 33.0091 -4
vt 0.00538327 -0.00489144
vt 0.00769833 -0.00489144
f 865/1785/283 864/1786/282 1067/1787/282 1066/1788/283 

vt 0.0033503 0.00244572
vt 0.00103524 0.00244572
v 445.68 34.2573 -4
vt 0.00103524 -0.00489144
vt 0.0033503 -0.00489144
f 864/1789/282 863/1790/281 1068/1791/281 1067/1792/282 

vt -0.00103524 0.00244572
vt -0.0033503 0.00244572
v 444.432 35.6806 -4
vt -0.0033503 -0.00489144
vt -0.00103524 -0.00489144
f 863/1793/281 862/1794/280 1069/1795/280 1068/1796/281 

vt -0.00538327 0.00244572
vt -0.00769833 0.00244572
v 443.38 37.2547 -4
vt -0.00769833 -0.00489144
vt -0.00538327 -0.00489144
f 862/1797/280 861/1798/279 1070/1799/279 1069/1800/280 

vt -0.00961938 0.00244572
vt -0.0119344 0.00244572
v 442.543 38.9527 -4
vt -0.0119344 -0.00489144
vt -0.00961938 -0.00489144
f 861/1801/279 860/1802/278 1071/1803/278 1070/1804/279 

vt -0.0136711 0.00244572
vt -0.0159862 0.00244572
v 441.935 40.7453 -4
vt -0.0159862 -0.00489144
vt -0.0136711 -0.00489144
f 860/1805/278 859/1806/277 1072/1807/277 1071/1808/278 

vt -0.0174691 0.00244572
vt -0.0197842 0.00244572
v 441.565 42.6021 -4
vt -0.0197842 -0.00489144
vt -0.0174691 -0.00489144
f 859/1809/277 858/1810/276 1073/1811/276 1072/1812/277 

vt -0.0209484 0.00244572
vt -0.0234601 0.00244572
v 441.431 44.6517 -4
vt -0.0234601 -0.00489144
vt -0.0209484 -0.00489144
f 858/1813/276 857/1814/275 1074/1815/275 1073/1816/276 

vt -0.0239035 0.00244572
vt -0.0868559 0.00244572
vt -0.0868559 -0.00489144
vt -0.0239035 -0.00489144
f 857/1817/275 856/1818/274 941/1819/274 1074/1820/275 

vt -0.0870621 0.00244572
vt -0.0891621 0.00244572
vt -0.0891621 -0.00489144
vt -0.0870621 -0.00489144
f 856/1821/274 855/1822/255 939/1823/255 941/1824/274 

vt -0.0884388 0.00244572
vt -0.0903421 0.00244572
vt -0.0903421 -0.00489144
vt -0.0884388 -0.00489144
f 855/1825/255 854/1826/254 938/1827/254 939/1828/255 

vt -0.0880893 0.00244572
vt -0.0899926 0.00244572
vt -0.0899926 -0.00489144
vt -0.0880893 -0.00489144
f 854/1829/254 853/1830/253 937/1831/253 938/1832/254 

vt -0.0862163 0.00244572
vt -0.0881196 0.00244572
vt -0.0881196 -0.00489144
vt -0.0862163 -0.00489144
f 853/1833/253 852/1834/252 936/1835/252 937/1836/253 

vt -0.0828518 0.00244572
vt -0.0847551 0.00244572
vt -0.0847551 -0.00489144
vt -0.0828518 -0.00489144
f 852/1837/252 851/1838/251 934/1839/251 936/1840/252 

vt -0.0780534 0.00244572
vt -0.0799567 0.00244572
vt -0.0799567 -0.00489144
vt -0.0780534 -0.00489144
f 851/1841/251 850/1842/250 933/1843/250 934/1844/251 

vt -0.0719032 0.00244572
vt -0.0738065 0.00244572
vt -0.0738065 -0.00489144
vt -0.0719032 -0.00489144
f 850/1845/250 849/1846/249 931/1847/249 933/1848/250 

vt -0.0645065 0.00244572
vt -0.0664098 0.00244572
vt -0.0664098 -0.00489144
vt -0.0645065 -0.00489144
f 849/1849/249 848/1850/248 929/1851/248 931/1852/249 

vt -0.0559897 0.00244572
vt -0.057893 0.00244572
vt -0.057893 -0.00489144
vt -0.0559897 -0.00489144
f 848/1853/248 847/1854/247 928/1855/247 929/1856/248 

vt -0.0464987 0.00244572
vt -0.048402 0.00244572
vt -0.048402 -0.00489144
vt -0.0464987 -0.00489144
f 847/1857/247 846/1858/246 926/1859/246 928/1860/247 

vt -0.0361958 0.00244572
vt -0.0380991 0.00244572
vt -0.0380991 -0.00489144
vt -0.0361958 -0.00489144
f 846/1861/246 845/1862/245 924/1863/245 926/1864/246 

vt -0.0252572 0.00244572
vt -0.0273572 0.00244572
vt -0.0273572 -0.00489144
vt -0.0252572 -0.00489144
f 845/1865/245 844/1866/258 920/1867/258 924/1868/245 

f 942/1448/259 1074/1329/259 941/1328/259

vt 0.00694368 0.00694368
f 1074/1329/259 942/1448/259 962/1869/259

f 1074/1329/259 962/1869/259 1073/1330/259

f 1073/1330/259 962/1869/259 1072/1331/259

f 1072/1331/259 962/1869/259 1071/1332/259

vt 0.00927517 0.00489901
f 1071/1332/259 962/1869/259 964/1870/259

f 1071/1332/259 964/1870/259 1070/1333/259

f 1070/1333/259 964/1870/259 1069/1334/259

vt 0.0118536 0.00317616
f 1069/1334/259 964/1870/259 966/1871/259

f 1069/1334/259 966/1871/259 1068/1335/259

f 1068/1335/259 966/1871/259 1067/1336/259

vt 0.0146348 0.0018046
f 1067/1336/259 966/1871/259 968/1872/259

f 1067/1336/259 968/1872/259 1066/1337/259

vt 0.0175713 0.000807803
f 1066/1337/259 968/1872/259 970/1873/259

f 1066/1337/259 970/1873/259 1065/1338/259

f 1065/1338/259 970/1873/259 1064/1339/259

vt 0.0206128 0.000202818
f 1064/1339/259 970/1873/259 972/1874/259

f 1064/1339/259 972/1874/259 1063/1340/259

f 1063/1340/259 972/1874/259 974/1461/259

f 1063/1340/259 974/1461/259 1062/1341/259

vt 0.163472 2.41389e-017
f 1062/1341/259 974/1461/259 976/1875/259

f 1062/1341/259 976/1875/259 1061/1342/259

f 1061/1342/259 976/1875/259 1060/1343/259

vt 0.165917 0.000160271
f 1060/1343/259 976/1875/259 978/1876/259

f 1060/1343/259 978/1876/259 1059/1344/259

vt 0.168321 0.00063834
f 1059/1344/259 978/1876/259 980/1877/259

f 1059/1344/259 980/1877/259 1058/1345/259

vt 0.170641 0.00142603
f 1058/1345/259 980/1877/259 982/1878/259

f 1058/1345/259 982/1878/259 1057/1346/259

f 1057/1346/259 982/1878/259 1056/1347/259

vt 0.172839 0.00250986
f 1056/1347/259 982/1878/259 984/1879/259

f 1056/1347/259 984/1879/259 1055/1348/259

f 1055/1348/259 984/1879/259 1054/1349/259

vt 0.174877 0.00387129
f 1054/1349/259 984/1879/259 986/1880/259

f 1054/1349/259 986/1880/259 1053/1350/259

f 1053/1350/259 986/1880/259 1052/1351/259

vt 0.176719 0.00548701
f 1052/1351/259 986/1880/259 988/1881/259

f 1052/1351/259 988/1881/259 1051/1352/259

f 1051/1352/259 988/1881/259 1050/1353/259

f 1050/1353/259 988/1881/259 1049/1354/259

vt 0.176672 0.102077
f 1049/1354/259 988/1881/259 1014/1882/259

vt 0.178301 0.100219
f 1014/1882/259 988/1881/259 1012/1883/259

vt 0.178335 0.0073294
f 1012/1883/259 988/1881/259 990/1884/259

vt 0.179675 0.0981641
f 1012/1883/259 990/1884/259 1010/1885/259

vt 0.179696 0.00936692
f 1010/1885/259 990/1884/259 992/1886/259

vt 0.180768 0.0959474
f 1010/1885/259 992/1886/259 1008/1887/259

vt 0.18078 0.0115647
f 1008/1887/259 992/1886/259 994/1888/259

vt 0.181562 0.093607
f 1008/1887/259 994/1888/259 1006/1889/259

vt 0.181568 0.0138852
f 1006/1889/259 994/1888/259 996/1890/259

vt 0.182044 0.0911829
f 1006/1889/259 996/1890/259 1004/1891/259

vt 0.182046 0.0162886
f 1004/1891/259 996/1890/259 998/1892/259

vt 0.182206 0.0887166
f 1004/1891/259 998/1892/259 1002/1893/259

vt 0.182206 0.0187338
f 1002/1893/259 998/1892/259 1000/1894/259

f 1014/1882/259 1048/1355/259 1049/1354/259

f 1014/1882/259 1047/1356/259 1048/1355/259

f 1014/1882/259 1046/1357/259 1047/1356/259

f 1014/1882/259 1045/1358/259 1046/1357/259

vt 0.174814 0.103707
f 1016/1895/259 1045/1358/259 1014/1882/259

f 1016/1895/259 1044/1359/259 1045/1358/259

f 1016/1895/259 1043/1360/259 1044/1359/259

vt 0.172759 0.10508
f 1018/1896/259 1043/1360/259 1016/1895/259

f 1018/1896/259 1042/1361/259 1043/1360/259

f 1018/1896/259 1041/1362/259 1042/1361/259

vt 0.170542 0.106173
f 1020/1897/259 1041/1362/259 1018/1896/259

f 1020/1897/259 1040/1363/259 1041/1362/259

f 1020/1897/259 1039/1364/259 1040/1363/259

vt 0.168201 0.106968
f 1022/1898/259 1039/1364/259 1020/1897/259

f 1022/1898/259 1038/1365/259 1039/1364/259

f 1024/1668/259 1038/1365/259 1022/1898/259

vt 0.0970353 0.00244572
vn 0.997859 0.0654031 -0
vt 0.0959588 0.00244572
v 491.134 107.323 -1
vt 0.0959588 -0.00122286
vt 0.0970353 -0.00122286
f 843/1899/300 842/1900/262 1075/1901/262 921/1902/300 

vt 0.0855823 0.00244572
vt 0.0845057 0.00244572
v 491.306 106.459 -1
vt 0.0845057 -0.00122286
vt 0.0855823 -0.00122286
f 842/1903/262 841/1904/263 1076/1905/263 1075/1906/262 

vt 0.0726741 0.00244572
vt 0.0718523 0.00244572
vn 0.94693 0.321439 -0
v 491.522 105.823 -1
vt 0.0718523 -0.00122286
vt 0.0726741 -0.00122286
f 841/1907/263 840/1908/301 1077/1909/301 1076/1910/263 

vt 0.0715975 0.00244572
v 491.589 105.626 -1
vt 0.0715975 -0.00122286
f 840/1908/301 839/1911/264 1078/1912/264 1077/1909/301 

vt 0.0585316 0.00244572
vt 0.0574551 0.00244572
v 491.978 104.836 -1
vt 0.0574551 -0.00122286
vt 0.0585316 -0.00122286
f 839/1913/264 838/1914/265 1079/1915/265 1078/1916/264 

vt 0.0433968 0.00244572
vt 0.0423203 0.00244572
v 492.467 104.104 -1
vt 0.0423203 -0.00122286
vt 0.0433968 -0.00122286
f 838/1917/265 837/1918/266 1080/1919/266 1079/1920/265 

vt 0.0275288 0.00244572
vt 0.0264523 0.00244572
v 493.047 103.442 -1
vt 0.0264523 -0.00122286
vt 0.0275288 -0.00122286
f 837/1921/266 836/1922/267 1081/1923/267 1080/1924/266 

vt 0.0111989 0.00244572
vt 0.0101224 0.00244572
v 493.709 102.862 -1
vt 0.0101224 -0.00122286
vt 0.0111989 -0.00122286
f 836/1925/267 835/1926/268 1082/1927/268 1081/1928/267 

vt -0.00531339 0.00244572
vt -0.00638991 0.00244572
v 494.441 102.373 -1
vt -0.00638991 -0.00122286
vt -0.00531339 -0.00122286
f 835/1929/268 834/1930/269 1083/1931/269 1082/1932/268 

vt -0.0217256 0.00244572
vt -0.0228021 0.00244572
v 495.231 101.984 -1
vt -0.0228021 -0.00122286
vt -0.0217256 -0.00122286
f 834/1933/269 833/1934/270 1084/1935/270 1083/1936/269 

vt -0.0377568 0.00244572
vt -0.0388333 0.00244572
v 496.064 101.701 -1
vt -0.0388333 -0.00122286
vt -0.0377568 -0.00122286
f 833/1937/270 832/1938/271 1085/1939/271 1084/1940/270 

vt -0.0531328 0.00244572
vt -0.0542093 0.00244572
v 496.928 101.529 -1
vt -0.0542093 -0.00122286
vt -0.0531328 -0.00122286
f 832/1941/271 831/1942/241 1086/1943/241 1085/1944/271 

vt -0.0675904 0.00244572
vt -0.068667 0.00244572
vn 0.0654031 0.997859 -0
vt -0.068667 -0.00122286
vt -0.0675904 -0.00122286
f 831/1945/241 830/1946/302 907/1947/302 1086/1948/241 

f 918/1369/259 919/1368/259 921/1315/259 1075/1314/259 1076/1313/259 1077/1312/259 1078/1311/259 1079/1310/259 1080/1309/259 1081/1308/259 1082/1307/259 1083/1306/259 1084/1305/259 1085/1304/259 1086/1303/259 907/1302/259 906/1301/259 908/1379/259 909/1378/259 910/1377/259 911/1376/259 912/1375/259 913/1374/259 914/1373/259 915/1372/259 916/1371/259 917/1370/259 

g Mesh8 Group8 Model

v 599.705 839.916 -539.705
vt -0.733354 -0.160772
vn 0 0.333429 -0.942775
v 600 838.819 -540
vt -0.733715 -0.162161
vn 0 0.131126 -0.991366
v 0 838.819 -540
vt 0 -0.162161
v 0.295265 839.916 -539.705
vt -0.000361068 -0.160772
f 1087/1949/303 1088/1950/304 1089/1951/304 1090/1952/303 

v 599.705 839.916 -0.295265
vt 0.000361068 -0.179847
vn 0.942775 0.333429 -0
v 600 838.819 -0
vt 0 -0.181236
vn 0.991366 0.131126 -0
vt 0.660344 -0.181236
vt 0.659983 -0.179847
f 1091/1953/305 1092/1954/306 1088/1955/306 1087/1956/305 

vt 0.733354 0.0109098
vn -4.44381e-020 0.333429 0.942775
v 585.442 839.916 -0.295265
vt 0.715913 0.0109098
v 0.295265 839.916 -0.295265
vt 0.000361068 0.0109098
v 0 838.819 -0
vt 0 0.00952097
vn -9.31149e-021 0.131126 0.991366
v 585.442 838.819 -0
vt 0.715913 0.00952097
vt 0.733715 0.00952097
f 1091/1957/307 1093/1958/307 1094/1959/307 1095/1960/308 1096/1961/308 1092/1962/308 

v 598.763 842.042 -1.23681
vt 0.732203 0.0132316
vn -1.32859e-019 0.473972 0.88054
v 585.442 842.042 -1.23681
vt 0.715913 0.0132316
v 1.23681 842.042 -1.23681
vt 0.00151244 0.0132316
vt 0.000361068 0.010388
vt 0.715913 0.010388
vt 0.733354 0.010388
f 1097/1963/309 1098/1964/309 1099/1965/309 1094/1966/307 1093/1967/307 1091/1968/307 

v 2.49308 843.999 -2.49308
vt 0.00304869 0.0152745
vn -2.06512e-019 0.603316 0.797502
vt 0.00151244 0.0124309
vt 0.715913 0.0124309
vt 0.732203 0.0124309
v 597.507 843.999 -2.49308
vt 0.730667 0.0152745
v 585.442 843.999 -2.49308
vt 0.715913 0.0152745
f 1100/1969/310 1099/1970/309 1098/1971/309 1097/1972/309 1101/1973/310 1102/1974/310 

v 2.49308 843.999 -537.507
vt -0.657295 0.0152745
vn -0.797502 0.603316 -0
v 1.23681 842.042 -538.763
vt -0.658831 0.0124309
vn -0.88054 0.473972 -0
vt -0.00151244 0.0124309
vt -0.00304869 0.0152745
f 1103/1975/311 1104/1976/312 1099/1977/312 1100/1978/311 

v 597.507 843.999 -537.507
vt -0.730667 -0.341471
vn 0 0.603316 -0.797502
v 598.763 842.042 -538.763
vt -0.732203 -0.344314
vn 0 0.473972 -0.88054
vt -0.00151244 -0.344314
vt -0.00304869 -0.341471
f 1105/1979/313 1106/1980/314 1104/1981/314 1103/1982/313 

vt 0.00304869 -0.381109
vn 0.797502 0.603316 -0
vt 0.00151244 -0.383953
vn 0.88054 0.473972 -0
vt 0.658831 -0.383953
vt 0.657295 -0.381109
f 1101/1983/315 1097/1984/316 1106/1985/316 1105/1986/315 

vt 0.00151244 -0.283848
vt 0.000361068 -0.286692
vt 0.659983 -0.286692
vt 0.658831 -0.283848
f 1097/1987/316 1091/1988/305 1087/1989/305 1106/1990/316 

vt -0.732203 -0.25414
vt -0.733354 -0.256984
vt -0.000361068 -0.256984
vt -0.00151244 -0.25414
f 1106/1991/314 1087/1992/303 1090/1993/303 1104/1994/314 

vt -0.658831 0.0132316
vt -0.659983 0.010388
vn -0.942775 0.333429 -0
vt -0.000361068 0.010388
vt -0.00151244 0.0132316
f 1104/1995/312 1090/1996/317 1094/1997/317 1099/1998/312 

vt -0.659983 0.0109098
vt -0.660344 0.00952097
vn -0.991366 0.131126 -0
vt -0.000361068 0.0109098
f 1090/1999/317 1089/2000/318 1095/1960/318 1094/2001/317 

vt -0.660344 0.00986004
v 0 830.756 -540
vt -0.660344 0
vn -1 0 -0
v 0 830.756 -0
vt 0 0.00986004
f 1089/2002/318 1107/2003/319 1108/158/319 1095/2004/318 

vt -0.733715 0.00986004
vt -0.733715 0
vn 0 0 -1
f 1088/2005/304 12/2006/320 1107/158/320 1089/2004/304 

vt 0.660344 0
vt 0.660344 0.00986004
f 1092/2004/306 4/158/4 12/2007/4 1088/2008/306 

vt 0.733715 0
vt 0.733715 0.00986004
vt 0.715913 0.00986004
f 4/2009/259 1092/2010/308 1096/2011/308 1095/2004/308 1108/158/259 

v 595.966 845.74 -4.0344
vt 0.0049335 -0.469333
vn 0.695623 0.718407 -0
vt 0.00304869 -0.472176
vt 0.657295 -0.472176
v 595.966 845.74 -535.966
vt 0.65541 -0.469333
f 1109/2012/321 1101/2013/315 1105/2014/315 1110/2015/321 

v 4.0344 845.74 -4.0344
vt 0.0049335 0.0169901
vn -3.39827e-019 0.718407 0.695623
vt 0.00304869 0.0141465
vt 0.715913 0.0141465
vt 0.730667 0.0141465
vt 0.728782 0.0169901
v 585.442 845.74 -4.0344
vt 0.715913 0.0169901
f 1111/2016/322 1100/2017/310 1102/2018/310 1101/2019/310 1109/2020/322 1112/2021/322 

v 4.0344 845.74 -535.966
vt -0.65541 0.0169901
vn -0.695623 0.718407 -0
vt -0.657295 0.0141465
vt -0.00304869 0.0141465
vt -0.0049335 0.0169901
f 1113/2022/323 1103/2023/311 1100/2024/311 1111/2025/323 

vt -0.728782 -0.4207
vn 0 0.718407 -0.695623
vt -0.730667 -0.423544
vt -0.00304869 -0.423544
vt -0.0049335 -0.4207
f 1110/2026/324 1105/2027/313 1103/2028/313 1113/2029/324 

v 594.176 847.224 -534.176
vt -0.726593 -0.489957
vn 0 0.816526 -0.577309
vt -0.728782 -0.492801
vt -0.0049335 -0.492801
v 5.82435 847.224 -534.176
vt -0.00712236 -0.489957
f 1114/2030/325 1110/2031/324 1113/2032/324 1115/2033/325 

v 594.176 847.224 -5.82435
vt 0.00712236 -0.546434
vn 0.577309 0.816526 -0
vt 0.0049335 -0.549278
vt 0.65541 -0.549278
vt 0.653221 -0.546434
f 1116/2034/326 1109/2035/321 1110/2036/321 1114/2037/326 

vt 0.726593 0.0183379
vn -4.9564e-019 0.816526 0.577309
v 585.442 847.224 -5.82435
vt 0.715913 0.0183379
v 5.82435 847.224 -5.82435
vt 0.00712236 0.0183379
vt 0.0049335 0.0154943
vt 0.715913 0.0154943
vt 0.728782 0.0154943
f 1116/2038/327 1117/2039/327 1118/2040/327 1111/2041/322 1112/2042/322 1109/2043/322 

v 7.82065 848.417 -7.82065
vt 0.00956355 0.0192861
vn -5.42734e-019 0.895354 0.445356
vt 0.00712236 0.0164425
vt 0.715913 0.0164425
vt 0.726593 0.0164425
v 592.179 848.417 -7.82065
vt 0.724152 0.0192861
v 585.442 848.417 -7.82065
vt 0.715913 0.0192861
f 1119/2044/328 1118/2045/327 1117/2046/327 1116/2047/327 1120/2048/328 1121/2049/328 

v 7.82065 848.417 -532.179
vt -0.65078 0.0192861
vn -0.445356 0.895354 -0
vt -0.653221 0.0164425
vn -0.577309 0.816526 -0
vt -0.00712236 0.0164425
vt -0.00956355 0.0192861
f 1122/2050/329 1115/2051/330 1118/2052/330 1119/2053/329 

v 592.179 848.417 -532.179
vt -0.724152 -0.547605
vn 0 0.895354 -0.445356
vt -0.726593 -0.550449
vt -0.00712236 -0.550449
vt -0.00956355 -0.547605
f 1123/2054/331 1114/2055/325 1115/2056/325 1122/2057/331 

vt 0.00956355 -0.610593
vn 0.445356 0.895354 -0
vt 0.00712236 -0.613437
vt 0.653221 -0.613437
vt 0.65078 -0.610593
f 1120/2058/332 1116/2059/326 1114/2060/326 1123/2061/332 

v 590.024 849.289 -9.97613
vt 0.0121994 -0.660292
vn 0.155038 0.975667 0.155038
vt 0.00956355 -0.663136
vt 0.65078 -0.663136
v 590.024 849.289 -530.024
vt 0.648144 -0.660292
vn 0.155038 0.975667 -0.155038
f 1124/2062/333 1120/2063/332 1123/2064/332 1125/2065/334 

vt 0.721516 0.0198122
v 585.442 849.289 -9.97613
vt 0.715913 0.0198122
vn -4.26048e-019 0.953028 0.302881
v 9.97613 849.289 -9.97613
vt 0.0121994 0.0198122
vn -0.155038 0.975667 0.155038
vt 0.00956355 0.0169685
vt 0.715913 0.0169685
vt 0.724152 0.0169685
f 1124/2066/333 1126/2067/335 1127/2068/336 1119/2069/328 1121/2070/328 1120/2071/328 

v 12.2399 849.821 -12.2399
vt 0.0149676 0.0199038
vn -0.0770794 0.994041 0.0770794
vt 0.0121994 0.0170602
vt 0.715913 0.0170602
vt 0.721516 0.0170602
v 587.76 849.821 -12.2399
vt 0.718748 0.0199038
vn 0.0770794 0.994041 0.0770794
v 585.442 849.821 -12.2399
vt 0.715913 0.0199038
vn -2.62157e-019 0.988187 0.153251
f 1128/2072/337 1127/2073/336 1126/2074/335 1124/2075/333 1129/2076/338 1130/2077/339 

v 12.2399 849.821 -527.76
vt -0.645376 0.0199038
vn -0.0770794 0.994041 -0.0770794
v 9.97613 849.289 -530.024
vt -0.648144 0.0170602
vn -0.155038 0.975667 -0.155038
vt -0.0121994 0.0170602
vt -0.0149676 0.0199038
f 1131/2078/340 1132/2079/341 1127/2080/336 1128/2081/337 

v 587.76 849.821 -527.76
vt -0.718748 -0.622932
vn 0.0770794 0.994041 -0.0770794
vt -0.721516 -0.625776
vt -0.0121994 -0.625776
vt -0.0149676 -0.622932
f 1133/2082/342 1125/2083/334 1132/2084/341 1131/2085/340 

vt 0.0149676 -0.694359
vt 0.0121994 -0.697202
vt 0.648144 -0.697202
vt 0.645376 -0.694359
f 1129/2086/338 1124/2087/333 1125/2088/334 1133/2089/342 

v 585.442 850 -14.5584
vt 0.0178028 -0.711987
vn 0.0256513 0.999342 0.0256513
vt 0.0149676 -0.71483
vt 0.645376 -0.71483
v 585.442 850 -525.442
vt 0.642541 -0.711987
vn 0.0256513 0.999342 -0.0256513
f 1134/2090/343 1129/2091/338 1133/2092/342 1135/2093/344 

v 14.5584 850 -14.5584
vt 0.0178028 0.0195588
vn -0.0256513 0.999342 0.0256513
vt 0.0149676 0.0167151
vt 0.715913 0.0167151
vt 0.718748 0.0167151
vt 0.715913 0.0195588
f 1136/2094/345 1128/2095/337 1130/2096/339 1129/2097/338 1134/2098/343 

v 14.5584 850 -525.442
vt -0.642541 0.0195588
vn -0.0256513 0.999342 -0.0256513
vt -0.645376 0.0167151
vt -0.0149676 0.0167151
vt -0.0178028 0.0195588
f 1137/2099/346 1131/2100/340 1128/2101/337 1136/2102/345 

vt -0.715913 -0.638832
vt -0.718748 -0.641676
vt -0.0149676 -0.641676
vt -0.0178028 -0.638832
f 1135/2103/344 1133/2104/342 1131/2105/340 1137/2106/346 

vt 0.0178028 0.642541
v 22.8198 850 -517.18
vt 0.0279054 0.632438
vt 0.715913 0.642541
f 1137/2107/346 1138/2108/243 1135/2109/344

v 22.8198 850 -22.8198
vt 0.0279054 0.0279054
f 1138/2108/243 1137/2107/346 1139/2110/243

vt 0.0178028 0.0178028
f 1136/2111/345 1139/2110/243 1137/2107/346

vt 0.715913 0.0178028
f 1139/2110/243 1136/2111/345 1134/2112/343

v 577.18 850 -22.8198
vt 0.70581 0.0279054
f 1139/2110/243 1134/2112/343 1140/2113/243

v 577.18 850 -517.18
vt 0.70581 0.632438
f 1140/2113/243 1134/2112/343 1141/2114/243

f 1135/2109/344 1141/2114/243 1134/2112/343

f 1135/2109/344 1138/2108/243 1141/2114/243

v 571.637 847 -512.237
vt 0.699031 0.545809
vn 5.73527e-020 0.854901 0.518792
vt 0.70581 0.552881
vt 0.0279054 0.552881
v 28.3634 847 -512.237
vt 0.0346845 0.545809
f 1142/2115/347 1141/2116/347 1138/2117/347 1143/2118/347 

vt -0.0279054 0.631944
vn -0.475941 0.879477 8.97695e-020
vt -0.632438 0.631944
vt -0.626393 0.624236
v 571.637 847 -27.7634
vt -0.0339507 0.624236
f 1140/2119/348 1141/2120/348 1142/2121/348 1144/2122/348 

v 28.3634 847 -27.7634
vt 0.0346845 0.0339507
vt 0.699031 0.0339507
vt 0.699031 0.626393
vt 0.0346845 0.626393
f 1145/2123/243 1144/2124/243 1142/2125/243 1143/2126/243 

vt -0.0346845 -0.018719
vn 1.49423e-018 0.854901 -0.518792
vt -0.0279054 -0.0116477
vt -0.70581 -0.0116477
vt -0.699031 -0.018719
f 1145/2127/349 1139/2128/349 1140/2129/349 1144/2130/349 

vt 0.0339507 -0.0210499
vn 0.475941 0.879477 1.24988e-018
vt 0.626393 -0.0210499
vt 0.632438 -0.0133419
vt 0.0279054 -0.0133419
f 1145/2131/350 1143/2132/350 1138/2133/350 1139/2134/350 

vt -0.721516 -0.592282
vt -0.724152 -0.595126
vt -0.00956355 -0.595126
vt -0.0121994 -0.592282
f 1125/2135/334 1123/2136/331 1122/2137/331 1132/2138/341 

vt -0.648144 0.0198122
vt -0.65078 0.0169685
vt -0.00956355 0.0169685
vt -0.0121994 0.0198122
f 1132/2139/341 1122/2140/329 1119/2141/329 1127/2142/336 

vt -0.653221 0.0183379
vt -0.65541 0.0154943
vt -0.0049335 0.0154943
vt -0.00712236 0.0183379
f 1115/2143/330 1113/2144/323 1111/2145/323 1118/2146/330 

g Mesh9 Group9 Model

v 203.798 719.458 1.50627e-014
vt -1.11022e-016 -0.00856001
vn 0.0654031 -0.997859 1.6517e-016
v 204.755 719.521 1.50523e-014
vt 0.001174 -0.00856001
vn 0.130526 -0.991445 1.64108e-016
v 204.755 719.521 7
vt 0.001174 1.73472e-018
v 203.798 719.458 7
vt -8.32667e-017 1.73472e-018
f 1146/2147/351 1147/2148/352 1148/2149/352 1149/2150/351 

v 205.696 719.708 1.50213e-014
vt 0.00234799 -0.00856001
vn 0.258819 -0.965926 1.59884e-016
v 205.696 719.708 7
vt 0.00234799 0
vt 0.001174 0
f 1147/2148/352 1150/2151/353 1151/2152/353 1148/2153/352 

v 206.605 720.017 1.49703e-014
vt 0.00352199 -0.00856001
vn 0.382683 -0.92388 1.52924e-016
v 206.605 720.017 7
vt 0.00352199 6.93889e-018
vt 0.00234799 1.73472e-018
f 1150/2151/353 1152/2154/354 1153/2155/354 1151/2156/353 

v 207.465 720.441 1.49001e-014
vt 0.00469598 -0.00856001
vn 0.5 -0.866025 1.43348e-016
v 207.465 720.441 7
vt 0.00469598 1.73472e-018
vt 0.00352199 5.20417e-018
f 1152/2154/354 1154/2157/355 1155/2158/355 1153/2159/354 

v 208.263 720.974 1.48118e-014
vt 0.00586998 -0.00856001
vn 0.608761 -0.793353 1.31319e-016
v 208.263 720.974 7
vt 0.00586998 1.73472e-018
f 1154/2157/355 1156/2160/356 1157/2161/356 1155/2158/355 

v 208.984 721.607 1.47071e-014
vt 0.00704397 -0.00856001
vn 0.707107 -0.707107 1.17043e-016
v 208.984 721.607 7
vt 0.00704397 1.73472e-018
f 1156/2160/356 1158/2162/357 1159/2163/357 1157/2161/356 

v 209.617 722.328 1.45877e-014
vt 0.00821797 -0.00856001
vn 0.793353 -0.608761 1.00765e-016
v 209.617 722.328 7
vt 0.00821797 6.93889e-018
f 1158/2162/357 1160/2164/358 1161/2165/358 1159/2163/357 

v 210.15 723.126 1.44557e-014
vt 0.00939196 -0.00856001
vn 0.866025 -0.5 8.27621e-017
v 210.15 723.126 7
vt 0.00939196 5.20417e-018
f 1160/2164/358 1162/2166/359 1163/2167/359 1161/2165/358 

v 210.574 723.986 1.43133e-014
vt 0.010566 -0.00856001
vn 0.92388 -0.382683 6.33434e-017
v 210.574 723.986 7
vt 0.010566 0
vt 0.00939196 3.46945e-018
f 1162/2166/359 1164/2168/360 1165/2169/360 1163/2170/359 

v 210.882 724.894 1.41629e-014
vt 0.01174 -0.00856001
vn 0.965926 -0.258819 4.28408e-017
v 210.882 724.894 7
vt 0.01174 0
f 1164/2168/360 1166/2171/361 1167/2172/361 1165/2169/360 

v 211.069 725.835 1.40072e-014
vt 0.0129139 -0.00856001
vn 0.991445 -0.130526 2.16052e-017
v 211.069 725.835 7
vt 0.0129139 1.73472e-018
vt 0.01174 1.73472e-018
f 1166/2171/361 1168/2173/362 1169/2174/362 1167/2175/361 

v 211.132 726.793 1.38487e-014
vt 0.0140879 -0.00856001
vn 0.997859 -0.0654031 1.08258e-017
v 211.132 726.793 7
vt 0.0140879 1.73472e-018
f 1168/2173/362 1170/2176/363 1171/2177/363 1169/2174/362 

vt 0.00896866 1.72084e-016
vn 1 2.18953e-047 4.93038e-032
v 211.132 810.458 -2.00371e-029
vt 0.11128 1.72084e-016
v 211.132 810.458 7
vt 0.11128 0.00856001
vt 0.00896866 0.00856001
f 1170/2178/364 1172/2179/364 1173/2180/364 1171/2181/364 

usemtl Metal_Silver
vt 0.692691 -4.40126e-016
vn 0 1 -1.65524e-016
v 29.1322 810.458 -0
vt 0.095578 -4.40126e-016
v 29.1322 810.458 7
vt 0.095578 -0.0229659
vt 0.692691 -0.0229659
f 1172/2182/365 1174/2183/365 1175/2184/365 1173/2185/365 

usemtl case1
vt -0.11128 1.72084e-016
vn -1 -2.18953e-047 -4.93038e-032
v 29.1322 726.793 1.38487e-014
vt -0.00896866 1.72084e-016
v 29.1322 726.793 7
vt -0.00896866 0.00856001
vt -0.11128 0.00856001
f 1174/2186/366 1176/2187/366 1177/2188/366 1175/2189/366 

vt 8.84709e-017 -0.00856001
vn -0.997859 -0.0654031 1.08258e-017
v 29.1949 725.835 1.40072e-014
vn -0.991445 -0.130526 2.16052e-017
v 29.1949 725.835 7
vt 8.67362e-017 1.73472e-018
f 1176/2190/367 1178/2148/368 1179/2149/368 1177/2191/367 

v 29.3821 724.894 1.41629e-014
vn -0.965926 -0.258819 4.28408e-017
v 29.3821 724.894 7
f 1178/2148/368 1180/2151/369 1181/2152/369 1179/2153/368 

v 29.6905 723.986 1.43133e-014
vn -0.92388 -0.382683 6.33434e-017
v 29.6905 723.986 7
vt 0.00352199 1.73472e-018
f 1180/2151/369 1182/2154/370 1183/2192/370 1181/2156/369 

v 30.1148 723.126 1.44557e-014
vn -0.866025 -0.5 8.27621e-017
v 30.1148 723.126 7
vt 0.00469598 3.46945e-018
vt 0.00352199 3.46945e-018
f 1182/2154/370 1184/2157/371 1185/2193/371 1183/2194/370 

v 30.6478 722.328 1.45877e-014
vn -0.793353 -0.608761 1.00765e-016
v 30.6478 722.328 7
vt 0.00586998 6.93889e-018
vt 0.00469598 5.20417e-018
f 1184/2157/371 1186/2160/372 1187/2195/372 1185/2196/371 

v 31.2803 721.607 1.47071e-014
vn -0.707107 -0.707107 1.17043e-016
v 31.2803 721.607 7
vt 0.00704397 6.93889e-018
f 1186/2160/372 1188/2162/373 1189/2197/373 1187/2195/372 

v 32.0016 720.974 1.48118e-014
vn -0.608761 -0.793353 1.31319e-016
v 32.0016 720.974 7
vt 0.00821797 5.20417e-018
vt 0.00704397 5.20417e-018
f 1188/2162/373 1190/2164/374 1191/2198/374 1189/2199/373 

v 32.7993 720.441 1.49001e-014
vn -0.5 -0.866025 1.43348e-016
v 32.7993 720.441 7
vt 0.00939196 1.73472e-018
vt 0.00821797 1.73472e-018
f 1190/2164/374 1192/2166/375 1193/2200/375 1191/2201/374 

v 33.6597 720.017 1.49703e-014
vn -0.382683 -0.92388 1.52924e-016
v 33.6597 720.017 7
vt 0.010566 5.20417e-018
vt 0.00939196 6.93889e-018
f 1192/2166/375 1194/2168/376 1195/2202/376 1193/2203/375 

v 34.5681 719.708 1.50213e-014
vn -0.258819 -0.965926 1.59884e-016
v 34.5681 719.708 7
f 1194/2168/376 1196/2171/377 1197/2172/377 1195/2169/376 

v 35.509 719.521 1.50523e-014
vn -0.130526 -0.991445 1.64108e-016
v 35.509 719.521 7
vt 0.0129139 -1.73472e-018
vt 0.01174 -1.73472e-018
f 1196/2171/377 1198/2173/378 1199/2204/378 1197/2205/377 

v 36.4663 719.458 1.50627e-014
vn -0.0654031 -0.997859 1.6517e-016
v 36.4663 719.458 7
vt 0.0140879 -1.73472e-018
f 1198/2173/378 1200/2176/379 1201/2206/379 1199/2204/378 

vt 0.00896866 1.74107e-016
vn -1.64215e-047 -1 1.65524e-016
vt 0.213592 2.2027e-016
vt 0.213592 0.00856001
f 1200/2207/380 1146/2208/380 1149/2209/380 1201/2181/380 

vt 0.213592 0
vn -4.93038e-032 1.65524e-016 1
v 36.4663 726.793 7
vt 0.00896866 0.00896866
vt 0.00896866 0
f 1149/2210/381 1202/2211/381 1201/2212/381

v 203.798 726.793 7
vt 0.213592 0.00896866
f 1202/2211/381 1149/2210/381 1203/2213/381

vt 0.214762 7.67282e-005
f 1203/2213/381 1149/2210/381 1148/2214/381

v 203.798 803.124 7
vt 0.213592 0.102311
f 1203/2213/381 1148/2214/381 1204/2215/381

vt 0.22256 0.11128
f 1173/2216/381 1204/2215/381 1148/2214/381

v 36.4663 803.124 7
vt 0.00896866 0.102311
f 1173/2216/381 1205/2217/381 1204/2215/381

vt 1.93112e-018 0.11128
f 1175/2218/381 1205/2217/381 1173/2216/381

vt 7.67282e-005 0.00779802
f 1175/2218/381 1179/2219/381 1205/2217/381

vt 1.93112e-018 0.00896866
f 1179/2219/381 1175/2218/381 1177/2220/381

vt 0.0003056 0.0066474
f 1205/2217/381 1179/2219/381 1181/2221/381

vt 0.000682699 0.0055365
f 1205/2217/381 1181/2221/381 1183/2222/381

vt 0.00120157 0.00448433
f 1205/2217/381 1183/2222/381 1185/2223/381

vt 0.00185334 0.00350889
f 1205/2217/381 1185/2223/381 1187/2224/381

vt 0.00262686 0.00262686
f 1205/2217/381 1187/2224/381 1189/2225/381

vt 0.00350889 0.00185334
f 1205/2217/381 1189/2225/381 1191/2226/381

vt 0.00448433 0.00120157
f 1205/2217/381 1191/2226/381 1193/2227/381

vt 0.0055365 0.000682699
f 1205/2217/381 1193/2227/381 1195/2228/381

vt 0.0066474 0.0003056
f 1205/2217/381 1195/2228/381 1197/2229/381

vt 0.00779802 7.67282e-005
f 1205/2217/381 1197/2229/381 1199/2230/381

f 1205/2217/381 1199/2230/381 1201/2212/381

f 1205/2217/381 1201/2212/381 1202/2211/381

usemtl Metal_Silver
v 36.4663 726.793 11
vt 0.0360892 2.38449
v 36.4663 803.124 11
vt 0.0360892 2.63492
vt 0.0229659 2.63492
vt 0.0229659 2.38449
f 1206/2231/366 1207/2232/366 1205/2233/366 1202/2234/366 

usemtl CASSETTO_Loading_Washing_Machine
vt 2.77556e-017 0
v 203.798 726.793 11
vt 1.00524 0
v 203.798 803.124 11
vt 1.00524 1.01659
vt 2.77556e-017 1.01659
f 1206/2235/381 1208/2236/381 1209/2237/381 1207/2238/381 

usemtl Metal_Silver
vt -0.668629 -0.0360892
vt -0.11964 -0.0360892
vt -0.11964 -0.0229659
vt -0.668629 -0.0229659
f 1208/2239/380 1206/2240/380 1202/2241/380 1203/2242/380 

vt -0.0360892 2.63492
vt -0.0360892 2.38449
vt -0.0229659 2.38449
vt -0.0229659 2.63492
f 1209/2243/364 1208/2244/364 1203/2245/364 1204/2246/364 

vt 0.11964 -0.0360892
vn 1.09476e-047 1 -1.65524e-016
vt 0.668629 -0.0360892
vt 0.668629 -0.0229659
vt 0.11964 -0.0229659
f 1207/2247/382 1209/2248/382 1204/2249/382 1205/2250/382 

usemtl case1
vt 0.215913 0.0003056
f 1173/2216/381 1148/2214/381 1151/2251/381

vt 0.217024 0.000682699
f 1173/2216/381 1151/2251/381 1153/2252/381

vt 0.218076 0.00120157
f 1173/2216/381 1153/2252/381 1155/2253/381

vt 0.219051 0.00185334
f 1173/2216/381 1155/2253/381 1157/2254/381

vt 0.219933 0.00262686
f 1173/2216/381 1157/2254/381 1159/2255/381

vt 0.220707 0.00350889
f 1173/2216/381 1159/2255/381 1161/2256/381

vt 0.221359 0.00448433
f 1173/2216/381 1161/2256/381 1163/2257/381

vt 0.221878 0.0055365
f 1173/2216/381 1163/2257/381 1165/2258/381

vt 0.222255 0.0066474
f 1173/2216/381 1165/2258/381 1167/2259/381

vt 0.222484 0.00779802
f 1173/2216/381 1167/2259/381 1169/2260/381

vt 0.22256 0.00896866
f 1173/2216/381 1169/2260/381 1171/2261/381

g Mesh10 Group10 Model

usemtl Metal_Silver
v 407 758.058 1.02144e-013
vt -2.55707 2.55864
vn -2.20451e-016 -1.59038e-016 -1
v 407.935 749.735 1.07361e-013
vt -2.56122 2.52174
v 408.009 749.078 1.03188e-013
vt -2.56155 2.51883
v 406.66 740.143 1.05274e-013
vt -2.55557 2.47921
v 403.044 731.862 1.07361e-013
vt -2.53954 2.4425
v 397.408 724.799 1.09448e-013
vt -2.51455 2.41118
v 390.136 719.435 1.12578e-013
vt -2.48231 2.3874
v 381.724 716.136 1.14665e-013
vt -2.44501 2.37277
v 372.744 715.127 1.17795e-013
vt -2.4052 2.3683
v 363.81 716.476 1.18838e-013
vt -2.36559 2.37428
v 355.528 720.092 1.20925e-013
vt -2.32887 2.39031
v 348.465 725.728 1.20925e-013
vt -2.29756 2.4153
v 343.101 733 1.20925e-013
vt -2.27378 2.44754
v 339.802 741.412 1.20925e-013
vt -2.25915 2.48484
v 338.867 749.735 1.15708e-013
vt -2.255 2.52174
v 338.793 750.392 1.19882e-013
vt -2.25467 2.52465
v 340.142 759.326 1.17795e-013
vt -2.26066 2.56426
v 343.758 767.608 1.15708e-013
vt -2.27669 2.60098
v 349.394 774.671 1.13622e-013
vt -2.30167 2.63229
v 356.666 780.035 1.10491e-013
vt -2.33391 2.65607
v 365.078 783.334 1.08405e-013
vt -2.37121 2.6707
v 374.058 784.343 1.05274e-013
vt -2.41102 2.67518
v 382.993 782.994 1.04231e-013
vt -2.45064 2.66919
v 391.274 779.378 1.02144e-013
vt -2.48735 2.65316
v 398.337 773.742 1.02144e-013
vt -2.51867 2.62818
v 403.701 766.47 1.02144e-013
vt -2.54245 2.59593
f 1210/2262/383 1211/2263/383 1212/2264/383 1213/2265/383 1214/2266/383 1215/2267/383 1216/2268/383 1217/2269/383 1218/2270/383 1219/2271/383 1220/2272/383 1221/2273/383 1222/2274/383 1223/2275/383 1224/2276/383 1225/2277/383 1226/2278/383 1227/2279/383 1228/2280/383 1229/2281/383 1230/2282/383 1231/2283/383 1232/2284/383 1233/2285/383 1234/2286/383 1235/2287/383 

v 402.41 749.735 12.6993
vt 0.120974 -0.0663595
vn 0.912131 0.10252 0.396871
vt 0.118238 -0.1277
vt 0.155371 -0.1277
vn 0.889732 0.2204 0.39975
v 401.624 756.726 12.6993
vt 0.152166 -0.0663595
f 1236/2288/384 1211/2289/384 1210/2290/385 1237/2291/385 

v 402.472 749.183 12.6993
vt 0.118513 -0.0663595
vn 0.916459 -0.0173901 0.39975
vt 0.115308 -0.1277
f 1236/2288/384 1238/2292/386 1212/2293/386 1211/2289/384 

v 394.347 769.901 12.6993
vt 0.246304 0.242846
vn 2.58214e-016 1.78544e-016 1
v 388.414 774.635 12.6993
vt 0.219999 0.263835
v 381.458 777.672 12.6993
vt 0.189159 0.2773
v 373.953 778.806 12.6993
vt 0.155883 0.282325
v 366.41 777.958 12.6993
vt 0.122441 0.278566
v 359.343 775.187 12.6993
vt 0.0911118 0.26628
v 353.235 770.681 12.6993
vt 0.0640297 0.246304
v 348.501 764.748 12.6993
vt 0.0430405 0.219999
v 345.464 757.792 12.6993
vt 0.0295747 0.189159
v 344.33 750.287 12.6993
vt 0.02455 0.155883
v 344.392 749.735 12.6993
vt 0.0248249 0.153438
v 345.178 742.744 12.6993
vt 0.0283088 0.122441
v 347.949 735.677 12.6993
vt 0.0405948 0.0911118
v 352.455 729.569 12.6993
vt 0.060571 0.0640297
v 358.388 724.835 12.6993
vt 0.0868758 0.0430405
v 365.344 721.797 12.6993
vt 0.117717 0.0295747
v 372.849 720.664 12.6993
vt 0.150992 0.02455
v 380.392 721.512 12.6993
vt 0.184434 0.0283088
v 387.459 724.283 12.6993
vt 0.215763 0.0405948
v 393.567 728.789 12.6993
vt 0.242846 0.060571
v 398.301 734.722 12.6993
vt 0.263835 0.0868758
v 401.339 741.678 12.6993
vt 0.2773 0.117717
vt 0.282325 0.150992
vt 0.28205 0.153438
vt 0.278566 0.184434
v 398.853 763.793 12.6993
vt 0.26628 0.215763
f 1239/2294/387 1240/2295/387 1241/2296/387 1242/2297/387 1243/2298/387 1244/2299/387 1245/2300/387 1246/2301/387 1247/2302/387 1248/2303/387 1249/2304/387 1250/2305/387 1251/2306/387 1252/2307/387 1253/2308/387 1254/2309/387 1255/2310/387 1256/2311/387 1257/2312/387 1258/2313/387 1259/2314/387 1260/2315/387 1238/2316/387 1236/2317/387 1237/2318/387 1261/2319/387 

vt -0.00741044 -0.0846236
vn 0.47329 0.784982 0.39975
vt -0.0410629 -0.0846236
vn 0.660331 0.635738 0.39975
vt -0.0442679 -0.145964
vt -0.00420545 -0.145964
f 1240/2320/388 1239/2321/389 1234/2322/389 1233/2323/388 

vt 0.0155736 -0.0841971
vn 0.802372 0.443169 0.39975
vt 0.0123686 -0.145538
vt 0.052431 -0.145538
vt 0.049226 -0.0841971
f 1261/2324/390 1235/2325/390 1234/2326/389 1239/2327/389 

vt 0.0700021 -0.0779676
vt 0.0667971 -0.139308
vt 0.10686 -0.139308
vt 0.103655 -0.0779676
f 1237/2328/385 1210/2329/385 1235/2330/390 1261/2331/390 

vt -0.0623952 -0.079218
vn 0.253995 0.880731 0.39975
vt -0.0960477 -0.079218
vt -0.0992527 -0.140559
vt -0.0591902 -0.140559
f 1241/2332/391 1240/2333/388 1233/2334/388 1232/2335/391 

vt -0.111981 -0.0683487
vn 0.0173901 0.916459 0.39975
vt -0.145634 -0.0683487
vt -0.148839 -0.12969
vt -0.108776 -0.12969
f 1242/2336/392 1241/2337/391 1232/2338/391 1231/2339/392 

vt -0.152789 -0.0527564
vn -0.2204 0.889732 0.39975
vt -0.186442 -0.0527564
vt -0.189647 -0.114097
vt -0.149584 -0.114097
f 1243/2340/393 1242/2341/392 1231/2342/392 1230/2343/393 

vt -0.182038 -0.0335037
vn -0.443169 0.802372 0.39975
vt -0.215691 -0.0335037
vt -0.218896 -0.0948445
vt -0.178833 -0.0948445
f 1244/2344/394 1243/2345/393 1230/2346/393 1229/2347/394 

vt -0.197735 -0.0119026
vn -0.635738 0.660331 0.39975
vt -0.231387 -0.0119026
vt -0.234592 -0.0732434
vt -0.19453 -0.0732434
f 1245/2348/395 1244/2349/394 1229/2350/394 1228/2351/395 

vt -0.19881 0.0105748
vn -0.784982 0.47329 0.39975
vt -0.232462 0.0105748
vt -0.235667 -0.050766
vt -0.195605 -0.050766
f 1246/2352/396 1245/2353/395 1228/2354/395 1227/2355/396 

vt -0.218841 0.0323966
vt -0.222046 -0.0289441
vt -0.181984 -0.0289441
vn -0.880731 0.253995 0.39975
vt -0.185189 0.0323966
f 1246/2356/396 1227/2357/396 1226/2358/397 1247/2359/397 

vt -0.191454 0.0520759
vt -0.194659 -0.00926489
vt -0.154596 -0.00926489
vn -0.916459 0.0173901 0.39975
vt -0.157801 0.0520759
f 1247/2360/397 1226/2361/397 1225/2362/398 1248/2363/398 

vt -0.152166 0.0682714
vt -0.155371 0.0069306
vt -0.152441 0.0069306
vn -0.912131 -0.10252 0.396871
vt -0.149705 0.0682714
f 1248/2364/398 1225/2365/398 1224/2366/399 1249/2367/399 

vt -0.115308 0.0069306
vn -0.889732 -0.2204 0.39975
vt -0.118513 0.0682714
f 1249/2367/399 1224/2366/399 1223/2368/400 1250/2369/400 

vt -0.103655 0.0798794
vt -0.10686 0.0185387
vt -0.0667971 0.0185387
vn -0.802372 -0.443169 0.39975
vt -0.0700021 0.0798794
f 1250/2370/400 1223/2371/400 1222/2372/401 1251/2373/401 

vt -0.049226 0.086109
vt -0.052431 0.0247682
vt -0.0123686 0.0247682
vn -0.660331 -0.635738 0.39975
vt -0.0155736 0.086109
f 1251/2374/401 1222/2375/401 1221/2376/402 1252/2377/402 

vt 0.00420545 0.0251947
vt 0.0442679 0.0251947
vn -0.47329 -0.784982 0.39975
vt 0.0410629 0.0865355
vt 0.00741044 0.0865355
f 1221/2378/402 1220/2379/403 1253/2380/403 1252/2381/402 

vt 0.0591902 0.0197891
vt 0.0992527 0.0197891
vn -0.253995 -0.880731 0.39975
vt 0.0960477 0.0811299
vt 0.0623952 0.0811299
f 1220/2382/403 1219/2383/404 1254/2384/404 1253/2385/403 

vt 0.108776 0.00891983
vt 0.148839 0.00891983
vn -0.0173901 -0.916459 0.39975
vt 0.145634 0.0702606
vt 0.111981 0.0702606
f 1219/2386/404 1218/2387/405 1255/2388/405 1254/2389/404 

vt 0.149584 -0.00667248
vt 0.189647 -0.00667248
vn 0.2204 -0.889732 0.39975
vt 0.186442 0.0546683
vt 0.152789 0.0546683
f 1218/2390/405 1217/2391/406 1256/2392/406 1255/2393/405 

vt 0.178833 -0.0259252
vt 0.218896 -0.0259252
vn 0.443169 -0.802372 0.39975
vt 0.215691 0.0354156
vt 0.182038 0.0354156
f 1217/2394/406 1216/2395/407 1257/2396/407 1256/2397/406 

vt 0.19453 -0.0475263
vt 0.234592 -0.0475263
vn 0.635738 -0.660331 0.39975
vt 0.231387 0.0138145
vt 0.197735 0.0138145
f 1216/2398/407 1215/2399/408 1258/2400/408 1257/2401/407 

vt 0.19881 -0.00866289
vt 0.195605 -0.0700037
vt 0.235667 -0.0700037
vn 0.784982 -0.47329 0.39975
vt 0.232462 -0.00866289
f 1258/2402/408 1215/2403/408 1214/2404/409 1259/2405/409 

vt 0.185189 -0.0304848
vt 0.181984 -0.0918255
vt 0.222046 -0.0918255
vn 0.880731 -0.253995 0.39975
vt 0.218841 -0.0304848
f 1259/2406/409 1214/2407/409 1213/2408/410 1260/2409/410 

vt 0.157801 -0.050164
vt 0.154596 -0.111505
vt 0.194659 -0.111505
vt 0.191454 -0.050164
f 1260/2410/410 1213/2411/410 1212/2412/386 1238/2413/386 

g Mesh11 Group10 Model

usemtl _1
v 373.507 773.743 12.999
vt -1.84689 0.691582
vn 8.58744e-031 1 3.80653e-015
v 372.945 773.743 12.999
vt -1.81696 0.691582
v 372.945 773.743 13.1396
vt -1.81696 0.699063
v 373.507 773.743 13.1396
vt -1.84689 0.699063
f 1262/2414/411 1263/2415/411 1264/2416/411 1265/2417/411 

vt -3.31931 0.699063
vn -0.992325 0.123659 6.92629e-017
vt -3.31931 0.691582
v 371.746 764.123 12.6993
vt -2.80354 0.675638
v 371.746 764.123 13.4393
vt -2.80354 0.715008
f 1264/2418/412 1263/2419/412 1266/2420/412 1267/2421/412 

vt 1.75318 0.675638
vn 0 -1 -6.66268e-032
v 374.706 764.123 12.6993
vt 1.91067 0.675638
v 374.706 764.123 13.4393
vt 1.91067 0.715008
vt 1.75318 0.715008
f 1266/2422/413 1268/2423/413 1269/2424/413 1267/2425/413 

vt 2.86624 0.699063
vn 0.992325 0.123659 -9.25074e-017
vt 2.35047 0.715008
vt 2.35047 0.675638
vt 2.86624 0.691582
f 1265/2426/414 1269/2427/414 1268/2428/414 1262/2429/414 

vt -1.91067 -2.58322
vn -9.23175e-016 0.0311387 0.999515
vt -1.84689 -3.09528
vt -1.81696 -3.09528
vt -1.75318 -2.58322
f 1269/2430/415 1265/2431/415 1264/2432/415 1267/2433/415 

g Mesh12 Group11 Model

usemtl Metal_Silver
v 568.174 734.31 1.14212e-014
vt -3.7471e-017 2.40915
v 568.174 803.31 -0
vt 0 2.63553
v 568.174 803.31 4
vt -0.0131234 2.63553
v 568.174 734.31 4
vt -0.0131234 2.40915
f 1270/2434/4 1271/2435/4 1272/2436/4 1273/2437/4 

vt 1.86409 -4.36244e-016
vn -8.75812e-050 1 -1.65524e-016
v 469.174 803.31 -4.00741e-029
vt 1.53929 -4.36244e-016
v 469.174 803.31 4
vt 1.53929 -0.0131234
vt 1.86409 -0.0131234
f 1271/2438/416 1274/2439/416 1275/2440/416 1272/2441/416 

vt -1.97215e-031 2.63553
v 469.174 734.31 1.14212e-014
vt 3.7471e-017 2.40915
v 469.174 734.31 4
vt 0.0131234 2.40915
vt 0.0131234 2.63553
f 1274/2442/319 1276/2443/319 1277/2444/319 1275/2445/319 

vt -1.53929 -4.36244e-016
vn 5.5614e-048 -1 1.65524e-016
vt -1.86409 -4.36244e-016
vt -1.86409 -0.0131234
vt -1.53929 -0.0131234
f 1276/2446/417 1270/2447/417 1273/2448/417 1277/2449/417 

usemtl washing_machine_pannel
vn 0 1.65524e-016 1
vt 1 0
vt 1 1
vt 9.24446e-033 1
f 1277/158/418 1273/2450/418 1272/2451/418 1275/2452/418 

g Mesh13 Group12 Model

usemtl _Mirror_02_1
v 448.494 433.756 38
vt -10.6641 9.14479
vn -0.802892 1.02669e-015 0.596125
v 441.974 433.756 29.2184
vt -10.6306 8.71549
v 437.137 397.01 29.2184
vt -9.1714 8.71549
vn -0.775534 0.207804 0.596125
v 443.435 395.323 38
vt -9.13789 9.14479
f 1278/2453/419 1279/2454/419 1280/2455/420 1281/2456/420 

v 443.435 472.189 38
vt -8.36037 10.5105
vn -0.775534 -0.207804 0.596125
v 437.137 470.501 29.2184
vt -8.32687 10.0812
vt -6.86771 10.0812
vt -6.8342 10.5105
f 1282/2457/421 1283/2458/421 1279/2459/419 1278/2460/419 

v 428.6 508.003 38
vt -5.53894 11.4762
vn -0.695325 -0.401446 0.596125
v 422.953 504.743 29.2184
vt -5.50544 11.0469
vt -4.04627 11.0469
vt -4.01277 11.4762
f 1284/2461/422 1285/2462/422 1283/2463/421 1282/2464/421 

vt -0.865868 11.976
v 419.406 519.984 38
vt -1.46044 11.976
vn -0.638914 -0.490256 0.592822
v 417.086 519.984 35.4993
vt -1.51605 11.8538
v 414.828 515.332 29.2184
vt -1.42487 11.5467
vt -0.899374 11.5467
f 1284/2465/422 1286/2466/423 1287/2467/423 1288/2468/423 1285/2469/422 

v 428.6 359.509 38
vt 13.8876 5.90151
vn 7.19624e-017 1.08129e-017 1
v 416.932 344.302 38
vt 13.4282 5.30284
v 417.086 343.984 38
vt 13.4343 5.29031
v 451.418 343.984 38
vt 14.786 5.29031
v 457.022 357.999 38
vt 15.0066 5.84206
v 461.644 372.367 38
vt 15.1886 6.40773
v 465.262 387.02 38
vt 15.331 6.98463
v 467.858 401.888 38
vt 15.4332 7.56999
v 469.421 416.9 38
vt 15.4948 8.16102
v 469.943 431.984 38
vt 15.5153 8.75488
v 469.421 447.068 38
vt 15.4948 9.34874
v 467.858 462.08 38
vt 15.4332 9.93977
v 465.262 476.949 38
vt 15.331 10.5251
v 461.644 491.602 38
vt 15.1886 11.102
v 457.022 505.97 38
vt 15.0066 11.6677
v 451.418 519.984 38
vt 14.786 12.2194
vt 13.5257 12.2194
vt 13.8876 11.7477
vt 14.4717 10.3377
vt 14.6709 8.82463
vt 14.4717 7.31151
f 1289/2470/424 1290/2471/424 1291/2472/424 1292/2473/424 1293/2474/424 1294/2475/424 1295/2476/424 1296/2477/424 1297/2478/424 1298/2479/424 1299/2480/424 1300/2481/424 1301/2482/424 1302/2483/424 1303/2484/424 1304/2485/424 1286/2486/424 1284/2487/424 1282/2488/424 1278/2489/424 1281/2490/424 

vt -13.1362 5.60664
vn -0.695325 0.401446 0.596125
v 422.953 362.769 29.2184
vt -13.1027 5.17733
v 413.774 350.806 29.2184
vt -12.5091 5.17733
vn -0.638914 0.490256 0.592822
vt -12.3816 5.60664
f 1289/2491/425 1305/2492/425 1306/2493/426 1290/2494/426 

vt -12.293 7.47219
vt -12.2595 7.04289
vt -10.8004 7.04289
vt -10.7668 7.47219
f 1281/2495/420 1280/2496/420 1305/2497/425 1289/2498/425 

v 420.884 363.963 26
vt -10.8126 6.88555
v 434.828 397.629 26
vt -12.2472 6.88555
f 1307/2499/425 1305/2497/425 1280/2496/420 1308/2500/420 

v 405.001 328.754 38
vt -11.6101 5.60664
vn -0.56773 0.56773 0.596125
vt -13.0904 5.02
v 398.701 335.055 26
vt -11.6558 5.02
f 1309/2501/427 1290/2494/426 1306/2493/426 1305/2492/425 1307/2502/425 1310/2503/427 

usemtl Mirror_02
vt 0.107988 0.0390893
vn 2.3978e-016 -4.47317e-017 1
v 439.475 294.28 38
vt 0.119298 0.0277789
vt 0.111902 0.0441903
f 1309/2504/428 1311/2505/428 1290/2506/428

v 398.624 262.934 38
vt 0.105896 0.0174947
f 1309/2504/428 1312/2507/428 1311/2505/428

v 374.247 305.156 38
vt 0.0978979 0.031347
f 1313/2508/428 1312/2507/428 1309/2504/428

v 351.052 243.229 38
vt 0.0902878 0.0110297
f 1313/2508/428 1314/2509/428 1312/2507/428

v 338.433 290.321 38
vt 0.0861479 0.02648
f 1315/2510/428 1314/2509/428 1313/2508/428

v 300 285.261 38
vt 0.0735386 0.0248199
f 1316/2511/428 1314/2509/428 1315/2510/428

v 300 236.508 38
vt 0.0735386 0.00882463
f 1316/2511/428 1317/2512/428 1314/2509/428

v 261.567 290.321 38
vt 0.0609293 0.02648
f 1318/2513/428 1317/2512/428 1316/2511/428

v 248.948 243.229 38
vt 0.0567894 0.0110297
f 1318/2513/428 1319/2514/428 1317/2512/428

v 225.753 305.156 38
vt 0.0491793 0.031347
f 1320/2515/428 1319/2514/428 1318/2513/428

v 201.376 262.934 38
vt 0.0411816 0.0174947
f 1320/2515/428 1321/2516/428 1319/2514/428

v 194.999 328.754 38
vt 0.0390893 0.0390893
f 1322/2517/428 1321/2516/428 1320/2515/428

v 171.4 359.509 38
vt 0.031347 0.0491793
f 1323/2518/428 1321/2516/428 1322/2517/428

v 160.525 294.28 38
vt 0.0277789 0.0277789
f 1323/2518/428 1324/2519/428 1321/2516/428

v 156.565 395.323 38
vt 0.02648 0.0609293
f 1325/2520/428 1324/2519/428 1323/2518/428

v 151.506 433.756 38
vt 0.0248199 0.0735386
f 1326/2521/428 1324/2519/428 1325/2520/428

v 129.178 532.38 38
vt 0.0174947 0.105896
f 1327/2522/428 1324/2519/428 1326/2521/428

v 129.178 335.132 38
vt 0.0174947 0.0411816
f 1327/2522/428 1328/2523/428 1324/2519/428

v 109.473 484.807 38
vt 0.0110297 0.0902878
f 1329/2524/428 1328/2523/428 1327/2522/428

v 109.473 382.704 38
vt 0.0110297 0.0567894
f 1329/2524/428 1330/2525/428 1328/2523/428

v 102.752 433.756 38
vt 0.00882463 0.0735386
f 1330/2525/428 1329/2524/428 1331/2526/428

vt -0.0740613 0.00971699
vn -0.816219 -8.39534e-016 0.577743
vt -0.090955 0.00971699
vn -0.788407 0.211253 0.577743
v 83.492 491.769 3.9241e-014
vt -0.0921069 -0.00551384
v 75.8544 433.756 5.05666e-014
vt -0.0729094 -0.00551384
f 1331/2527/429 1329/2528/430 1332/2529/430 1333/2530/429 

vt -0.0876359 -0.00378911
vt -0.10453 -0.00378911
vn -0.706866 0.408109 0.577743
v 105.884 545.829 2.52412e-014
vt -0.105681 -0.0190199
vt -0.0864841 -0.0190199
f 1329/2531/430 1327/2532/431 1334/2533/431 1332/2534/430 

vt -0.0946626 -0.0188532
v 160.525 573.231 38
vt -0.111556 -0.0188532
vn -0.577154 0.577154 0.577743
v 141.505 592.251 9.52128e-015
vt -0.112708 -0.034084
vt -0.0935108 -0.034084
f 1327/2535/431 1335/2536/432 1336/2537/432 1334/2538/431 

vt 0.0277789 0.119298
f 1326/2521/428 1335/2539/428 1327/2522/428

v 156.565 472.189 38
vt 0.02648 0.0861479
f 1335/2539/428 1326/2521/428 1337/2540/428

usemtl _Mirror_02_1
vt 9.13789 0.137117
vn 0.802892 5.87102e-016 0.596125
v 160.415 433.756 26
vt 9.18368 -0.449523
v 165.172 469.883 26
vt 10.6183 -0.449523
vn 0.775534 -0.207804 0.596125
vt 10.6641 0.137117
f 1326/2541/433 1338/2542/433 1339/2543/434 1337/2544/434 

vt 6.8342 -1.22856
vn 0.775534 0.207804 0.596125
v 165.172 397.629 26
vt 6.87999 -1.8152
vt 8.31459 -1.8152
vt 8.36037 -1.22856
f 1325/2545/435 1340/2546/435 1338/2547/433 1326/2548/433 

vt 5.53894 -2.19424
vt 4.01277 -2.19424
vn 0.695325 0.401446 0.596125
v 179.116 363.963 26
vt 4.05855 -2.78088
vt 5.49316 -2.78088
f 1325/2549/435 1323/2550/436 1341/2551/436 1340/2552/435 

vt 2.39204 -2.69411
vt 0.865868 -2.69411
vn 0.56773 0.56773 0.596125
v 201.299 335.055 26
vt 0.911653 -3.28075
vt 2.34626 -3.28075
f 1323/2553/436 1322/2554/437 1342/2555/437 1341/2556/436 

vt -0.865868 -2.69411
vt -2.39204 -2.69411
vn 0.401446 0.695325 0.596125
v 230.208 312.872 26
vt -2.34626 -3.28075
vt -0.911653 -3.28075
f 1322/2557/437 1320/2558/438 1343/2559/438 1342/2560/437 

vt -4.01277 -2.19424
vt -5.53894 -2.19424
vn 0.207804 0.775534 0.596125
v 263.873 298.927 26
vt -5.49316 -2.78088
vt -4.05855 -2.78088
f 1320/2561/438 1318/2562/439 1344/2563/439 1343/2564/438 

vt -6.8342 -1.22856
vt -8.36037 -1.22856
vn -1.74945e-015 0.802892 0.596125
v 300 294.171 26
vt -8.31459 -1.8152
vt -6.87999 -1.8152
f 1318/2565/439 1316/2566/440 1345/2567/440 1344/2568/439 

vt -9.13789 0.137117
vt -10.6641 0.137117
vn -0.207804 0.775534 0.596125
v 336.127 298.927 26
vt -10.6183 -0.449523
vt -9.18368 -0.449523
f 1316/2569/440 1315/2570/441 1346/2571/441 1345/2572/440 

vt -10.8126 1.22308
vt -10.7668 1.80972
vt -12.293 1.80972
vn -0.401446 0.695325 0.596125
v 369.792 312.872 26
vt -12.2472 1.22308
f 1346/2573/441 1315/2574/441 1313/2575/442 1347/2576/442 

vt -11.6558 3.08864
vt -11.6101 3.67528
vt -13.1362 3.67528
vt -13.0904 3.08864
f 1347/2577/442 1313/2578/442 1309/2579/427 1310/2580/427 

usemtl oblo
v 398.701 532.457 26
vt 0.838401 0.835033
vn 2.12875e-016 -8.33571e-017 1
v 369.792 554.64 26
vt 0.740876 0.909867
v 336.127 568.584 26
vt 0.627306 0.956909
v 300 573.34 26
vt 0.50543 0.972955
v 263.873 568.584 26
vt 0.383554 0.956909
v 230.208 554.64 26
vt 0.269984 0.909867
v 201.299 532.457 26
vt 0.172459 0.835034
v 179.116 503.548 26
vt 0.0976254 0.737509
vt 0.050583 0.623939
vt 0.0345377 0.502063
vt 0.0505829 0.380187
vt 0.0976252 0.266617
vt 0.172459 0.169092
vt 0.269984 0.0942581
vt 0.383554 0.0472158
vt 0.50543 0.0311706
vt 0.627306 0.0472158
vt 0.740876 0.0942581
vt 0.838401 0.169092
vt 0.913234 0.266617
vt 0.960277 0.380187
v 439.585 433.756 26
vt 0.976322 0.502063
v 434.828 469.883 26
vt 0.960277 0.623938
v 420.884 503.548 26
vt 0.913235 0.737509
f 1348/2581/443 1349/2582/443 1350/2583/443 1351/2584/443 1352/2585/443 1353/2586/443 1354/2587/443 1355/2588/443 1339/2589/443 1338/2590/443 1340/2591/443 1341/2592/443 1342/2593/443 1343/2594/443 1344/2595/443 1345/2596/443 1346/2597/443 1347/2598/443 1310/2599/443 1307/2600/443 1308/2601/443 1356/2602/443 1357/2603/443 1358/2604/443 

usemtl _Mirror_02_1
vt 0.911653 11.3894
vn -0.401446 -0.695325 0.596125
vt 2.34626 11.3894
vn -0.56773 -0.56773 0.596125
v 405.001 538.757 38
vt 2.39204 11.976
v 374.247 562.356 38
vt 0.865868 11.976
f 1349/2605/444 1348/2606/445 1359/2607/445 1360/2608/444 

vt -0.911653 11.3894
vt -2.39204 11.976
vt -2.34626 11.3894
f 1358/2609/422 1285/2469/422 1288/2468/423 1287/2467/423 1286/2466/423 1359/2610/445 1348/2611/445 

vt -4.05855 10.8895
vt -5.49316 10.8895
f 1357/2612/421 1283/2463/421 1285/2462/422 1358/2613/422 

vt -6.87999 9.92383
vn -0.802892 6.56877e-016 0.596125
vt -8.31459 9.92383
f 1356/2614/446 1279/2459/446 1283/2458/421 1357/2615/421 

vt -9.18368 8.55815
vt -10.6183 8.55815
f 1308/2616/420 1280/2455/420 1279/2454/446 1356/2617/446 

v 410.416 506.244 29.2184
vt -13.1717 11.6785
vt -13.3454 12.0363
vt -13.6653 11.6194
vt -14.2237 10.2713
vt -14.4142 8.82463
vt -14.2237 7.37795
vt -13.6653 6.02986
vt -13.3039 5.5589
v 410.416 357.725 29.2184
vt -13.1717 5.83127
v 404.896 371.966 29.2184
vt -12.9544 6.39196
v 400.564 386.613 29.2184
vt -12.7838 6.9686
v 397.448 401.565 29.2184
vt -12.6612 7.55729
v 395.57 416.723 29.2184
vt -12.5872 8.15406
v 394.943 431.984 29.2184
vt -12.5625 8.75488
v 395.57 447.245 29.2184
vt -12.5872 9.3557
v 397.448 462.403 29.2184
vt -12.6612 9.95247
v 400.564 477.356 29.2184
vt -12.7838 10.5412
v 404.896 492.002 29.2184
vt -12.9544 11.1178
f 1361/2618/320 1288/2619/320 1285/2620/320 1283/2621/320 1279/2622/320 1280/2623/320 1305/2624/320 1306/2625/320 1362/2626/320 1363/2627/320 1364/2628/320 1365/2629/320 1366/2630/320 1367/2631/320 1368/2632/320 1369/2633/320 1370/2634/320 1371/2635/320 

v 417.086 519.984 43.2184
vt -16.8595 1.70151
vn -0.899605 0.436705 -5.18592e-015
vt -16.8595 1.39761
vt -16.6559 1.15033
vt -16.2582 1.15033
vn -0.916783 0.399386 -2.59515e-015
v 410.416 506.244 43.2184
vt -16.2582 1.70151
f 1372/2636/447 1287/2637/447 1288/2638/447 1361/2639/448 1373/2640/448 

v 451.418 519.984 43.2184
vt -14.786 1.70151
vt -14.786 1.49606
vt -13.5257 1.49606
vt -13.4343 1.39761
vt -13.4343 1.70151
f 1374/2641/243 1304/2642/243 1286/2643/243 1287/2644/243 1372/2645/243 

v 457.022 505.97 43.2184
vt 5.2622 1.70151
vn 0.940805 0.338949 -2.31688e-015
vt 5.2622 1.49606
vt 5.85642 1.49606
vn 0.928524 0.371272 -9.65687e-015
vt 5.85642 1.70151
f 1375/2646/449 1303/2647/449 1304/2648/450 1374/2649/450 

v 461.644 491.602 43.2184
vt 5.91766 1.70151
vn 0.961979 0.273124 1.71305e-014
vt 5.91766 1.49606
vt 6.51188 1.49606
vt 6.51188 1.70151
f 1376/2650/451 1302/2651/451 1303/2652/449 1375/2653/449 

v 465.262 476.949 43.2184
vt 6.54341 1.70151
vn 0.978553 0.205994 2.68472e-014
vt 6.54341 1.49606
vt 7.13763 1.49606
vt 7.13763 1.70151
f 1377/2654/452 1301/2655/452 1302/2656/451 1376/2657/451 

v 467.858 462.08 43.2184
vt 7.13645 1.70151
vn 0.990449 0.137879 2.64862e-014
vt 7.13645 1.49606
vt 7.73067 1.49606
vt 7.73067 1.70151
f 1378/2658/453 1300/2659/453 1301/2660/452 1377/2661/452 

v 469.421 447.068 43.2184
vt 7.69394 1.70151
vn 0.997609 0.0691047 2.73719e-014
vt 7.69394 1.49606
vt 8.28816 1.49606
vt 8.28816 1.70151
f 1379/2662/454 1299/2663/454 1300/2664/453 1378/2665/453 

v 469.943 431.984 43.2184
vt 8.21324 1.70151
vn 1 -1.70452e-015 2.16121e-014
vt 8.21324 1.49606
vt 8.80746 1.49606
vt 8.80746 1.70151
f 1380/2666/455 1298/2667/455 1299/2668/454 1379/2669/454 

v 469.421 416.9 43.2184
vt 8.69184 1.70151
vn 0.997609 -0.0691047 8.04381e-015
vt 8.69184 1.49606
vt 9.28606 1.49606
vt 9.28606 1.70151
f 1381/2670/456 1297/2671/456 1298/2672/455 1380/2673/455 

v 467.858 401.888 43.2184
vt 9.12746 1.70151
vn 0.990449 -0.137879 -8.96841e-015
vt 9.12746 1.49606
vt 9.72168 1.49606
vt 9.72168 1.70151
f 1382/2674/457 1296/2675/457 1297/2676/456 1381/2677/456 

v 465.262 387.02 43.2184
vt 9.51802 1.70151
vn 0.978553 -0.205994 -1.79635e-014
vt 9.51802 1.49606
vt 10.1122 1.49606
vt 10.1122 1.70151
f 1383/2678/458 1295/2679/458 1296/2680/457 1382/2681/457 

v 461.644 372.367 43.2184
vt 9.86166 1.70151
vn 0.961979 -0.273124 -2.44581e-014
vt 9.86166 1.49606
vt 10.4559 1.49606
vt 10.4559 1.70151
f 1384/2682/459 1294/2683/459 1295/2684/458 1383/2685/458 

v 457.022 357.999 43.2184
vt 10.1567 1.70151
vn 0.940805 -0.338949 -3.43003e-014
vt 10.1567 1.49606
vt 10.7509 1.49606
vt 10.7509 1.70151
f 1385/2686/460 1293/2687/460 1294/2688/459 1384/2689/459 

v 451.418 343.984 43.2184
vt 10.4018 1.70151
vn 0.928524 -0.371272 -3.85544e-014
vt 10.4018 1.49606
vt 10.996 1.49606
vt 10.996 1.70151
f 1386/2690/461 1292/2691/461 1293/2692/460 1385/2693/460 

v 417.086 343.984 43.2184
vt 13.4343 1.70151
vn -4.15013e-030 -1 -8.64616e-015
vt 13.4343 1.49606
vt 14.786 1.49606
vt 14.786 1.70151
f 1387/2694/462 1291/2695/462 1292/2696/462 1386/2697/462 

vt 0.506304 1.15033
vn -0.916783 -0.399386 -7.89345e-016
vt 0.809074 1.15033
vn -0.899605 -0.436705 -1.57736e-015
vt 1.09372 1.49606
vt 1.10764 1.49606
vt 1.10764 1.70151
v 410.416 357.725 43.2184
vt 0.506304 1.70151
f 1362/2698/463 1306/2699/464 1290/2700/464 1291/2701/464 1387/2702/464 1388/2703/463 

usemtl Mirror_02
vt 0.111953 0.0440859
f 1290/2506/428 1311/2505/428 1291/2704/428

vt 0.123216 0.0440859
f 1291/2704/428 1311/2505/428 1292/2705/428

v 470.822 335.132 38
vt 0.129582 0.0411816
f 1292/2705/428 1311/2505/428 1389/2706/428

v 458.495 275.261 -9.52128e-015
vt 0.0935108 -0.0496795
vn 0.577154 -0.577154 0.577743
v 494.116 321.683 -2.52412e-014
vt 0.112708 -0.0496795
vn 0.706866 -0.408109 0.577743
vt 0.111556 -0.0344487
vt 0.0946626 -0.0344487
f 1390/2707/465 1391/2708/466 1389/2709/466 1311/2710/465 

vt 0.0864841 -0.0647436
v 516.508 375.743 -3.9241e-014
vt 0.105681 -0.0647436
vn 0.788407 -0.211253 0.577743
v 490.527 382.704 38
vt 0.10453 -0.0495128
vt 0.0876359 -0.0495128
f 1391/2711/466 1392/2712/467 1393/2713/467 1389/2714/466 

vt 0.0729094 -0.0782497
v 524.146 433.756 -5.05666e-014
vt 0.0921069 -0.0782497
vn 0.816219 5.00403e-016 0.577743
v 497.248 433.756 38
vt 0.090955 -0.0630189
vt 0.0740613 -0.0630189
f 1392/2715/467 1394/2716/468 1395/2717/468 1393/2718/467 

vt 0.0548639 -0.0740466
vt 0.053712 -0.0892774
v 516.508 491.769 -5.84462e-014
vt 0.0729094 -0.0892774
vn 0.788407 0.211253 0.577743
v 490.527 484.807 38
vt 0.0717576 -0.0740466
f 1395/2719/468 1394/2720/468 1396/2721/469 1397/2722/469 

vt 0.0313519 -0.0818443
vt 0.0302001 -0.0970752
v 494.116 545.829 -6.23428e-014
vt 0.0493975 -0.0970752
vn 0.706866 0.408109 0.577743
v 470.822 532.38 38
vt 0.0482457 -0.0818443
f 1397/2723/469 1396/2724/469 1398/2725/470 1399/2726/470 

vt 0.00512776 -0.0858807
vt 0.00397592 -0.101112
v 458.495 592.251 -6.19907e-014
vt 0.0231733 -0.101112
vn 0.577154 0.577154 0.577743
v 439.475 573.231 38
vt 0.0220215 -0.0858807
f 1399/2727/470 1398/2728/470 1400/2729/471 1401/2730/471 

vt -0.0220215 -0.0858807
vt -0.0231733 -0.101112
v 412.073 627.872 -5.74142e-014
vt -0.00397592 -0.101112
vn 0.408109 0.706866 0.577743
v 398.624 604.578 38
vt -0.00512776 -0.0858807
f 1401/2731/471 1400/2732/471 1402/2733/472 1403/2734/472 

vt -0.0482457 -0.0818443
vt -0.0493975 -0.0970752
v 358.013 650.264 -4.89249e-014
vt -0.0302001 -0.0970752
vn 0.211253 0.788407 0.577743
v 351.052 624.283 38
vt -0.0313519 -0.0818443
f 1403/2735/472 1402/2736/472 1404/2737/473 1405/2738/473 

vt -0.0717576 -0.0740466
vt -0.0729094 -0.0892774
v 300 657.901 -3.71015e-014
vt -0.053712 -0.0892774
vn -8.46701e-016 0.816219 0.577743
v 300 631.004 38
vt -0.0548639 -0.0740466
f 1405/2739/473 1404/2740/473 1406/2741/474 1407/2742/474 

v 248.948 624.283 38
vt -0.0740613 -0.0630189
vn -0.211253 0.788407 0.577743
vt -0.090955 -0.0630189
vt -0.0921069 -0.0782497
v 241.987 650.264 -2.27497e-014
vt -0.0729094 -0.0782497
f 1408/2743/475 1407/2744/474 1406/2745/474 1409/2746/475 

vt 0.0567894 0.136047
v 261.567 577.19 38
vt 0.0609293 0.120597
vt 0.0735386 0.138253
f 1408/2747/428 1410/2748/428 1407/2749/428

v 225.753 562.356 38
vt 0.0491793 0.11573
f 1408/2747/428 1411/2750/428 1410/2748/428

v 201.376 604.578 38
vt 0.0411816 0.129582
f 1412/2751/428 1411/2750/428 1408/2747/428

v 194.999 538.757 38
vt 0.0390893 0.107988
f 1412/2751/428 1413/2752/428 1411/2750/428

v 171.4 508.003 38
vt 0.031347 0.0978979
f 1412/2751/428 1414/2753/428 1413/2752/428

f 1335/2539/428 1414/2753/428 1412/2751/428

f 1335/2539/428 1337/2540/428 1414/2753/428

usemtl _Mirror_02_1
vt 10.7668 1.80972
vt 10.8126 1.22308
vt 12.2472 1.22308
vn 0.695325 -0.401446 0.596125
vt 12.293 1.80972
f 1337/2754/434 1339/2755/434 1355/2756/476 1414/2757/476 

vt 11.6101 3.67528
vt 11.6558 3.08864
vt 13.0904 3.08864
vn 0.56773 -0.56773 0.596125
vt 13.1362 3.67528
f 1414/2758/476 1355/2759/476 1354/2760/477 1413/2761/477 

vt 11.6101 5.60664
vt 11.6558 5.02
vt 13.0904 5.02
vn 0.401446 -0.695325 0.596125
vt 13.1362 5.60664
f 1413/2762/477 1354/2763/477 1353/2764/478 1411/2765/478 

vt 10.7668 7.47219
vt 10.8126 6.88555
vt 12.2472 6.88555
vn 0.207804 -0.775534 0.596125
vt 12.293 7.47219
f 1411/2766/478 1353/2767/478 1352/2768/479 1410/2769/479 

vt 9.13789 9.14479
vt 9.18368 8.55815
vt 10.6183 8.55815
vn -1.00286e-015 -0.802892 0.596125
v 300 582.25 38
vt 10.6641 9.14479
f 1410/2770/479 1352/2771/479 1351/2772/480 1415/2773/480 

vt 6.8342 10.5105
vt 6.87999 9.92383
vt 8.31459 9.92383
vn -0.207804 -0.775534 0.596125
v 338.433 577.19 38
vt 8.36037 10.5105
f 1415/2774/480 1351/2775/480 1350/2776/481 1416/2777/481 

vt 4.05855 10.8895
vt 5.49316 10.8895
vt 5.53894 11.4762
vt 4.01277 11.4762
f 1350/2778/481 1349/2779/444 1360/2780/444 1416/2781/481 

usemtl Mirror_02
vt 0.0902878 0.136047
vt 0.0861479 0.120597
vt 0.0978979 0.11573
f 1405/2782/428 1416/2783/428 1360/2784/428

vt 0.0735386 0.122257
f 1405/2782/428 1415/2785/428 1416/2783/428

f 1407/2749/428 1415/2785/428 1405/2782/428

f 1407/2749/428 1410/2748/428 1415/2785/428

vt 0.105896 0.129582
f 1405/2782/428 1360/2784/428 1403/2786/428

vt 0.107988 0.107988
f 1403/2786/428 1360/2784/428 1359/2787/428

vt 0.119298 0.119298
f 1403/2786/428 1359/2787/428 1401/2788/428

vt 0.112714 0.101829
f 1401/2788/428 1359/2787/428 1286/2789/428

vt 0.123216 0.101829
f 1401/2788/428 1286/2789/428 1304/2790/428

vt 0.129582 0.105896
f 1401/2788/428 1304/2790/428 1399/2791/428

vt 0.125055 0.0972308
f 1399/2791/428 1304/2790/428 1303/2792/428

vt 0.126571 0.0925169
f 1399/2791/428 1303/2792/428 1302/2793/428

vt 0.127758 0.0877094
f 1399/2791/428 1302/2793/428 1301/2794/428

vt 0.12861 0.0828314
f 1399/2791/428 1301/2794/428 1300/2795/428

vt 0.129123 0.0779062
f 1399/2791/428 1300/2795/428 1299/2796/428

vt 0.129294 0.0729573
f 1399/2791/428 1299/2796/428 1298/2797/428

f 1399/2791/428 1298/2797/428 1389/2706/428

vt 0.129123 0.0680085
f 1297/2798/428 1389/2706/428 1298/2797/428

vt 0.12861 0.0630833
f 1296/2799/428 1389/2706/428 1297/2798/428

vt 0.127758 0.0582053
f 1295/2800/428 1389/2706/428 1296/2799/428

vt 0.126571 0.0533978
f 1294/2801/428 1389/2706/428 1295/2800/428

vt 0.125055 0.0486838
f 1293/2802/428 1389/2706/428 1294/2801/428

f 1292/2705/428 1389/2706/428 1293/2802/428

vt 0.136047 0.0567894
f 1399/2791/428 1389/2706/428 1393/2803/428

vt 0.136047 0.0902878
f 1399/2791/428 1393/2803/428 1397/2804/428

vt 0.138253 0.0735386
f 1397/2804/428 1393/2803/428 1395/2805/428

vt -0.0946626 -0.0344487
vt -0.111556 -0.0344487
vn -0.408109 0.706866 0.577743
v 187.927 627.872 -6.84754e-015
vt -0.112708 -0.0496795
vt -0.0935108 -0.0496795
f 1335/2806/432 1412/2807/482 1417/2808/482 1336/2809/432 

vt -0.0876359 -0.0495128
vt -0.10453 -0.0495128
vt -0.105681 -0.0647436
vt -0.0864841 -0.0647436
f 1412/2810/482 1408/2811/475 1409/2812/475 1417/2813/482 

v 412.073 239.64 6.84754e-015
vt 0.0935108 -0.034084
vn 0.408109 -0.706866 0.577743
vt 0.112708 -0.034084
vt 0.111556 -0.0188532
vt 0.0946626 -0.0188532
f 1418/2814/483 1390/2815/465 1311/2816/465 1312/2817/483 

v 358.013 217.248 2.27497e-014
vt 0.0864841 -0.0190199
vn 0.211253 -0.788407 0.577743
vt 0.105681 -0.0190199
vt 0.10453 -0.00378911
vt 0.0876359 -0.00378911
f 1419/2818/484 1418/2819/483 1312/2820/483 1314/2821/484 

v 300 209.61 3.71015e-014
vt 0.0729094 -0.00551384
vn 6.81666e-016 -0.816219 0.577743
vt 0.0921069 -0.00551384
vt 0.090955 0.00971699
vt 0.0740613 0.00971699
f 1420/2822/485 1419/2823/484 1314/2824/484 1317/2825/485 

vt 0.0729094 0.00551384
vt 0.0717576 0.0207447
vt 0.0548639 0.0207447
vn -0.211253 -0.788407 0.577743
v 241.987 217.248 4.89249e-014
vt 0.053712 0.00551384
f 1420/2826/485 1317/2827/485 1319/2828/486 1421/2829/486 

vt 0.0493975 0.0133116
vt 0.0482457 0.0285424
vt 0.0313519 0.0285424
vn -0.408109 -0.706866 0.577743
v 187.927 239.64 5.74142e-014
vt 0.0302001 0.0133116
f 1421/2830/486 1319/2831/486 1321/2832/487 1422/2833/487 

vt 0.0231733 0.017348
vt 0.0220215 0.0325788
vt 0.00512776 0.0325788
vn -0.577154 -0.577154 0.577743
v 141.505 275.261 6.19907e-014
vt 0.00397592 0.017348
f 1422/2834/487 1321/2835/487 1324/2836/488 1423/2837/488 

vt -0.00397592 0.017348
vt -0.00512776 0.0325788
vt -0.0220215 0.0325788
vn -0.706866 -0.408109 0.577743
v 105.884 321.683 6.23428e-014
vt -0.0231733 0.017348
f 1423/2838/488 1324/2839/488 1328/2840/489 1424/2841/489 

vt -0.0302001 0.0133116
vt -0.0313519 0.0285424
vt -0.0482457 0.0285424
vn -0.788407 -0.211253 0.577743
v 83.492 375.743 5.84462e-014
vt -0.0493975 0.0133116
f 1424/2842/489 1328/2843/489 1330/2844/490 1425/2845/490 

vt -0.053712 0.00551384
vt -0.0548639 0.0207447
vt -0.0717576 0.0207447
vt -0.0729094 0.00551384
f 1425/2846/490 1330/2847/490 1331/2848/429 1333/2849/429 

usemtl _Mirror_02_1
vt 13.4343 12.2194
vt 13.1717 11.6785
v 404.896 492.002 43.2184
vt 12.9544 11.1178
v 400.564 477.356 43.2184
vt 12.7838 10.5412
v 397.448 462.403 43.2184
vt 12.6612 9.95247
v 395.57 447.245 43.2184
vt 12.5872 9.3557
v 394.943 431.984 43.2184
vt 12.5625 8.75488
v 395.57 416.723 43.2184
vt 12.5872 8.15406
v 397.448 401.565 43.2184
vt 12.6612 7.55729
v 400.564 386.613 43.2184
vt 12.7838 6.9686
v 404.896 371.966 43.2184
vt 12.9544 6.39196
vt 13.1717 5.83127
f 1387/2472/259 1386/2473/259 1385/2474/259 1384/2475/259 1383/2476/259 1382/2477/259 1381/2478/259 1380/2479/259 1379/2480/259 1378/2481/259 1377/2482/259 1376/2483/259 1375/2484/259 1374/2485/259 1372/2850/259 1373/2851/259 1426/2852/259 1427/2853/259 1428/2854/259 1429/2855/259 1430/2856/259 1431/2857/259 1432/2858/259 1433/2859/259 1434/2860/259 1388/2861/259 

vt -15.6494 1.15033
vt -15.048 1.15033
vn -0.94647 0.322792 -0
vt -15.048 1.70151
vt -15.6494 1.70151
f 1361/2862/448 1371/2863/491 1426/2864/491 1373/2865/448 

vt -14.3356 1.15033
vt -13.7343 1.15033
vn -0.96977 0.24402 2.46727e-032
vt -13.7343 1.70151
vt -14.3356 1.70151
f 1371/2866/491 1370/2867/492 1427/2868/492 1426/2869/491 

vt -12.9272 1.15033
vt -12.3259 1.15033
vn -0.986527 0.1636 2.46727e-032
vt -12.3259 1.70151
vt -12.9272 1.70151
f 1370/2870/492 1369/2871/493 1428/2872/493 1427/2873/492 

vt -11.4336 1.15033
vt -10.8322 1.15033
vn -0.996626 0.0820771 4.93454e-032
vt -10.8322 1.70151
vt -11.4336 1.70151
f 1369/2874/493 1368/2875/494 1429/2876/494 1428/2877/493 

vt -9.86481 1.15033
vt -9.26348 1.15033
vn -1 -1.38895e-017 -0
vt -9.26348 1.70151
vt -9.86481 1.70151
f 1368/2878/494 1367/2879/495 1430/2880/495 1429/2881/494 

vt -8.23151 1.15033
vt -7.63018 1.15033
vn -0.996626 -0.0820771 -0
vt -7.63018 1.70151
vt -8.23151 1.70151
f 1367/2882/495 1366/2883/496 1431/2884/496 1430/2885/495 

vt -6.54469 1.15033
vt -5.94336 1.15033
vn -0.986527 -0.1636 -0
vt -5.94336 1.70151
vt -6.54469 1.70151
f 1366/2886/496 1365/2887/497 1432/2888/497 1431/2889/496 

vt -4.81574 1.15033
vt -4.21441 1.15033
vn -0.96977 -0.24402 -0
vt -4.21441 1.70151
vt -4.81574 1.70151
f 1365/2890/497 1364/2891/498 1433/2892/498 1432/2893/497 

vt -3.05632 1.15033
vt -2.45499 1.15033
vn -0.94647 -0.322792 -0
vt -2.45499 1.70151
vt -3.05632 1.70151
f 1364/2894/498 1363/2895/499 1434/2896/499 1433/2897/498 

vt -1.27831 1.15033
vt -0.676976 1.15033
vt -0.676976 1.70151
vt -1.27831 1.70151
f 1363/2898/499 1362/2899/463 1388/2900/463 1434/2901/499 

g Mesh14 Group14 Group13 Model

usemtl FrontColor
v 254.871 801.252 5.62324
vt -1.83347 -0.633077
v 258.211 801.627 5.62324
vt -2.2373 -0.633077
v 258.258 804.079 -3.9526e-016
vt -2.27576 -1.36917
v 254.282 803.632 9.22239e-016
vt -1.79501 -1.36917
f 1435/2902/393 1436/2903/392 1437/2904/392 1438/2905/393 

usemtl power
v 267.242 797.684 5.62324
vt 0.860262 0.846845
vn 2.59831e-016 1.42184e-016 1
v 264.615 799.78 5.62324
vt 0.758217 0.928269
v 261.535 801.125 5.62324
vt 0.638574 0.980507
vt 0.509488 1
vt 0.379755 0.985419
v 251.742 800.025 5.62324
vt 0.258217 0.937757
v 249.037 798.029 5.62324
vt 0.153155 0.860262
v 246.941 795.402 5.62324
vt 0.0717311 0.758217
v 245.596 792.322 5.62324
vt 0.0194927 0.638574
v 245.094 788.999 5.62324
vt 0 0.509488
v 245.122 788.754 5.62324
vt 0.00106638 0.5
v 245.47 785.659 5.62324
vt 0.0145815 0.379755
v 246.697 782.53 5.62324
vt 0.0622435 0.258217
v 248.692 779.825 5.62324
vt 0.139738 0.153155
v 251.319 777.729 5.62324
vt 0.241783 0.0717311
v 254.399 776.384 5.62324
vt 0.361426 0.0194927
v 257.723 775.882 5.62324
vt 0.490512 0
v 261.063 776.257 5.62324
vt 0.620245 0.0145815
v 264.192 777.484 5.62324
vt 0.741783 0.0622435
v 266.897 779.479 5.62324
vt 0.846845 0.139738
v 268.993 782.107 5.62324
vt 0.928269 0.241783
v 270.338 785.187 5.62324
vt 0.980507 0.361426
v 270.84 788.51 5.62324
vt 1 0.490512
v 270.812 788.754 5.62324
vt 0.998934 0.5
v 270.464 791.85 5.62324
vt 0.985419 0.620245
v 269.237 794.979 5.62324
vt 0.937757 0.741783
f 1439/2906/500 1440/2907/500 1441/2908/500 1436/2909/500 1435/2910/500 1442/2911/500 1443/2912/500 1444/2913/500 1445/2914/500 1446/2915/500 1447/2916/500 1448/2917/500 1449/2918/500 1450/2919/500 1451/2920/500 1452/2921/500 1453/2922/500 1454/2923/500 1455/2924/500 1456/2925/500 1457/2926/500 1458/2927/500 1459/2928/500 1460/2929/500 1461/2930/500 1462/2931/500 

usemtl FrontColor
vt -0.0889253 -1.01548
vt -0.492755 -1.01548
v 269.009 799.385 -1.75489e-015
vt -0.531215 -1.75157
v 265.881 801.88 -1.75115e-015
vt -0.0504653 -1.75157
f 1440/2932/388 1439/2933/389 1463/2934/389 1464/2935/388 

vt 0.186883 -1.01037
v 271.384 796.165 -1.75772e-015
vt 0.148423 -1.74645
vt 0.629173 -1.74645
vt 0.590713 -1.01037
f 1462/2936/390 1465/2937/390 1463/2938/389 1439/2939/389 

vt 0.840025 -0.935611
v 272.845 792.44 -1.75945e-015
vt 0.801565 -1.6717
vt 1.28231 -1.6717
vt 1.24385 -0.935611
f 1461/2940/385 1466/2941/385 1465/2942/390 1462/2943/390 

vt 1.45169 -0.796314
v 273.259 788.754 5.47421e-016
vt 1.41886 -1.5324
vt 1.86445 -1.5324
vt 1.82599 -0.796314
f 1460/2944/384 1467/2945/384 1466/2946/385 1461/2947/385 

vt 1.42216 -0.796314
v 273.292 788.464 -1.25987e-015
vt 1.3837 -1.5324
f 1460/2944/384 1459/2948/386 1468/2949/386 1467/2945/384 

vt 1.89362 -0.601968
v 272.694 784.507 -4.12464e-016
vt 1.85516 -1.33806
vt 2.33591 -1.33806
vt 2.29745 -0.601968
f 1458/2950/410 1469/2951/410 1468/2952/386 1459/2953/386 

vt 2.22227 -0.365817
v 271.093 780.84 4.97944e-016
vt 2.18381 -1.10191
vt 2.66456 -1.10191
vt 2.6261 -0.365817
f 1457/2954/409 1470/2955/409 1469/2956/410 1458/2957/410 

vt 2.38571 -0.103955
v 268.597 777.713 1.46313e-015
vt 2.34725 -0.840044
vt 2.828 -0.840044
vt 2.78954 -0.103955
f 1456/2958/408 1471/2959/408 1470/2960/409 1457/2961/409 

v 265.377 775.338 2.8137e-015
vt 2.33436 -0.570315
vt 2.81511 -0.570315
vt 2.77665 0.165774
vt 2.37282 0.165774
f 1472/2962/407 1471/2963/408 1456/2964/408 1455/2965/407 

v 261.652 773.877 3.7226e-015
vt 2.146 -0.311102
vt 2.62675 -0.311102
vt 2.58829 0.424987
vt 2.18446 0.424987
f 1473/2966/406 1472/2967/407 1455/2968/407 1454/2969/406 

v 257.676 773.43 5.1556e-015
vt 1.79501 -0.0800698
vt 2.27576 -0.0800698
vt 2.2373 0.65602
vt 1.83347 0.65602
f 1474/2970/405 1473/2971/406 1454/2972/406 1453/2973/405 

v 253.72 774.027 5.60275e-015
vt 1.30531 0.107038
vt 1.78606 0.107038
vt 1.7476 0.843127
vt 1.34377 0.843127
f 1475/2974/404 1474/2975/405 1453/2976/405 1452/2977/404 

v 250.053 775.628 6.51149e-015
vt 0.710283 0.23747
vt 1.19103 0.23747
vt 1.15257 0.973559
vt 0.748743 0.973559
f 1476/2978/403 1475/2979/404 1452/2980/404 1451/2981/403 

v 246.925 778.124 6.51523e-015
vt 0.0504653 0.302337
vt 0.531215 0.302337
vt 0.492755 1.03843
vt 0.0889253 1.03843
f 1477/2982/402 1476/2983/403 1451/2984/403 1450/2985/402 

vt -0.590713 1.03331
v 244.55 781.344 6.51806e-015
vt -0.629173 0.297219
vt -0.148423 0.297219
vt -0.186883 1.03331
f 1449/2986/401 1478/2987/401 1477/2988/402 1450/2989/402 

vt -1.24385 0.958553
v 243.089 785.069 6.51979e-015
vt -1.28231 0.222464
vt -0.801565 0.222464
vt -0.840025 0.958553
f 1448/2990/400 1479/2991/400 1478/2992/401 1449/2993/401 

vt -1.79646 0.819257
v 242.675 788.754 4.27067e-015
vt -1.82929 0.0831672
vt -1.3837 0.0831672
vt -1.42216 0.819257
f 1447/2994/399 1480/2995/399 1479/2996/400 1448/2997/400 

vt -1.82599 0.819257
v 242.643 789.045 6.07796e-015
vt -1.86445 0.0831672
f 1446/2998/398 1481/2999/398 1480/2995/399 1447/2994/399 

vt -2.29745 0.624911
v 243.24 793.002 5.11505e-015
vt -2.33591 -0.111179
vt -1.85516 -0.111179
vt -1.89362 0.624911
f 1445/3000/397 1482/3001/397 1481/3002/398 1446/3003/398 

vt -2.6261 0.38876
v 244.841 796.668 4.2624e-015
vt -2.66456 -0.34733
vt -2.18381 -0.34733
vt -2.22227 0.38876
f 1444/3004/396 1483/3005/396 1482/3006/397 1445/3007/397 

vt -2.38571 0.126897
vt -2.78954 0.126897
v 247.337 799.796 3.23946e-015
vt -2.828 -0.609192
vt -2.34725 -0.609192
f 1444/3008/396 1443/3009/395 1484/3010/395 1483/3011/396 

vt -2.37282 -0.142831
vt -2.77665 -0.142831
v 250.557 802.171 1.94664e-015
vt -2.81511 -0.878921
vt -2.33436 -0.878921
f 1443/3012/395 1442/3013/394 1485/3014/394 1484/3015/395 

vt -2.18446 -0.402044
vt -2.58829 -0.402044
vt -2.62675 -1.13813
vt -2.146 -1.13813
f 1442/3016/394 1435/3017/393 1438/3018/393 1485/3019/394 

vt -0.748743 -0.950617
vt -1.15257 -0.950617
vt -1.19103 -1.68671
v 262.214 803.481 -8.42406e-016
vt -0.710283 -1.68671
f 1441/3020/391 1440/3021/388 1464/3022/388 1486/3023/391 

vt -1.34377 -0.820185
vt -1.7476 -0.820185
vt -1.78606 -1.55627
vt -1.30531 -1.55627
f 1436/3024/392 1441/3025/391 1486/3026/391 1437/3027/392 

g Mesh15 Group15 Group13 Model

v 254.643 762.748 5.62324
v 257.983 763.123 5.62324
v 258.029 765.575 8.06464e-015
v 254.053 765.128 9.38214e-015
f 1487/2902/393 1488/2903/392 1489/2904/392 1490/2905/393 

usemtl play
v 267.013 759.18 5.62324
v 264.386 761.276 5.62324
v 261.306 762.621 5.62324
v 251.514 761.521 5.62324
v 248.809 759.525 5.62324
v 246.712 756.898 5.62324
v 245.368 753.818 5.62324
v 244.866 750.495 5.62324
v 244.893 750.25 5.62324
v 245.241 747.155 5.62324
v 246.468 744.026 5.62324
v 248.463 741.321 5.62324
v 251.09 739.225 5.62324
v 254.171 737.88 5.62324
v 257.494 737.378 5.62324
v 260.834 737.753 5.62324
v 263.963 738.98 5.62324
v 266.668 740.975 5.62324
v 268.764 743.603 5.62324
v 270.109 746.683 5.62324
v 270.611 750.006 5.62324
v 270.583 750.25 5.62324
v 270.235 753.346 5.62324
v 269.008 756.475 5.62324
f 1491/2906/500 1492/2907/500 1493/2908/500 1488/2909/500 1487/2910/500 1494/2911/500 1495/2912/500 1496/2913/500 1497/2914/500 1498/2915/500 1499/2916/500 1500/2917/500 1501/2918/500 1502/2919/500 1503/2920/500 1504/2921/500 1505/2922/500 1506/2923/500 1507/2924/500 1508/2925/500 1509/2926/500 1510/2927/500 1511/2928/500 1512/2929/500 1513/2930/500 1514/2931/500 

usemtl FrontColor
v 268.78 760.881 6.70501e-015
v 265.652 763.376 6.70875e-015
f 1492/2932/388 1491/2933/389 1515/2934/389 1516/2935/388 

v 271.155 757.661 6.70218e-015
f 1514/2936/390 1517/2937/390 1515/2938/389 1491/2939/389 

v 272.616 753.936 6.70045e-015
f 1513/2940/385 1518/2941/385 1517/2942/390 1514/2943/390 

v 273.03 750.25 9.00732e-015
f 1512/2944/384 1519/2945/384 1518/2946/385 1513/2947/385 

v 273.063 749.96 7.20003e-015
f 1512/2944/384 1511/2948/386 1520/2949/386 1519/2945/384 

v 272.465 746.003 8.04744e-015
f 1510/2950/410 1521/2951/410 1520/2952/386 1511/2953/386 

v 270.864 742.336 8.95784e-015
f 1509/2954/409 1522/2955/409 1521/2956/410 1510/2957/410 

v 268.369 739.209 9.92303e-015
f 1508/2958/408 1523/2959/408 1522/2960/409 1509/2961/409 

v 265.149 736.834 1.12736e-014
f 1524/2962/407 1523/2963/408 1508/2964/408 1507/2965/407 

v 261.424 735.373 1.21825e-014
f 1525/2966/406 1524/2967/407 1507/2968/407 1506/2969/406 

v 257.448 734.926 1.36155e-014
f 1526/2970/405 1525/2971/406 1506/2972/406 1505/2973/405 

v 253.491 735.523 1.40626e-014
f 1527/2974/404 1526/2975/405 1505/2976/405 1504/2977/404 

v 249.824 737.124 1.49714e-014
f 1528/2978/403 1527/2979/404 1504/2980/404 1503/2981/403 

v 246.697 739.62 1.49751e-014
f 1529/2982/402 1528/2983/403 1503/2984/403 1502/2985/402 

v 244.321 742.84 1.4978e-014
f 1501/2986/401 1530/2987/401 1529/2988/402 1502/2989/402 

v 242.861 746.565 1.49797e-014
f 1500/2990/400 1531/2991/400 1530/2992/401 1501/2993/401 

v 242.446 750.25 1.27306e-014
f 1499/2994/399 1532/2995/399 1531/2996/400 1500/2997/400 

v 242.414 750.541 1.45379e-014
f 1498/2998/398 1533/2999/398 1532/2995/399 1499/2994/399 

v 243.011 754.498 1.3575e-014
f 1497/3000/397 1534/3001/397 1533/3002/398 1498/3003/398 

v 244.612 758.165 1.27223e-014
f 1496/3004/396 1535/3005/396 1534/3006/397 1497/3007/397 

v 247.108 761.292 1.16994e-014
f 1496/3008/396 1495/3009/395 1536/3010/395 1535/3011/396 

v 250.328 763.667 1.04065e-014
f 1495/3012/395 1494/3013/394 1537/3014/394 1536/3015/395 

f 1494/3016/394 1487/3017/393 1490/3018/393 1537/3019/394 

v 261.985 764.978 7.61749e-015
f 1493/3020/391 1492/3021/388 1516/3022/388 1538/3023/391 

f 1488/3024/392 1493/3025/391 1538/3026/391 1489/3027/392 

g Mesh16 Group16 Model

usemtl Metal_Silver
v 332.044 470.177 -577.2
vt 1.8937 1.79645
vn 0.985494 -0.169711 -0
v 330.487 465.169 -577.2
vt 1.8937 1.77924
vn 0.959287 -0.282434 -0
v 330.487 465.169 -585.2
vt 1.91995 1.77924
v 332.044 470.177 -585.2
vt 1.91995 1.79645
f 1539/3028/501 1540/3029/502 1541/3030/502 1542/3031/501 

v 368.692 482.175 -577.2
vt -1.20962 1.53929
vn -4.15886e-017 -3.17153e-017 -1
vt -1.08427 1.48349
vt -1.08938 1.49993
f 1543/3032/503 1540/3033/503 1539/3034/503

v 367.971 463.99 -577.2
vt -1.20725 1.47963
f 1544/3035/503 1540/3033/503 1543/3032/503

v 365.163 454.959 -577.2
vt -1.19804 1.45
f 1545/3036/503 1540/3033/503 1544/3035/503

v 312.331 399.88 -577.2
vt -1.02471 1.26929
f 1545/3036/503 1546/3037/503 1540/3033/503

v 311.197 397.038 -577.2
vt -1.02099 1.25997
f 1545/3036/503 1547/3038/503 1546/3037/503

v 309.476 394.508 -577.2
vt -1.01534 1.25167
f 1545/3036/503 1548/3039/503 1547/3038/503

v 275.341 297.284 -577.2
vt -0.903348 0.93269
f 1545/3036/503 1549/3040/503 1548/3039/503

v 320.82 295.494 -577.2
vt -1.05256 0.926819
f 1550/3041/503 1549/3040/503 1545/3036/503

v 278.157 289.91 -577.2
vt -0.912589 0.908498
f 1550/3041/503 1551/3042/503 1549/3040/503

v 317.828 288.805 -577.2
vt -1.04274 0.904872
f 1552/3043/503 1551/3042/503 1550/3041/503

v 281.665 285.065 -577.2
vt -0.924097 0.892602
f 1552/3043/503 1553/3044/503 1551/3042/503

v 314.056 284.163 -577.2
vt -1.03037 0.889642
f 1554/3045/503 1553/3044/503 1552/3043/503

v 286.307 281.293 -577.2
vt -0.939327 0.880227
f 1554/3045/503 1555/3046/503 1553/3044/503

v 309.211 280.655 -577.2
vt -1.01447 0.878133
f 1556/3047/503 1555/3046/503 1554/3045/503

v 291.767 278.851 -577.2
vt -0.957241 0.872215
f 1556/3047/503 1557/3048/503 1555/3046/503

v 303.623 278.521 -577.2
vt -0.996139 0.871131
f 1558/3049/503 1557/3048/503 1556/3047/503

v 297.673 277.906 -577.2
vt -0.976619 0.869113
f 1557/3048/503 1558/3049/503 1559/3050/503

vt -0.9864 0.609731
vn 0.0186 0.664071 -0.747438
vt -1.00584 0.612428
vn -0.157388 0.65485 -0.739189
v 304.107 263.737 -590.4
vt -1.01139 0.547622
v 297.496 263.053 -590.4
vt -0.989789 0.544625
f 1559/3051/504 1558/3052/505 1560/3053/505 1561/3054/504 

vt -0.992411 0.780225
vt -1.00978 0.789351
vn -0.337516 0.61838 -0.70971
v 310.316 266.108 -590.4
vt -1.02704 0.727154
vt -1.00774 0.717014
f 1558/3055/505 1556/3056/506 1562/3057/506 1560/3058/505 

vt -0.94127 0.949566
vt -0.954763 0.963816
vn -0.52369 0.547663 -0.652544
v 315.699 270.006 -590.4
vt -0.982231 0.906306
vt -0.967239 0.890474
f 1556/3059/506 1554/3060/507 1563/3061/507 1562/3062/506 

vt -0.843219 1.09946
vn -0.710538 0.430898 -0.556294
v 319.89 275.164 -590.4
vt -0.878679 1.04782
vt -0.868976 1.0283
vt -0.834487 1.08189
f 1552/3063/508 1564/3064/508 1563/3065/507 1554/3066/507 

vt -0.68251 1.1562
vn -0.841937 0.301596 -0.447418
v 323.214 282.597 -590.4
vt -0.723475 1.11092
vt -0.717739 1.08483
vt -0.677347 1.13271
f 1550/3067/509 1565/3068/509 1564/3069/508 1552/3070/508 

vt -0.632519 1.65819
vn -0.881603 0.259603 -0.394187
v 372.485 459.78 -590.4
vt -0.681879 1.67451
vt -0.615163 1.07484
vt -0.572474 1.11849
f 1545/3071/510 1566/3072/510 1565/3073/509 1550/3074/509 

vt -0.625926 1.70864
vn -0.883322 0.155402 -0.442258
v 375.605 469.814 -590.4
vt -0.675657 1.72851
vt -0.671526 1.69428
vt -0.622208 1.67784
f 1544/3075/511 1567/3076/511 1566/3077/510 1545/3078/510 

vt -0.723871 1.57228
vn -0.841421 -0.0734722 -0.535361
v 376.406 490.019 -590.4
vt -0.774023 1.59803
vt -0.772737 1.5317
vt -0.722714 1.51258
f 1543/3079/512 1568/3080/512 1567/3081/511 1544/3082/511 

v 364.682 499.926 -577.2
vt -0.821298 1.41196
vn -0.744004 -0.270621 -0.610919
v 371.95 509.743 -590.4
vt -0.870382 1.4447
vt -0.878912 1.37891
vt -0.828976 1.35275
f 1569/3083/513 1570/3084/513 1568/3085/512 1543/3086/512 

v 356.215 516.035 -577.2
vt -0.911496 1.27436
vn -0.609653 -0.427093 -0.667769
v 362.542 527.641 -590.4
vt -0.957257 1.31513
vt -0.978417 1.25226
vt -0.930541 1.21777
f 1571/3087/514 1572/3088/514 1570/3089/513 1569/3090/513 

v 343.866 529.403 -577.2
vt -0.984836 1.19377
vn -0.453638 -0.541752 -0.707614
v 348.821 542.495 -590.4
vt -1.0242 1.24312
vt -1.0598 1.18713
vt -1.01687 1.14339
f 1573/3091/515 1574/3092/515 1572/3093/514 1571/3094/514 

v 331.724 553.291 -590.4
vt -1.05708 1.24593
vn -0.286235 -0.61714 -0.732945
vt -1.10697 1.2022
vt -1.07272 1.14918
v 328.479 539.12 -577.2
vt -1.02782 1.18853
f 1575/3095/516 1574/3096/515 1573/3097/515 1576/3098/516 

usemtl case1
v 384.222 542.952 -590.4
vt -0.46985 0.648056
vn -5.64108e-017 -1.11527e-016 -1
vt -0.426559 0.647498
vt -0.405652 0.6607
f 1577/3099/517 1574/3100/517 1575/3101/517

vt -0.443338 0.629334
f 1577/3099/517 1572/3102/517 1574/3100/517

v 396.855 518.92 -590.4
vt -0.485297 0.618669
f 1578/3103/517 1572/3102/517 1577/3099/517

vt -0.454843 0.607446
f 1578/3103/517 1570/3104/517 1572/3102/517

v 402.837 492.438 -590.4
vt -0.492612 0.586285
f 1579/3105/517 1570/3104/517 1578/3103/517

vt -0.460291 0.583327
f 1579/3105/517 1568/3106/517 1570/3104/517

vt -0.459311 0.558619
f 1579/3105/517 1567/3107/517 1568/3106/517

v 401.761 465.31 -590.4
vt -0.491297 0.553111
f 1580/3108/517 1567/3107/517 1579/3105/517

vt -0.455496 0.546349
f 1580/3108/517 1566/3109/517 1567/3107/517

v 397.731 452.347 -590.4
vt -0.486368 0.53726
f 1581/3110/517 1566/3109/517 1580/3108/517

vt -0.395245 0.329679
f 1581/3110/517 1565/3111/517 1566/3109/517

v 348.039 273.65 -590.4
vt -0.425603 0.318739
f 1582/3112/517 1565/3111/517 1581/3110/517

vt -0.39118 0.320589
f 1582/3112/517 1564/3113/517 1565/3111/517

vt -0.386055 0.314282
f 1582/3112/517 1563/3114/517 1564/3113/517

vt -0.379472 0.309516
f 1582/3112/517 1562/3115/517 1563/3114/517

vt -0.37188 0.306616
f 1582/3112/517 1560/3116/517 1562/3115/517

v 342.497 261.258 -590.4
vt -0.418825 0.303585
f 1583/3117/517 1560/3116/517 1582/3112/517

vt -0.363796 0.30578
f 1560/3116/517 1583/3117/517 1561/3118/517

v 252.465 263.766 -590.4
vt -0.308729 0.306652
f 1583/3117/517 1584/3119/517 1561/3118/517

v 260.426 252.771 -590.4
vt -0.318464 0.293206
f 1583/3117/517 1585/3120/517 1584/3119/517

v 333.936 250.723 -590.4
vt -0.408357 0.290702
f 1586/3121/517 1585/3120/517 1583/3117/517

v 270.961 244.21 -590.4
vt -0.331347 0.282738
f 1586/3121/517 1587/3122/517 1585/3120/517

v 322.941 242.762 -590.4
vt -0.394911 0.280967
f 1588/3123/517 1587/3122/517 1586/3121/517

v 283.353 238.668 -590.4
vt -0.346501 0.275961
f 1588/3123/517 1589/3124/517 1587/3122/517

v 310.26 237.919 -590.4
vt -0.379404 0.275044
f 1590/3125/517 1589/3124/517 1588/3123/517

v 296.757 236.522 -590.4
vt -0.362892 0.273336
f 1589/3124/517 1590/3125/517 1591/3126/517

usemtl Metal_Silver
vt -0.918204 0.680784
vn -0.0246448 -0.883114 -0.468511
vt -0.961682 0.690433
vn 0.206267 -0.863126 -0.460941
v 310.699 230.975 -577.2
vt -0.971399 0.642451
v 296.657 229.522 -577.2
vt -0.926181 0.632417
f 1591/3127/518 1590/3128/519 1592/3129/519 1593/3130/518 

vt -0.717718 1.03055
vt -0.75166 1.05939
vn 0.429176 -0.791315 -0.435464
v 323.888 236.012 -577.2
vt -0.77924 1.0192
vt -0.74394 0.989212
f 1590/3131/519 1588/3132/520 1594/3133/520 1592/3134/519 

vt -0.496837 1.21397
vt -0.51899 1.25261
vn 0.633282 -0.667443 -0.391757
v 335.323 244.291 -577.2
vt -0.555963 1.22139
vt -0.532924 1.18121
f 1588/3135/520 1586/3136/521 1595/3137/521 1594/3138/520 

vt -0.357258 1.23195
vt -0.3165 1.25803
vt -0.32908 1.30075
vn 0.804886 -0.493203 -0.330015
v 344.226 255.248 -577.2
vt -0.370341 1.27638
f 1595/3139/521 1586/3140/521 1583/3141/522 1596/3142/522 

vt -0.21465 1.16863
vt -0.171782 1.19005
vt -0.177552 1.23421
vn 0.905974 -0.325982 -0.270086
v 349.99 268.135 -577.2
vt -0.220651 1.21456
f 1596/3143/522 1583/3144/522 1582/3145/523 1597/3146/523 

vt -0.14651 1.10666
vt -0.103004 1.1254
vt -0.144614 1.7325
vn 0.930361 -0.273929 -0.243703
v 401.669 453.98 -577.2
vt -0.189784 1.73804
f 1597/3147/523 1582/3148/523 1581/3149/524 1598/3150/524 

vt -0.184793 1.76392
vt -0.139628 1.75833
vt -0.142954 1.80274
vn 0.94928 -0.164393 -0.268034
v 405.86 467.461 -577.2
vt -0.188252 1.81011
f 1598/3151/524 1581/3152/524 1580/3153/525 1599/3154/525 

vt -0.242413 1.53992
vt -0.197066 1.53285
vt -0.198093 1.62192
vn 0.944459 0.0853803 -0.317344
v 406.979 495.674 -577.2
vt -0.243481 1.63255
f 1599/3155/525 1580/3156/525 1579/3157/526 1600/3158/526 

vt -0.320294 1.27863
vt -0.27496 1.26777
vt -0.268162 1.35659
vn 0.874636 0.321141 -0.363153
v 400.758 523.216 -577.2
vt -0.313224 1.37099
f 1600/3159/526 1579/3160/526 1578/3161/527 1601/3162/527 

vt -0.418785 0.97134
vt -0.374125 0.955729
vt -0.356595 1.04306
vn 0.748314 0.527197 -0.402604
v 387.62 548.209 -577.2
vt -0.400553 1.06216
f 1601/3163/527 1578/3164/527 1577/3165/528 1602/3166/528 

vt -0.545736 0.66801
vt -0.503106 0.646102
v 365.8 562.895 -590.4
vt -0.471062 0.729211
vn 0.577047 0.692004 -0.433759
v 368.462 568.95 -577.2
vt -0.51241 0.754443
f 1602/3167/528 1577/3168/528 1603/3169/529 1604/3170/529 

usemtl case1
vt -0.447322 0.672444
f 1577/3099/517 1575/3101/517 1603/3171/517

v 312.415 559.295 -590.4
vt -0.38204 0.668042
f 1603/3171/517 1575/3101/517 1605/3172/517

usemtl Metal_Silver
vt -1.04032 1.32176
vn -0.113562 -0.656368 -0.745845
vt -1.10148 1.29605
vt -1.0799 1.23534
v 311.1 544.523 -577.2
vt -1.02486 1.25849
f 1605/3173/530 1575/3174/516 1576/3175/516 1606/3176/530 

vt -1.07769 1.72611
v 275.165 541.234 -577.2
vt -0.902771 1.73305
vt -1.02067 1.74384
f 1576/3177/503 1607/3178/503 1606/3179/503

v 259.056 532.766 -577.2
vt -0.849921 1.70527
f 1576/3177/503 1608/3180/503 1607/3178/503

vt -1.12817 1.69424
f 1573/3181/503 1608/3180/503 1576/3177/503

v 245.688 520.418 -577.2
vt -0.806062 1.66476
f 1573/3181/503 1609/3182/503 1608/3180/503

vt -1.16868 1.65038
f 1571/3183/503 1609/3182/503 1573/3181/503

v 296.239 508.939 -577.2
vt -0.971911 1.6271
f 1610/3184/503 1609/3182/503 1571/3183/503

v 287.77 507.027 -577.2
vt -0.944128 1.62082
f 1611/3185/503 1609/3182/503 1610/3184/503

v 235.971 505.03 -577.2
vt -0.774183 1.61427
f 1611/3185/503 1612/3186/503 1609/3182/503

v 280.086 502.987 -577.2
vt -0.918916 1.60757
f 1613/3187/503 1612/3186/503 1611/3185/503

v 273.708 497.096 -577.2
vt -0.897993 1.58824
f 1614/3188/503 1612/3186/503 1613/3187/503

v 269.073 489.755 -577.2
vt -0.882785 1.56416
f 1615/3189/503 1612/3186/503 1614/3188/503

v 230.568 487.652 -577.2
vt -0.756456 1.55726
f 1615/3189/503 1616/3190/503 1612/3186/503

v 266.495 481.465 -577.2
vt -0.874328 1.53696
f 1617/3191/503 1616/3190/503 1615/3189/503

v 266.151 472.79 -577.2
vt -0.8732 1.5085
f 1618/3192/503 1616/3190/503 1617/3191/503

v 229.847 469.468 -577.2
vt -0.75409 1.4976
f 1618/3192/503 1619/3193/503 1616/3190/503

v 269.53 457.834 -577.2
vt -0.884284 1.45943
f 1620/3194/503 1619/3193/503 1618/3192/503

v 234.437 449.148 -577.2
vt -0.769149 1.43093
f 1620/3194/503 1621/3195/503 1619/3193/503

v 285.11 399.991 -577.2
vt -0.935399 1.26965
f 1622/3196/503 1621/3195/503 1620/3194/503

v 286.221 397.14 -577.2
vt -0.939045 1.2603
f 1623/3197/503 1621/3195/503 1622/3196/503

v 287.921 394.595 -577.2
vt -0.944623 1.25195
f 1624/3198/503 1621/3195/503 1623/3197/503

f 1624/3198/503 1549/3040/503 1621/3195/503

v 290.129 392.477 -577.2
vt -0.951868 1.245
f 1625/3199/503 1549/3040/503 1624/3198/503

v 292.743 390.885 -577.2
vt -0.960442 1.23978
f 1626/3200/503 1549/3040/503 1625/3199/503

v 295.638 389.893 -577.2
vt -0.969939 1.23653
f 1627/3201/503 1549/3040/503 1626/3200/503

v 298.678 389.549 -577.2
vt -0.979915 1.2354
f 1549/3040/503 1627/3201/503 1628/3202/503

vt -1.8937 -0.829969
vn -0.00406241 -0.999992 -0
vt -1.8937 -0.81993
vn -0.219532 -0.975605 -0
v 295.638 389.893 -585.2
vt -1.91995 -0.81993
v 298.678 389.549 -585.2
vt -1.91995 -0.829969
f 1628/3203/531 1627/3204/532 1629/3205/532 1630/3206/531 

vt -1.8937 -0.50314
vt -1.8937 -0.4931
vn -0.424679 -0.905344 -0
v 292.743 390.885 -585.2
vt -1.91995 -0.4931
vt -1.91995 -0.50314
f 1627/3207/532 1626/3208/533 1631/3209/533 1629/3210/532 

vt -1.8937 -0.152888
vt -1.8937 -0.142848
vn -0.609856 -0.792512 -0
v 290.129 392.477 -585.2
vt -1.91995 -0.142848
vt -1.91995 -0.152888
f 1626/3211/533 1625/3212/534 1632/3213/534 1631/3214/533 

vt -1.8937 0.204317
vt -1.8937 0.214357
vn -0.766357 -0.642415 -0
v 287.921 394.595 -585.2
vt -1.91995 0.214357
vt -1.91995 0.204317
f 1625/3215/534 1624/3216/535 1633/3217/535 1632/3218/534 

vt -1.8937 0.551679
vt -1.8937 0.561718
vn -0.886823 -0.46211 -0
v 286.221 397.14 -585.2
vt -1.91995 0.561718
vt -1.91995 0.551679
f 1624/3219/535 1623/3220/536 1634/3221/536 1633/3222/535 

vt -1.8937 0.872863
vt -1.8937 0.882903
vn -0.950044 -0.312116 -0
v 285.11 399.991 -585.2
vt -1.91995 0.882903
vt -1.91995 0.872863
f 1623/3223/536 1622/3224/537 1635/3225/537 1634/3226/536 

vt -1.8937 1.02387
vt -1.8937 1.22041
vn -0.970709 -0.240258 -0
v 269.53 457.834 -585.2
vt -1.91995 1.22041
vt -1.91995 1.02387
f 1622/3227/537 1620/3228/538 1636/3229/538 1635/3230/537 

vt -1.8937 1.27032
vt -1.8937 1.32063
vn -0.995838 -0.0911366 -0
v 266.151 472.79 -585.2
vt -1.91995 1.32063
vt -1.91995 1.27032
f 1620/3231/538 1618/3232/539 1637/3233/539 1636/3234/538 

vt -1.8937 1.58453
vt -1.8937 1.61302
vn -0.985494 0.169711 -0
v 266.495 481.465 -585.2
vt -1.91995 1.61302
vt -1.91995 1.58453
f 1618/3235/539 1617/3236/540 1638/3237/540 1637/3238/539 

vt -1.8937 1.76797
vt -1.8937 1.79645
vn -0.90799 0.418993 -0
v 269.073 489.755 -585.2
vt -1.91995 1.79645
vt -1.91995 1.76797
f 1617/3239/540 1615/3240/541 1639/3241/541 1638/3242/540 

vt -1.8937 1.82995
vt -1.8937 1.85843
vn -0.768607 0.639721 -0
v 273.708 497.096 -585.2
vt -1.91995 1.85843
vt -1.91995 1.82995
f 1615/3243/541 1614/3244/542 1640/3245/542 1639/3246/541 

vt -1.8937 1.76625
vt -1.8937 1.79474
vn -0.576846 0.816853 -0
v 280.086 502.987 -585.2
vt -1.91995 1.79474
vt -1.91995 1.76625
f 1614/3247/542 1613/3248/543 1641/3249/543 1640/3250/542 

vt -1.8937 1.58122
vt -1.8937 1.6097
vn -0.345773 0.938318 -0
v 287.77 507.027 -585.2
vt -1.91995 1.6097
vt -1.91995 1.58122
f 1613/3251/543 1611/3252/544 1642/3253/544 1641/3254/543 

vt -1.8937 1.28745
vt -1.8937 1.31594
vn -0.0911366 0.995838 -0
v 296.239 508.939 -585.2
vt -1.91995 1.31594
vt -1.91995 1.28745
f 1611/3255/544 1610/3256/545 1643/3257/545 1642/3258/544 

vt 1.8937 -0.904982
v 304.913 508.595 -577.2
vt 1.8937 -0.933466
vn 0.169711 0.985494 -0
v 304.913 508.595 -585.2
vt 1.91995 -0.933466
vt 1.91995 -0.904982
f 1610/3259/545 1644/3260/546 1645/3261/546 1643/3262/545 

vt -1.00037 1.62597
f 1571/3183/503 1644/3263/503 1610/3184/503

v 313.204 506.018 -577.2
vt -1.02757 1.61751
f 1571/3183/503 1646/3264/503 1644/3263/503

v 320.544 501.383 -577.2
vt -1.05165 1.6023
f 1571/3183/503 1647/3265/503 1646/3264/503

vt -1.19646 1.59753
f 1569/3266/503 1647/3265/503 1571/3183/503

v 326.435 495.005 -577.2
vt -1.07098 1.58138
f 1569/3266/503 1648/3267/503 1647/3265/503

v 330.475 487.32 -577.2
vt -1.08423 1.55617
f 1569/3266/503 1649/3268/503 1648/3267/503

f 1543/3032/503 1649/3268/503 1569/3266/503

v 332.388 478.852 -577.2
vt -1.09051 1.52839
f 1543/3032/503 1650/3269/503 1649/3268/503

f 1543/3032/503 1539/3034/503 1650/3269/503

vt 1.8937 1.61302
vn 0.995838 0.0911366 -0
vt 1.8937 1.58453
vt 1.91995 1.58453
v 332.388 478.852 -585.2
vt 1.91995 1.61302
f 1650/3270/547 1539/3271/501 1542/3272/501 1651/3273/547 

usemtl case1
vt -0.404138 0.552939
v 312.331 399.88 -585.2
vt -0.381937 0.4731
v 311.197 397.038 -585.2
vt -0.380549 0.469624
v 309.476 394.508 -585.2
vt -0.378445 0.46653
v 307.25 392.408 -585.2
vt -0.375724 0.463962
v 304.624 390.837 -585.2
vt -0.372513 0.462041
v 301.721 389.869 -585.2
vt -0.368963 0.460857
vt -0.365241 0.460467
vt -0.361523 0.460887
vt -0.357983 0.4621
vt -0.354787 0.464047
vt -0.352087 0.466637
vt -0.350008 0.469749
vt -0.348649 0.473235
vt -0.329597 0.543969
vt -0.325465 0.562259
vt -0.325886 0.572867
vt -0.329038 0.583005
vt -0.334706 0.591981
vt -0.342505 0.599185
vt -0.351902 0.604125
vt -0.362258 0.606464
vt -0.372866 0.606043
v 313.204 506.018 -585.2
vt -0.383004 0.602891
v 320.544 501.383 -585.2
vt -0.391981 0.597223
v 326.435 495.005 -585.2
vt -0.399184 0.589424
v 330.475 487.32 -585.2
vt -0.404124 0.580027
vt -0.406463 0.569671
vt -0.406043 0.559063
f 1541/3274/320 1652/3275/320 1653/3276/320 1654/3277/320 1655/3278/320 1656/3279/320 1657/3280/320 1630/3281/320 1629/3282/320 1631/3283/320 1632/3284/320 1633/3285/320 1634/3286/320 1635/3287/320 1636/3288/320 1637/3289/320 1638/3290/320 1639/3291/320 1640/3292/320 1641/3293/320 1642/3294/320 1643/3295/320 1645/3296/320 1658/3297/320 1659/3298/320 1660/3299/320 1661/3300/320 1651/3301/320 1542/3302/320 

usemtl Metal_Silver
vt 1.8937 1.76084
vt 1.8937 1.53851
vn 0.947477 -0.319824 -0
vt 1.91995 1.53851
vt 1.91995 1.76084
f 1540/3303/502 1546/3304/548 1652/3305/548 1541/3306/502 

vt 1.8937 1.59838
vt 1.8937 1.58834
vn 0.883039 -0.4693 -0
vt 1.91995 1.58834
vt 1.91995 1.59838
f 1546/3307/548 1547/3308/549 1653/3309/549 1652/3310/548 

vt 1.8937 1.65128
vt 1.8937 1.64124
vn 0.761112 -0.64862 -0
vt 1.91995 1.64124
vt 1.91995 1.65128
f 1547/3311/549 1548/3312/550 1654/3313/550 1653/3314/549 

vt 1.8937 1.62677
v 307.25 392.408 -577.2
vt 1.8937 1.61673
vn 0.603397 -0.797441 -0
vt 1.91995 1.61673
vt 1.91995 1.62677
f 1548/3315/550 1662/3316/551 1655/3317/551 1654/3318/550 

vt -1.00804 1.24478
f 1548/3039/503 1549/3040/503 1662/3319/503

v 304.624 390.837 -577.2
vt -0.999424 1.23962
f 1662/3319/503 1549/3040/503 1663/3320/503

v 301.721 389.869 -577.2
vt -0.9899 1.23645
f 1663/3320/503 1549/3040/503 1664/3321/503

f 1664/3321/503 1549/3040/503 1628/3202/503

vt 1.8937 1.11801
vn 0.211598 -0.977357 -0
vt 1.8937 1.10797
vt 1.91995 1.10797
vt 1.91995 1.11801
f 1664/3322/552 1628/3323/531 1630/3324/531 1657/3325/552 

vt 1.8937 1.35371
vn 0.417309 -0.908765 -0
vt 1.8937 1.34367
vt 1.91995 1.34367
vt 1.91995 1.35371
f 1663/3326/553 1664/3327/552 1657/3328/552 1656/3329/553 

vt 1.8937 1.526
vt 1.8937 1.51596
vt 1.91995 1.51596
vt 1.91995 1.526
f 1662/3330/551 1663/3331/553 1656/3332/553 1655/3333/551 

vt 1.8937 -0.459867
vt 1.8937 -0.488351
vn 0.418993 0.90799 -0
vt 1.91995 -0.488351
vt 1.91995 -0.459867
f 1644/3334/546 1646/3335/554 1658/3336/554 1645/3337/546 

vt 1.8937 0.0175574
vt 1.8937 -0.010926
vn 0.639721 0.768607 -0
vt 1.91995 -0.010926
vt 1.91995 0.0175574
f 1646/3338/554 1647/3339/555 1659/3340/555 1658/3341/554 

vt 1.8937 0.494756
vt 1.8937 0.466273
vn 0.816853 0.576846 -0
vt 1.91995 0.466273
vt 1.91995 0.494756
f 1647/3342/555 1648/3343/556 1660/3344/556 1659/3345/555 

vt 1.8937 0.939209
vt 1.8937 0.910725
vn 0.938318 0.345773 -0
vt 1.91995 0.910725
vt 1.91995 0.939209
f 1648/3346/556 1649/3347/557 1661/3348/557 1660/3349/556 

vt 1.8937 1.32063
vt 1.8937 1.29214
vt 1.91995 1.29214
vt 1.91995 1.32063
f 1649/3350/557 1650/3351/547 1651/3352/547 1661/3353/557 

vt -0.240206 0.695919
vn 0.855022 0.276818 -0.438531
v 272.682 284.585 -590.4
vt -0.197221 0.653027
v 227.233 453.323 -590.4
vt -0.134847 1.22296
vn 0.883958 0.218852 -0.413185
vt -0.184069 1.20885
f 1549/3354/558 1665/3355/558 1666/3356/559 1621/3357/559 

vt -0.319494 0.58868
vn 0.743962 0.396272 -0.538041
v 275.811 276.392 -590.4
vt -0.278046 0.541949
vt -0.27297 0.570272
vt -0.314925 0.614171
f 1551/3358/560 1667/3359/560 1665/3360/558 1549/3361/558 

vt -0.513764 0.419414
vn 0.560489 0.52413 -0.641202
v 279.709 271.008 -590.4
vt -0.477537 0.367154
vt -0.468884 0.387168
vt -0.505976 0.437427
f 1553/3362/561 1668/3363/561 1667/3364/560 1551/3365/560 

vt -0.676495 0.362821
vt -0.689057 0.347745
vn 0.374963 0.60399 -0.703277
v 284.867 266.817 -590.4
vt -0.660673 0.289885
vt -0.646715 0.306637
f 1553/3366/561 1555/3367/562 1669/3368/562 1668/3369/561 

vt -0.819869 0.378276
vt -0.836557 0.36795
vn 0.194701 0.648046 -0.736294
v 290.934 264.104 -590.4
vt -0.818258 0.305587
vt -0.799717 0.317061
f 1555/3370/562 1557/3371/563 1670/3372/563 1669/3373/562 

vt -0.92642 0.467506
vt -0.945605 0.463377
vt -0.93894 0.398525
vt -0.917623 0.403113
f 1557/3374/563 1559/3375/504 1561/3376/504 1670/3377/563 

usemtl case1
vt -0.355771 0.307065
f 1561/3118/517 1584/3119/517 1670/3378/517

v 247.622 276.448 -590.4
vt -0.302806 0.322159
f 1670/3378/517 1584/3119/517 1671/3379/517

usemtl Metal_Silver
v 245.556 271.044 -577.2
vt -0.385205 0.547575
vn -0.917089 -0.297565 -0.265333
vt -0.42856 0.566443
vt -0.433305 0.52216
vn -0.834261 -0.449349 -0.319521
v 250.593 257.856 -577.2
vt -0.39014 0.501521
f 1672/3380/564 1671/3381/564 1584/3382/565 1673/3383/565 

v 197.781 448.418 -577.2
vt -0.313701 1.23442
vn -0.93919 -0.232475 -0.252739
v 201.684 446.999 -590.4
vt -0.358846 1.22961
vt -0.397691 0.651422
vt -0.3541 0.633105
f 1674/3384/566 1675/3385/566 1671/3386/564 1672/3387/564 

v 191.56 475.96 -577.2
vt -0.310912 1.36331
vn -0.955003 -0.0883612 -0.283128
v 195.702 473.481 -590.4
vt -0.356267 1.35499
vt -0.361408 1.26606
vt -0.316259 1.27083
f 1676/3388/567 1677/3389/567 1675/3390/566 1674/3391/566 

v 192.678 504.173 -577.2
vt -0.337674 1.63127
vn -0.929871 0.159041 -0.331733
v 196.778 500.61 -590.4
vt -0.38302 1.61957
vt -0.38194 1.53051
vt -0.336552 1.53864
f 1678/3392/568 1679/3393/568 1677/3394/567 1676/3395/567 

v 201.061 531.135 -577.2
vt -0.383081 1.78802
vn -0.84186 0.387284 -0.375876
v 204.839 526.535 -590.4
vt -0.427914 1.77231
vt -0.418209 1.68377
vt -0.372988 1.69594
f 1680/3396/569 1681/3397/569 1679/3398/568 1678/3399/568 

v 216.137 555.009 -577.2
vt -0.455507 1.82623
vn -0.700625 0.581871 -0.412979
v 219.334 549.491 -590.4
vt -0.498883 1.80544
vt -0.477403 1.719
vt -0.433168 1.73632
f 1682/3400/570 1683/3401/570 1681/3402/569 1680/3403/569 

vt -0.529103 1.65843
v 236.878 574.168 -577.2
vt -0.567932 1.74253
vn -0.518238 0.732546 -0.441368
v 239.278 567.912 -590.4
vt -0.607989 1.71507
vt -0.570654 1.6342
f 1682/3404/570 1684/3405/571 1685/3406/571 1683/3407/570 

vt -0.709111 1.77825
v 172.05 645.456 -577.2
vt -0.564469 2.07499
vn 1.40316e-019 0.165875 -0.986147
vt -0.777158 1.8411
f 1682/3408/320 1686/3409/572 1684/3410/320

vt -0.65965 1.69992
f 1680/3411/320 1686/3409/572 1682/3408/320

vt -0.632147 1.61146
f 1678/3412/320 1686/3409/572 1680/3411/320

vt -0.628476 1.5189
f 1676/3413/320 1686/3409/572 1678/3412/320

v 172.05 217.067 -577.2
vt -0.564469 0.66951
vn 3.80188e-019 -0.150143 -0.988664
f 1676/3413/320 1687/3414/573 1686/3409/572

vt -0.648888 1.42854
f 1674/3415/320 1687/3414/573 1676/3413/320

vt -0.805629 0.846603
f 1672/3416/320 1687/3414/573 1674/3415/320

vt -0.822156 0.803333
f 1673/3417/320 1687/3414/573 1672/3416/320

v 258.872 246.421 -577.2
vt -0.849318 0.765816
f 1688/3418/320 1687/3414/573 1673/3417/320

v 269.829 237.518 -577.2
vt -0.885265 0.736607
f 1689/3419/320 1687/3414/573 1688/3418/320

v 282.716 231.754 -577.2
vt -0.927547 0.717697
f 1690/3420/320 1687/3414/573 1689/3419/320

vt -0.973283 0.710375
f 1593/3421/320 1687/3414/573 1690/3420/320

v 427.95 217.067 -577.2
vt -1.40403 0.66951
f 1687/3414/573 1593/3421/320 1691/3422/573

vt -1.01935 0.71514
f 1592/3423/320 1691/3422/573 1593/3421/320

vt -1.06262 0.731667
f 1594/3424/320 1691/3422/573 1592/3423/320

vt -1.10014 0.758829
f 1595/3425/320 1691/3422/573 1594/3424/320

vt -1.12935 0.794776
f 1596/3426/320 1691/3422/573 1595/3425/320

vt -1.14826 0.837058
f 1597/3427/320 1691/3422/573 1596/3426/320

vt -1.33156 1.49101
f 1599/3428/320 1691/3422/573 1597/3427/320

v 427.95 645.456 -577.2
vt -1.40403 2.07499
f 1691/3422/573 1599/3428/320 1692/3429/572

vt -1.33523 1.58358
f 1692/3429/572 1599/3428/320 1600/3430/320

vt -1.31482 1.67394
f 1692/3429/572 1600/3430/320 1601/3431/320

vt -1.27172 1.75593
f 1692/3429/572 1601/3431/320 1602/3432/320

vt -1.20886 1.82398
f 1692/3429/572 1602/3432/320 1604/3433/320

v 344.588 584.025 -577.2
vt -1.13054 1.87344
f 1692/3429/572 1604/3433/320 1693/3434/320

vt -0.657921 0.516818
vn 0.373513 0.808095 -0.455489
vt -0.711202 0.441037
vt -0.673518 0.410602
v 342.845 577.391 -590.4
vt -0.622287 0.483467
f 1693/3435/574 1604/3436/529 1603/3437/529 1694/3438/574 

usemtl case1
vt -0.292603 0.67858
vt -0.419251 0.69017
f 1603/3171/517 1685/3439/517 1694/3440/517

v 292.21 560.096 -590.4
vt -0.357332 0.669021
f 1695/3441/517 1685/3439/517 1603/3171/517

v 272.486 555.641 -590.4
vt -0.333212 0.663573
f 1696/3442/517 1685/3439/517 1695/3441/517

vt -0.268215 0.656052
f 1696/3442/517 1683/3443/517 1685/3439/517

v 254.588 546.232 -590.4
vt -0.311325 0.652068
f 1697/3444/517 1683/3443/517 1696/3442/517

v 239.734 532.512 -590.4
vt -0.293161 0.63529
f 1698/3445/517 1683/3443/517 1697/3444/517

vt -0.250489 0.627981
f 1698/3445/517 1681/3446/517 1683/3443/517

v 228.938 515.414 -590.4
vt -0.279959 0.614382
f 1699/3447/517 1681/3446/517 1698/3445/517

vt -0.240632 0.596278
f 1699/3447/517 1679/3448/517 1681/3446/517

v 222.934 496.105 -590.4
vt -0.272617 0.59077
f 1700/3449/517 1679/3448/517 1699/3447/517

v 222.133 475.9 -590.4
vt -0.271637 0.566062
f 1701/3450/517 1679/3448/517 1700/3449/517

vt -0.239316 0.563104
f 1701/3450/517 1677/3451/517 1679/3448/517

vt -0.277874 0.538453
f 1666/3452/517 1677/3451/517 1701/3450/517

vt -0.246632 0.53072
f 1666/3452/517 1675/3453/517 1677/3451/517

vt -0.333451 0.33211
f 1665/3454/517 1675/3453/517 1666/3452/517

f 1665/3454/517 1671/3379/517 1675/3453/517

vt -0.337278 0.322091
f 1667/3455/517 1671/3379/517 1665/3454/517

vt -0.342044 0.315508
f 1668/3456/517 1671/3379/517 1667/3455/517

vt -0.348352 0.310383
f 1669/3457/517 1671/3379/517 1668/3456/517

f 1670/3378/517 1671/3379/517 1669/3457/517

usemtl Metal_Silver
vt -0.192652 1.25007
vt -0.143395 1.26404
vt -0.136225 1.33965
vn 0.877592 0.0837051 -0.472045
vt -0.186199 1.31811
f 1621/3458/559 1666/3459/559 1701/3460/575 1619/3461/575 

vt -0.259965 1.5213
vt -0.209811 1.54241
vt -0.211169 1.60874
vn 0.816911 -0.137122 -0.560227
vt -0.261188 1.58099
f 1619/3462/575 1701/3463/575 1700/3464/576 1616/3465/576 

vt -0.34461 1.67691
vt -0.295048 1.70547
vt -0.307137 1.7707
vn 0.706427 -0.32246 -0.630064
vt -0.35549 1.73562
f 1616/3466/576 1700/3467/576 1699/3468/577 1612/3469/577 

vt -0.449739 1.7386
vt -0.403013 1.77582
vt -0.428422 1.8371
vn 0.564131 -0.466146 -0.681516
vt -0.472607 1.79375
f 1612/3470/577 1699/3471/577 1698/3472/578 1609/3473/578 

vt -0.535441 1.77
vt -0.575495 1.82289
vn 0.403803 -0.568573 -0.716706
vt -0.612212 1.77098
vt -0.576164 1.72339
f 1698/3474/578 1697/3475/579 1608/3476/579 1609/3477/578 

vt -0.686578 1.7021
vt -0.740352 1.74095
vn 0.234308 -0.632712 -0.738089
vt -0.765799 1.68146
vt -0.717402 1.64649
f 1697/3478/579 1696/3479/580 1607/3480/580 1608/3481/579 

vt -0.838886 1.58676
vt -0.902356 1.60606
vn 0.0608163 -0.661464 -0.747507
v 292.916 545.244 -577.2
vt -0.913065 1.54171
vt -0.855942 1.52434
f 1696/3482/580 1695/3483/581 1702/3484/581 1607/3485/580 

vt -0.964975 1.44787
vt -1.03122 1.44435
vt -1.02538 1.37947
vt -0.965761 1.38264
f 1695/3486/581 1605/3487/530 1606/3488/530 1702/3489/581 

usemtl case1
f 1603/3171/517 1605/3172/517 1695/3441/517

usemtl Metal_Silver
vt -0.961011 1.74621
f 1606/3179/503 1607/3178/503 1702/3490/503

usemtl case1
v 263.309 580.545 -590.4
vt -0.32199 0.694027
f 1694/3440/517 1685/3439/517 1703/3491/517

usemtl Metal_Silver
vt -0.673869 1.45641
v 261.871 587.306 -577.2
vt -0.734121 1.52678
vn -0.307433 0.832934 -0.460115
vt -0.766963 1.49057
vt -0.709029 1.42291
f 1684/3492/571 1704/3493/582 1703/3494/582 1685/3495/571 

vt -0.859156 1.8842
f 1684/3410/320 1686/3409/572 1704/3496/320

v 289.412 593.527 -577.2
vt -0.949515 1.90462
f 1704/3496/320 1686/3409/572 1705/3497/320

f 1692/3429/572 1705/3497/320 1686/3409/572

v 317.625 592.408 -577.2
vt -1.04208 1.90095
f 1692/3429/572 1706/3498/320 1705/3497/320

f 1692/3429/572 1693/3434/320 1706/3498/320

vt -0.829362 0.459067
vn 0.150273 0.871267 -0.467238
vt -0.906152 0.407252
vt -0.879689 0.366243
v 316.919 585.451 -590.4
vt -0.805853 0.416065
f 1706/3499/583 1693/3500/574 1694/3501/574 1707/3502/583 

usemtl case1
vt -0.387548 0.700027
f 1694/3440/517 1703/3491/517 1707/3503/517

v 289.791 586.527 -590.4
vt -0.354374 0.701342
f 1707/3503/517 1703/3491/517 1708/3504/517

usemtl Metal_Silver
vt -0.850687 1.11549
vt -0.933973 1.15605
vn -0.0806248 0.879623 -0.468788
vt -0.951917 1.11041
vt -0.871835 1.07141
f 1704/3505/582 1705/3506/584 1708/3507/584 1703/3508/582 

vt -0.935532 0.696582
vt -1.02784 0.68875
vt -1.02229 0.640057
vt -0.933536 0.647586
f 1705/3509/584 1706/3510/583 1707/3511/583 1708/3512/584 

vt -0.564469 1.91122
v 133.64 693.116 -560.7
vt -0.43845 2.07669
vn 2.76745e-019 0.327153 -0.944971
v 459.902 693.116 -560.7
vt -1.50887 2.07669
vt -1.40403 1.91122
f 1686/3513/572 1709/3514/585 1710/3515/585 1692/3516/572 

v 133.64 163.995 -560.7
vt -0.441313 0.495389
vn -0.394693 -6.36625e-017 -0.918813
vt -0.441313 2.23135
vt -0.578467 2.07499
vt -0.578467 0.66951
f 1711/3517/586 1709/3518/586 1686/3519/586 1687/3520/586 

usemtl case1
v 123.014 700.507 -531
vt -0.0506727 0.840724
vn -0.941557 -2.24695e-017 -0.336855
vt -0.089246 0.831686
vt -0.089246 0.184645
v 123.014 143.249 -531
vt -0.0506727 0.159276
f 1712/3521/587 1709/3522/587 1711/3523/587 1713/3524/587 

usemtl Metal_Silver
vt -0.40359 -1.13561
vn 5.27117e-019 0.970407 -0.241474
v 471.226 700.507 -531
vt -1.54602 -1.13561
vt -1.50887 -1.23602
vt -0.43845 -1.23602
f 1712/3525/588 1714/3526/588 1710/3527/588 1709/3528/588 

vt -0.40359 2.2556
v 92.129 734.272 -531
vt -0.30226 2.36638
vt -1.54602 2.2556
f 1712/3529/320 1715/3530/320 1714/3531/320

vt -0.40359 0.427327
f 1713/3532/320 1715/3530/320 1712/3529/320

v 92.129 109.484 -531
vt -0.30226 0.316549
f 1713/3532/320 1716/3533/320 1715/3530/320

v 507.871 109.484 -531
vt -1.66624 0.316549
f 1716/3533/320 1713/3532/320 1717/3534/320

v 471.226 143.249 -531
vt -1.54602 0.427327
f 1718/3535/320 1717/3534/320 1713/3532/320

v 507.871 734.272 -531
vt -1.66624 2.36638
f 1717/3534/320 1718/3535/320 1719/3536/320

f 1719/3536/320 1718/3535/320 1714/3531/320

usemtl case1
vt -0.205289 0.159276
vn 0.934389 -2.3981e-017 -0.356255
v 459.902 163.995 -560.7
vt -0.16642 0.184645
vt -0.16642 0.831686
vt -0.205289 0.840724
f 1718/3537/589 1720/3538/589 1710/3539/589 1714/3540/589 

vt -0.163422 0.135509
vn 1.53855e-018 -0.819809 -0.572638
vt -0.562396 0.135509
vt -0.576243 0.0912077
vt -0.150429 0.0912077
f 1711/3541/590 1720/3542/590 1718/3543/590 1713/3544/590 

usemtl Metal_Silver
vt -0.43845 0.501983
vn 7.51757e-019 -0.296882 -0.954914
vt -0.564469 0.684324
vt -1.40403 0.684324
vt -1.50887 0.501983
f 1711/3545/591 1687/3546/573 1691/3547/573 1720/3548/591 

vt -1.29596 0.495389
vn 0.458827 -6.26155e-017 -0.888525
vt -1.17797 0.66951
vt -1.17797 2.07499
vt -1.29596 2.23135
f 1720/3549/592 1691/3550/592 1692/3551/592 1710/3552/592 

f 1719/3536/320 1714/3531/320 1715/3530/320

usemtl case1
v 83.4677 747.288 -540
vt -0.102069 0.744832
vn -2.50364e-019 -0.568725 -0.822528
v 516.532 747.288 -540
vt -0.631646 0.744832
vt -0.621055 0.725481
vt -0.112661 0.725481
f 1721/3553/593 1722/3554/593 1719/3555/593 1715/3556/593 

usemtl Metal_Silver
vt -0.273844 2.40908
vt 0 2.68293
vt -1.69466 2.40908
f 1721/3557/320 1107/3558/320 1722/3559/320

v 83.4677 96.4677 -540
vt -0.273844 0.273844
f 1723/3560/320 1107/3558/320 1721/3557/320

v 2.10792e-013 13 -540
vt -6.91576e-016 0
f 1723/3560/320 1724/3561/320 1107/3558/320

v 600 13 -540
vt -1.9685 2.22045e-016
f 1724/3561/320 1723/3560/320 1725/3562/320

v 516.532 96.4677 -540
vt -1.69466 0.273844
f 1726/3563/320 1725/3562/320 1723/3560/320

vt -1.9685 2.68293
f 1725/3562/320 1726/3563/320 12/3564/320

f 12/3564/320 1726/3563/320 1722/3559/320

usemtl case1
vt -0.430651 0.882014
vn -0.720535 4.69087e-019 -0.693418
vt -0.445925 0.897931
vt -0.445925 0.102069
vt -0.430651 0.117986
f 1719/3565/594 1722/3566/594 1726/3567/594 1717/3568/594 

vt -0.112661 0.0970471
vn -2.50364e-019 0.568725 -0.822528
vt -0.621055 0.0970471
vt -0.631646 0.0776955
vt -0.102069 0.0776955
f 1716/3569/595 1717/3570/595 1726/3571/595 1723/3572/595 

vt -0.078121 0.117986
vn 0.720535 -1.90906e-020 -0.693418
vt -0.0628466 0.102069
vt -0.0628466 0.897931
vt -0.078121 0.882014
f 1716/3573/596 1723/3574/596 1721/3575/596 1715/3576/596 

usemtl Metal_Silver
f 12/3564/320 1722/3559/320 1107/3558/320

vt -1.31781 1.44678
f 1599/3428/320 1597/3427/320 1598/3577/320

vt -0.94634 0.288081
vn -0.254462 -0.851574 -0.458334
vt -0.988447 0.273575
vt -0.975642 0.226256
vt -0.93185 0.241342
f 1589/3578/597 1591/3579/518 1593/3580/518 1690/3581/597 

vt -0.810981 0.0997062
vn -0.473943 -0.768313 -0.430201
vt -0.842418 0.0681595
vt -0.813342 0.0288016
vt -0.780648 0.0616102
f 1587/3582/598 1589/3583/597 1690/3584/597 1689/3585/598 

vt -0.65345 0.141583
vn -0.67191 -0.633424 -0.383812
vt -0.673456 0.101793
vt -0.635989 0.0706844
vt -0.615184 0.112066
f 1585/3586/599 1587/3587/598 1689/3588/598 1688/3589/599 

vt -0.48466 0.297894
vt -0.526509 0.321087
vt -0.537541 0.277938
vt -0.496134 0.253019
f 1673/3590/565 1584/3591/565 1585/3592/599 1688/3593/599 

g Mesh17 Model

usemtl FrontColor
v 342.441 734.684 6.03768e-014
vt 13.4819 28.9246
vn 2.09325e-016 2.04158e-015 1
v 343.101 733 1.20876e-013
vt 13.5079 28.8582
v 348.465 725.728 1.2085e-013
vt 13.7191 28.572
v 355.528 720.092 1.20189e-013
vt 13.9972 28.3501
v 363.81 716.476 1.18939e-013
vt 14.3232 28.2077
v 372.744 715.127 1.17184e-013
vt 14.675 28.1546
v 381.724 716.136 1.15043e-013
vt 15.0285 28.1943
v 390.136 719.435 1.12664e-013
vt 15.3597 28.3242
v 397.408 724.799 1.10208e-013
vt 15.646 28.5354
v 403.044 731.862 1.07842e-013
vt 15.8679 28.8135
v 404.277 734.684 5.35609e-014
vt 15.9164 28.9246
f 1727/3594/600 1728/3595/600 1729/3596/600 1730/3597/600 1731/3598/600 1732/3599/600 1733/3600/600 1734/3601/600 1735/3602/600 1736/3603/600 1737/3604/600 

usemtl Metal_Silver
v 295.216 734.684 -0
vt 0.968557 2.41038
vn 2.25597e-016 1.65524e-016 1
vt 1.12566 2.40485
vt 1.12349 2.41038
f 1738/3605/601 1728/3606/601 1727/3607/601

v 211.132 726.793 3.72568e-014
vt 0.692691 2.38449
f 1739/3608/601 1728/3606/601 1738/3605/601

v 211.069 725.835 3.74294e-014
vt 0.692485 2.38135
f 1740/3609/601 1728/3606/601 1739/3608/601

vt 1.14326 2.381
f 1740/3609/601 1729/3610/601 1728/3606/601

v 210.882 724.894 3.76273e-014
vt 0.691871 2.37826
f 1741/3611/601 1729/3610/601 1740/3609/601

v 210.574 723.986 3.78473e-014
vt 0.690859 2.37528
f 1742/3612/601 1729/3610/601 1741/3611/601

v 210.15 723.126 3.80854e-014
vt 0.689467 2.37246
f 1743/3613/601 1729/3610/601 1742/3612/601

v 209.617 722.328 3.83377e-014
vt 0.687718 2.36984
f 1744/3614/601 1729/3610/601 1743/3613/601

v 208.984 721.607 3.85998e-014
vt 0.685643 2.36748
f 1745/3615/601 1729/3610/601 1744/3614/601

v 208.263 720.974 3.88672e-014
vt 0.683277 2.3654
f 1746/3616/601 1729/3610/601 1745/3615/601

v 207.465 720.441 3.91354e-014
vt 0.68066 2.36365
f 1747/3617/601 1729/3610/601 1746/3616/601

vt 1.16643 2.36251
f 1747/3617/601 1730/3618/601 1729/3610/601

v 206.605 720.017 3.93997e-014
vt 0.677837 2.36226
f 1748/3619/601 1730/3618/601 1747/3617/601

v 205.696 719.708 3.96557e-014
vt 0.674856 2.36125
f 1749/3620/601 1730/3618/601 1748/3619/601

v 204.755 719.521 3.9899e-014
vt 0.671769 2.36063
f 1750/3621/601 1730/3618/601 1749/3620/601

v 203.798 719.458 4.01253e-014
vt 0.668629 2.36043
f 1751/3622/601 1730/3618/601 1750/3621/601

vt 1.1936 2.35064
f 1730/3618/601 1751/3622/601 1731/3623/601

v 36.4663 719.458 7.78749e-014
vt 0.11964 2.36043
f 1752/3624/601 1731/3623/601 1751/3622/601

vt 1.22291 2.34622
f 1752/3624/601 1732/3625/601 1731/3623/601

vt 0.984252 2.15847
f 1752/3624/601 1406/3626/601 1732/3625/601

v 35.509 719.521 7.80805e-014
vt 0.116499 2.36063
f 1753/3627/601 1406/3626/601 1752/3624/601

v 34.5681 719.708 7.82618e-014
vt 0.113412 2.36125
f 1754/3628/601 1406/3626/601 1753/3627/601

v 241.987 650.264 -2.27497e-014
vt 0.79392 2.13341
f 1754/3628/601 1755/3629/601 1406/3626/601

vt 0.616559 2.05995
f 1754/3628/601 1417/3630/601 1755/3629/601

v 33.6597 720.017 7.84157e-014
vt 0.110432 2.36226
f 1756/3631/601 1417/3630/601 1754/3628/601

v 32.7993 720.441 7.85395e-014
vt 0.107609 2.36365
f 1757/3632/601 1417/3630/601 1756/3631/601

vt 0.464256 1.94308
f 1757/3632/601 1336/3633/601 1417/3630/601

v 32.0016 720.974 7.86313e-014
vt 0.104992 2.3654
f 1758/3634/601 1336/3633/601 1757/3632/601

v 31.2803 721.607 7.86893e-014
vt 0.102626 2.36748
f 1759/3635/601 1336/3633/601 1758/3634/601

v 30.6478 722.328 7.87126e-014
vt 0.10055 2.36984
f 1760/3636/601 1336/3633/601 1759/3635/601

vt 0.347389 1.79078
f 1760/3636/601 1334/3637/601 1336/3633/601

v 30.1148 723.126 7.87008e-014
vt 0.0988017 2.37246
f 1761/3638/601 1334/3637/601 1760/3636/601

v 29.6905 723.986 7.86541e-014
vt 0.0974096 2.37528
f 1762/3639/601 1334/3637/601 1761/3638/601

vt 0.273924 1.61342
f 1762/3639/601 1332/3640/601 1334/3637/601

v 29.3821 724.894 7.85733e-014
vt 0.0963979 2.37826
f 1763/3641/601 1332/3640/601 1762/3639/601

f 1108/5/601 1332/3640/601 1763/3641/601

vt 0.248866 1.42308
f 1108/5/601 1333/3642/601 1332/3640/601

vt 0.273924 1.23275
f 1108/5/601 1425/3643/601 1333/3642/601

vt 6.91576e-016 0.0426509
f 406/3644/601 1425/3643/601 1108/5/601

vt 0.347389 1.05539
f 1425/3643/601 406/3644/601 1424/3645/601

vt 0.464256 0.903087
f 1424/3645/601 406/3644/601 1423/3646/601

v 444.112 29.1107 1.0018e-013
vt 1.45706 0.0955076
f 1423/3646/601 406/3644/601 1764/3647/601

v 446.221 27.7018 9.99378e-014
vt 1.46398 0.0908853
f 1764/3647/601 406/3644/601 1765/3648/601

v 448.495 26.5802 9.96104e-014
vt 1.47144 0.0872055
f 1765/3648/601 406/3644/601 1766/3649/601

v 450.897 25.7651 9.92036e-014
vt 1.47932 0.0845312
f 1766/3649/601 406/3644/601 1767/3650/601

v 453.384 25.2704 9.87244e-014
vt 1.48748 0.0829081
f 1767/3650/601 406/3644/601 1768/3651/601

v 455.914 25.1045 9.8181e-014
vt 1.49578 0.0823639
f 1768/3651/601 406/3644/601 1769/3652/601

v 570.208 25.1045 7.23966e-014
vt 1.87076 0.0823639
f 406/3644/601 1770/3653/601 1769/3652/601

vt 1.9685 0.0426509
f 80/3654/601 1770/3653/601 406/3644/601

v 572.208 25.2356 7.19238e-014
vt 1.87732 0.0827939
f 1770/3653/601 80/3654/601 1771/3655/601

v 574.173 25.6265 7.14157e-014
vt 1.88377 0.0840765
f 1771/3655/601 80/3654/601 1772/3656/601

v 576.071 26.2707 7.0881e-014
vt 1.89 0.0861898
f 1772/3656/601 80/3654/601 1773/3657/601

v 577.868 27.157 7.03288e-014
vt 1.89589 0.0890977
f 1773/3657/601 80/3654/601 1774/3658/601

v 579.534 28.2703 6.97687e-014
vt 1.90136 0.0927503
f 1774/3658/601 80/3654/601 1775/3659/601

v 581.041 29.5916 6.92101e-014
vt 1.9063 0.0970852
f 1775/3659/601 80/3654/601 1776/3660/601

v 582.362 31.0982 6.86626e-014
vt 1.91064 0.102028
f 1776/3660/601 80/3654/601 1777/3661/601

v 583.475 32.7644 6.81357e-014
vt 1.91429 0.107495
f 1777/3661/601 80/3654/601 1778/3662/601

v 584.361 34.5616 6.76382e-014
vt 1.9172 0.113391
f 1778/3662/601 80/3654/601 1779/3663/601

v 585.006 36.4592 6.71788e-014
vt 1.91931 0.119617
f 1779/3663/601 80/3654/601 1780/3664/601

v 585.397 38.4246 6.67653e-014
vt 1.92059 0.126065
f 1780/3664/601 80/3654/601 1781/3665/601

v 585.528 40.4242 6.64048e-014
vt 1.92102 0.132625
f 1781/3665/601 80/3654/601 1782/3666/601

vt 1.9685 2.72558
f 1782/3666/601 80/3654/601 4/3667/601

v 585.528 97.6531 5.6932e-014
vt 1.92102 0.320384
f 1782/3666/601 4/3667/601 1783/3668/601

v 585.395 99.6699 5.6628e-014
vt 1.92059 0.327001
f 1783/3668/601 4/3667/601 1784/3669/601

v 585.001 101.652 5.63888e-014
vt 1.9193 0.333505
f 1784/3669/601 4/3667/601 1785/3670/601

v 584.351 103.566 5.62186e-014
vt 1.91716 0.339784
f 1785/3670/601 4/3667/601 1786/3671/601

v 583.458 105.379 5.61202e-014
vt 1.91423 0.345731
f 1786/3671/601 4/3667/601 1787/3672/601

v 582.335 107.059 5.60954e-014
vt 1.91055 0.351244
f 1787/3672/601 4/3667/601 1788/3673/601

v 581.002 108.579 5.61445e-014
vt 1.90617 0.35623
f 1788/3673/601 4/3667/601 1789/3674/601

v 579.482 109.912 5.62667e-014
vt 1.90119 0.360602
f 1789/3674/601 4/3667/601 1790/3675/601

v 577.802 111.034 5.646e-014
vt 1.89568 0.364286
f 1790/3675/601 4/3667/601 1791/3676/601

v 575.989 111.928 5.67209e-014
vt 1.88973 0.367219
f 1791/3676/601 4/3667/601 1792/3677/601

v 574.075 112.578 5.70452e-014
vt 1.88345 0.36935
f 1792/3677/601 4/3667/601 1793/3678/601

v 572.093 112.972 5.74271e-014
vt 1.87695 0.370644
f 1793/3678/601 4/3667/601 1794/3679/601

v 570.076 113.105 5.78602e-014
vt 1.87033 0.371078
f 1794/3679/601 4/3667/601 1795/3680/601

vt 1.69458 1.23275
f 1795/3680/601 4/3667/601 1392/3681/601

vt 1.71964 1.42308
f 1392/3681/601 4/3667/601 1394/3682/601

vt 1.69458 1.61342
f 1394/3682/601 4/3667/601 1396/3683/601

v 568.174 734.31 -4.45352e-014
vt 1.86409 2.40915
f 1396/3683/601 4/3667/601 1796/3684/601

v 568.174 803.31 -5.59564e-014
vt 1.86409 2.63553
f 1796/3684/601 4/3667/601 1797/3685/601

v 469.174 803.31 -3.36222e-014
vt 1.53929 2.63553
f 1797/3685/601 4/3667/601 1798/3686/601

v 211.132 810.458 2.3408e-014
vt 0.692691 2.65898
f 1798/3686/601 4/3667/601 1799/3687/601

v 29.1322 810.458 6.44668e-014
vt 0.095578 2.65898
f 1799/3687/601 4/3667/601 1800/3688/601

f 1108/5/601 1800/3688/601 4/3667/601

v 29.1322 726.793 7.83155e-014
vt 0.095578 2.38449
f 1108/5/601 1801/3689/601 1800/3688/601

v 29.1949 725.835 7.84598e-014
vt 0.0957838 2.38135
f 1108/5/601 1802/3690/601 1801/3689/601

f 1108/5/601 1763/3641/601 1802/3690/601

v 448.216 802.684 -1.02625e-014
vt 1.47053 2.63348
f 1799/3687/601 1803/3691/601 1798/3686/601

v 295.216 802.684 -0
vt 0.968557 2.63348
f 1799/3687/601 1804/3692/601 1803/3691/601

f 1799/3687/601 1738/3605/601 1804/3692/601

f 1739/3608/601 1738/3605/601 1799/3687/601

usemtl nonio2
vt 0.306324 0.0356096
vn 8.21826e-017 8.55146e-017 1
v 339.802 741.412 1.20265e-013
vt 0.28908 0.130964
v 338.867 749.735 1.19148e-013
vt 0.282966 0.248929
v 338.793 750.392 1.1906e-013
vt 0.282483 0.258236
v 340.142 759.326 1.17341e-013
vt 0.291302 0.384875
v 343.758 767.608 1.15227e-013
vt 0.314934 0.502248
v 349.394 774.671 1.12861e-013
vt 0.35177 0.602358
v 356.666 780.035 1.10405e-013
vt 0.399299 0.678383
v 365.078 783.334 1.08026e-013
vt 0.454282 0.725141
v 374.058 784.343 1.05886e-013
vt 0.512973 0.739446
v 382.993 782.994 1.04131e-013
vt 0.571371 0.720323
v 391.274 779.378 1.0288e-013
vt 0.625496 0.669075
v 398.337 773.742 1.0222e-013
vt 0.671661 0.589195
v 403.701 766.47 1.02194e-013
vt 0.706719 0.486127
v 407 758.058 1.02804e-013
vt 0.728281 0.366893
v 407.935 749.735 1.03922e-013
vt 0.734395 0.248929
v 408.009 749.078 1.0401e-013
vt 0.734878 0.239621
v 406.66 740.143 1.05728e-013
vt 0.726059 0.112983
vt 0.710481 0.0356096
v 448.216 734.684 -0
vt 0.997669 0.0356096
vt 0.997669 0.999405
vt -0.00233135 0.999405
vt -0.00233135 0.0356096
f 1727/3693/602 1805/3694/602 1806/3695/602 1807/3696/602 1808/3697/602 1809/3698/602 1810/3699/602 1811/3700/602 1812/3701/602 1813/3702/602 1814/3703/602 1815/3704/602 1816/3705/602 1817/3706/602 1818/3707/602 1819/3708/602 1820/3709/602 1821/3710/602 1737/3711/602 1822/3712/602 1803/3713/602 1804/3714/602 1738/3715/602 

usemtl FrontColor
vn 1.99951e-016 -4.00249e-016 1
vt 16.0102 29.1395
vt 16.0634 29.4913
vt 16.0605 29.5171
vt 16.0236 29.8448
vt 15.8937 30.176
vt 15.6826 30.4623
vt 15.4045 30.6842
vt 15.0785 30.8265
vt 14.7267 30.8796
vt 14.3732 30.8399
vt 14.042 30.71
vt 13.7557 30.4989
vt 13.5338 30.2208
vt 13.3914 29.8947
vt 13.3383 29.543
vt 13.3412 29.5171
vt 13.378 29.1894
f 1727/3594/603 1737/3604/603 1821/3716/603 1820/3717/603 1819/3718/603 1818/3719/603 1817/3720/603 1816/3721/603 1815/3722/603 1814/3723/603 1813/3724/603 1812/3725/603 1811/3726/603 1810/3727/603 1809/3728/603 1808/3729/603 1807/3730/603 1806/3731/603 1805/3732/603 

usemtl Metal_Silver
vt 1.33419 2.42829
vt 1.32637 2.41038
f 1821/3733/601 1727/3607/601 1737/3734/601

vt 1.11484 2.43245
f 1727/3607/601 1821/3733/601 1805/3735/601

vt 1.33861 2.45761
f 1805/3735/601 1821/3733/601 1820/3736/601

vt 1.11177 2.45976
f 1805/3735/601 1820/3736/601 1806/3737/601

vt 1.33837 2.45976
f 1806/3737/601 1820/3736/601 1819/3738/601

vt 1.11153 2.46191
f 1806/3737/601 1819/3738/601 1807/3739/601

vt 1.3353 2.48707
f 1807/3739/601 1819/3738/601 1818/3740/601

vt 1.11595 2.49123
f 1807/3739/601 1818/3740/601 1808/3741/601

vt 1.32448 2.51467
f 1808/3741/601 1818/3740/601 1817/3742/601

vt 1.12781 2.5184
f 1808/3741/601 1817/3742/601 1809/3743/601

vt 1.30688 2.53852
f 1809/3743/601 1817/3742/601 1816/3744/601

vt 1.14631 2.54157
f 1809/3743/601 1816/3744/601 1810/3745/601

vt 1.28371 2.55701
f 1810/3745/601 1816/3744/601 1815/3746/601

vt 1.17016 2.55917
f 1810/3745/601 1815/3746/601 1811/3747/601

vt 1.25654 2.56888
f 1811/3747/601 1815/3746/601 1814/3748/601

vt 1.19776 2.56999
f 1811/3747/601 1814/3748/601 1812/3749/601

vt 1.22722 2.5733
f 1812/3749/601 1814/3748/601 1813/3750/601

v 469.174 734.31 -2.22011e-014
vt 1.53929 2.40915
vt 1.47053 2.41038
f 1737/3734/601 1823/3751/601 1822/3752/601

vt 1.32232 2.40112
f 1736/3753/601 1823/3751/601 1737/3734/601

f 1823/3751/601 1736/3753/601 1796/3684/601

vt 1.30383 2.37795
f 1735/3754/601 1796/3684/601 1736/3753/601

vt 1.27998 2.36035
f 1734/3755/601 1796/3684/601 1735/3754/601

vt 1.25238 2.34953
f 1733/3756/601 1796/3684/601 1734/3755/601

f 1732/3625/601 1796/3684/601 1733/3756/601

f 1406/3626/601 1796/3684/601 1732/3625/601

v 358.013 650.264 -4.89249e-014
vt 1.17458 2.13341
f 1824/3757/601 1796/3684/601 1406/3626/601

vt 1.35194 2.05995
f 1402/3758/601 1796/3684/601 1824/3757/601

vt 1.50425 1.94308
f 1400/3759/601 1796/3684/601 1402/3758/601

vt 1.62111 1.79078
f 1398/3760/601 1796/3684/601 1400/3759/601

f 1396/3683/601 1796/3684/601 1398/3760/601

f 1798/3686/601 1822/3752/601 1823/3751/601

f 1822/3752/601 1798/3686/601 1803/3691/601

v 453.34 113.105 8.41955e-014
vt 1.48734 0.371078
f 1795/3680/601 1392/3681/601 1825/3761/601

vt 1.62111 1.05539
f 1825/3761/601 1392/3681/601 1391/3762/601

v 458.495 275.261 -9.52128e-015
vt 1.50425 0.903087
f 1825/3761/601 1391/3762/601 1826/3763/601

vt 1.35194 0.786221
f 1825/3761/601 1826/3763/601 1418/3764/601

vt 1.17458 0.712755
f 1825/3761/601 1418/3764/601 1419/3765/601

vt 0.984252 0.687698
f 1825/3761/601 1419/3765/601 1420/3766/601

vt 0.79392 0.712755
f 1421/3767/601 1825/3761/601 1420/3766/601

vt 0.616559 0.786221
f 1422/3768/601 1825/3761/601 1421/3767/601

v 451.146 112.961 8.47144e-014
vt 1.48014 0.370606
f 1422/3768/601 1827/3769/601 1825/3761/601

v 448.989 112.532 8.5272e-014
vt 1.47306 0.369198
f 1422/3768/601 1828/3770/601 1827/3769/601

v 446.906 111.825 8.58588e-014
vt 1.46623 0.366879
f 1422/3768/601 1829/3771/601 1828/3770/601

v 444.934 110.852 8.64648e-014
vt 1.45976 0.363688
f 1422/3768/601 1830/3772/601 1829/3771/601

v 443.105 109.63 8.70796e-014
vt 1.45376 0.359679
f 1422/3768/601 1831/3773/601 1830/3772/601

v 441.452 108.18 8.76926e-014
vt 1.44833 0.354922
f 1422/3768/601 1832/3774/601 1831/3773/601

v 440.002 106.527 8.82934e-014
vt 1.44358 0.349497
f 1422/3768/601 1833/3775/601 1832/3774/601

v 438.78 104.698 8.88717e-014
vt 1.43957 0.343498
f 1422/3768/601 1834/3776/601 1833/3775/601

v 437.807 102.726 8.94176e-014
vt 1.43638 0.337027
f 1422/3768/601 1835/3777/601 1834/3776/601

v 437.1 100.643 8.99218e-014
vt 1.43406 0.330195
f 1422/3768/601 1836/3778/601 1835/3777/601

v 436.671 98.4864 9.03756e-014
vt 1.43265 0.323118
f 1422/3768/601 1837/3779/601 1836/3778/601

v 436.528 96.2919 9.07713e-014
vt 1.43218 0.315918
f 1422/3768/601 1838/3780/601 1837/3779/601

v 436.528 44.4912 9.93456e-014
vt 1.43218 0.145969
f 1422/3768/601 1839/3781/601 1838/3780/601

f 1423/3646/601 1839/3781/601 1422/3768/601

v 436.693 41.9607 9.9727e-014
vt 1.43272 0.137666
f 1423/3646/601 1840/3782/601 1839/3781/601

v 437.188 39.4736 1.00027e-013
vt 1.43434 0.129506
f 1423/3646/601 1841/3783/601 1840/3782/601

v 438.003 37.0722 1.00241e-013
vt 1.43702 0.121628
f 1423/3646/601 1842/3784/601 1841/3783/601

v 439.125 34.7979 1.00364e-013
vt 1.4407 0.114166
f 1423/3646/601 1843/3785/601 1842/3784/601

v 440.534 32.6893 1.00395e-013
vt 1.44532 0.107249
f 1423/3646/601 1844/3786/601 1843/3785/601

v 442.206 30.7828 1.00334e-013
vt 1.45081 0.100993
f 1423/3646/601 1845/3787/601 1844/3786/601

f 1423/3646/601 1764/3647/601 1845/3787/601

usemtl FrontColor
vt -23.622 0
vt -8.29892e-015 -1.06581e-014
vt -8.29892e-015 21.2598
vt -23.622 21.2598
f 80/3788/237 406/3789/237 1724/3790/237 90/3791/237 

