{"cameraMode":{"drawMode":0,"name":"Shaded","section":"Shading Mode"},"sceneLighting":true,"audioPlay":false,"sceneViewState":{"m_AlwaysRefresh":false,"showFog":true,"showSkybox":true,"showFlares":true,"showImageEffects":true,"showParticleSystems":true,"showVisualEffectGraphs":true,"m_FxEnabled":true},"in2DMode":false,"pivot":{"x":-102.6314697265625,"y":2.8806169033050539,"z":109.41676330566406},"rotation":{"x":-0.014619703404605389,"y":-0.6971409916877747,"z":-0.01422556210309267,"w":0.7166503071784973},"size":75.20751190185547,"orthographic":true}