# This file uses centimeters as units for non-parametric coordinates.

mtllib Switch.mtl
g default
v -0.665566 1.499645 -0.335223
v 0.665566 1.499645 -0.335223
v 0.403479 -1.499645 -0.054110
v 0.403479 1.499645 -0.335223
v 0.403479 -1.499645 -0.335223
v -0.428697 1.499645 -0.335223
v 0.403479 -1.009442 -0.054110
v -0.428697 -1.009442 -0.054110
v -0.665566 -1.009442 -0.335223
v -0.428697 -1.009442 -0.335223
v 0.403479 -1.009442 -0.335223
v 0.403479 0.925321 -0.054110
v -0.428697 0.925321 -0.054110
v -0.665566 0.925321 -0.335223
v -0.428697 0.925321 -0.335223
v 0.403479 0.925321 -0.335223
v 0.665566 0.925321 -0.335223
v 0.403479 0.693991 -0.054110
v -0.428697 0.693991 -0.054110
v -0.428697 0.693991 -0.335223
v 0.403479 0.693991 -0.335223
v 0.403479 -0.778111 -0.054110
v -0.428697 -0.778111 -0.054110
v -0.665566 -0.778111 -0.335223
v -0.428697 -0.778111 -0.335223
v 0.403479 -0.778111 -0.335223
v -0.366388 -1.009442 -0.054110
v -0.366388 -0.778111 -0.054110
v -0.366388 0.693991 -0.054110
v -0.366388 0.925321 -0.054110
v -0.366388 0.925321 -0.335223
v -0.366388 0.693991 -0.335223
v -0.366388 -0.778111 -0.335223
v -0.366388 -1.009441 -0.335223
v 0.312770 -1.499645 -0.054110
v 0.312770 -1.009442 -0.054110
v 0.312770 -0.778111 -0.054110
v 0.312770 0.693991 -0.054110
v 0.312770 0.925321 -0.054110
v 0.312770 0.925321 -0.335223
v 0.312770 0.693991 -0.335223
v 0.312770 -0.778111 -0.335223
v 0.312770 -1.009442 -0.335223
v 0.312770 -1.499645 -0.335223
v -0.665566 -1.499645 -0.054110
v -0.428697 -1.499645 -0.054110
v -0.428697 -1.009442 -0.054110
v -0.665566 -1.009442 -0.054110
v -0.665566 -1.009442 -0.335223
v -0.428697 -1.009442 -0.335223
v -0.428697 -1.499645 -0.335223
v -0.665566 -1.499645 -0.335223
v 0.665566 -1.499645 -0.335223
v 0.665566 -1.499645 -0.054110
v 0.665566 -1.009442 -0.335223
v 0.665566 -1.009442 -0.054110
v 0.403479 -1.499645 -0.054110
v 0.403479 -1.009442 -0.054110
v 0.403479 -1.009442 -0.335223
v 0.403479 -1.499645 -0.335223
v -0.366388 -1.499645 -0.054110
v -0.366388 -1.009442 -0.054110
v -0.428697 1.499645 -0.054110
v -0.428697 1.499645 -0.335223
v -0.366388 1.499645 -0.054110
v -0.366388 1.499645 -0.335223
v -0.366388 -1.009441 -0.335223
v -0.366388 -1.499645 -0.335223
v 0.665566 -0.778111 -0.054110
v 0.403479 -0.778111 -0.054110
v -0.428697 -0.778111 -0.054110
v -0.665566 -0.778111 -0.054110
v 0.403479 -0.778111 -0.335223
v 0.665566 -0.778111 -0.335223
v 0.665566 0.925321 -0.054110
v 0.403479 0.925321 -0.054110
v 0.665566 1.499645 -0.054110
v 0.403479 1.499645 -0.054110
v -0.366388 0.925321 -0.054110
v -0.428697 0.925321 -0.054110
v -0.665566 0.925321 -0.054110
v -0.665566 1.499645 -0.054110
v -0.428697 0.925321 -0.335223
v -0.366388 0.925321 -0.335223
v 0.665566 0.693991 -0.054110
v 0.403479 0.693991 -0.054110
v -0.428697 0.693991 -0.054110
v -0.665566 0.693991 -0.054110
v -0.665566 0.693991 -0.335223
v -0.665566 0.925321 -0.335223
v -0.428697 0.693991 -0.335223
v 0.403479 0.693991 -0.335223
v 0.665566 0.693991 -0.335223
v 0.403479 0.925321 -0.335223
v 0.665566 0.925321 -0.335223
v -0.665566 -0.778111 -0.335223
v -0.428697 -0.778111 -0.335223
v 0.312770 -1.499645 -0.054110
v 0.312770 -1.009442 -0.054110
v 0.312770 0.925321 -0.054110
v 0.312770 1.499645 -0.054110
v 0.312770 1.499645 -0.335223
v 0.312770 0.925321 -0.335223
v 0.312770 -1.009442 -0.335223
v 0.312770 -1.499645 -0.335223
v 0.403479 1.499645 -0.335223
v -0.366388 -0.778111 -0.146273
v -0.366388 0.693991 -0.146273
v 0.312770 -0.778111 -0.146273
v 0.312770 0.693991 -0.146273
v -0.366388 -0.778111 -0.614973
v 0.312770 -0.778111 -0.614973
v -0.366388 0.693991 -0.614973
v 0.312770 0.693991 -0.614973
vt 0.375000 0.000000
vt 0.625000 0.000000
vt 0.375000 0.500000
vt 0.625000 0.500000
vt 0.375000 0.750000
vt 0.625000 0.750000
vt 0.375000 1.000000
vt 0.625000 1.000000
vt 0.875000 0.000000
vt 0.125000 0.000000
vt 0.575778 0.000000
vt 0.575778 1.000000
vt 0.575778 0.500000
vt 0.575778 0.750000
vt 0.419486 0.000000
vt 0.419486 1.000000
vt 0.419486 0.500000
vt 0.419486 0.750000
vt 0.625000 0.040860
vt 0.575778 0.040860
vt 0.419486 0.040860
vt 0.125000 0.040860
vt 0.375000 0.709140
vt 0.419486 0.709140
vt 0.575778 0.709140
vt 0.625000 0.709140
vt 0.875000 0.040860
vt 0.575778 0.202128
vt 0.419486 0.202128
vt 0.125000 0.202128
vt 0.375000 0.547872
vt 0.419486 0.547872
vt 0.575778 0.547872
vt 0.625000 0.547872
vt 0.875000 0.202128
vt 0.625000 0.182846
vt 0.575778 0.182846
vt 0.419486 0.182846
vt 0.375000 0.182846
vt 0.125000 0.182846
vt 0.375000 0.567154
vt 0.419486 0.567154
vt 0.575778 0.567154
vt 0.625000 0.567154
vt 0.875000 0.182846
vt 0.625000 0.060142
vt 0.575778 0.060142
vt 0.419486 0.060142
vt 0.125000 0.060142
vt 0.375000 0.689858
vt 0.419486 0.689858
vt 0.575778 0.689858
vt 0.625000 0.689858
vt 0.875000 0.060142
vt 0.431189 0.000000
vt 0.431189 1.000000
vt 0.431189 0.040860
vt 0.431189 0.060142
vt 0.431189 0.182846
vt 0.431189 0.202128
vt 0.431189 0.250000
vt 0.431189 0.500000
vt 0.431189 0.547872
vt 0.431189 0.567154
vt 0.431189 0.689858
vt 0.431189 0.709140
vt 0.431189 0.750000
vt 0.558741 0.000000
vt 0.558741 1.000000
vt 0.558741 0.040860
vt 0.558741 0.060142
vt 0.558741 0.182846
vt 0.558741 0.202128
vt 0.558741 0.250000
vt 0.558741 0.500000
vt 0.558741 0.547872
vt 0.558741 0.567154
vt 0.558741 0.689858
vt 0.558741 0.709140
vt 0.558741 0.750000
vt 0.375000 0.709140
vt 0.419486 0.709140
vt 0.375000 0.040860
vt 0.125000 0.040860
vt 0.575778 0.040860
vt 0.575778 0.000000
vt 0.575778 0.750000
vt 0.575778 0.709140
vt 0.575778 1.000000
vt 0.431189 0.040860
vt 0.419486 0.040860
vt 0.419486 0.500000
vt 0.419486 0.250000
vt 0.431189 0.709140
vt 0.575778 0.060142
vt 0.419486 0.060142
vt 0.375000 0.060142
vt 0.575778 0.689858
vt 0.625000 0.202128
vt 0.625000 0.250000
vt 0.575778 0.250000
vt 0.419486 0.202128
vt 0.431189 0.202128
vt 0.375000 0.250000
vt 0.375000 0.202128
vt 0.431189 0.547872
vt 0.419486 0.547872
vt 0.575778 0.202128
vt 0.575778 0.182846
vt 0.419486 0.182846
vt 0.125000 0.202128
vt 0.375000 0.547872
vt 0.419486 0.567154
vt 0.575778 0.567154
vt 0.575778 0.547872
vt 0.625000 0.547872
vt 0.875000 0.202128
vt 0.125000 0.060142
vt 0.419486 0.689858
vt 0.375000 0.689858
vt 0.558741 0.000000
vt 0.558741 0.040860
vt 0.558741 0.202128
vt 0.558741 0.547872
vt 0.558741 0.709140
vt 0.558741 0.750000
vt 0.558741 1.000000
vt 0.575778 0.500000
vt 0.431189 0.182846
vt 0.431189 0.060142
vt 0.558741 0.060142
vt 0.558741 0.182846
vt 0.558741 0.689858
vt 0.431189 0.689858
vt 0.431189 0.567154
vt 0.558741 0.567154
vn 0.000000 0.000000 1.000000
vn 0.000000 0.000000 1.000000
vn 0.000000 0.000000 1.000000
vn 0.000000 0.000000 1.000000
vn 0.000000 0.000000 -1.000000
vn 0.000000 0.000000 -1.000000
vn 0.000000 0.000000 -1.000000
vn 0.000000 0.000000 -1.000000
vn 0.000000 -1.000000 0.000000
vn 0.000000 -1.000000 0.000000
vn 0.000000 -1.000000 0.000000
vn 0.000000 -1.000000 0.000000
vn 1.000000 0.000000 0.000000
vn 1.000000 0.000000 0.000000
vn 1.000000 0.000000 0.000000
vn 1.000000 0.000000 0.000000
vn -1.000000 0.000000 0.000000
vn -1.000000 0.000000 0.000000
vn -1.000000 0.000000 0.000000
vn -1.000000 0.000000 0.000000
vn 0.000000 0.000000 1.000000
vn 0.000000 0.000000 1.000000
vn 0.000000 0.000000 1.000000
vn 0.000000 0.000000 1.000000
vn 0.000000 0.000000 -1.000000
vn 0.000000 0.000000 -1.000000
vn 0.000000 0.000000 -1.000000
vn 0.000000 0.000000 -1.000000
vn 0.000000 -1.000000 0.000000
vn 0.000000 -1.000000 0.000000
vn 0.000000 -1.000000 0.000000
vn 0.000000 -1.000000 0.000000
vn 0.000000 0.000000 1.000000
vn 0.000000 0.000000 1.000000
vn 0.000000 1.000000 0.000000
vn 0.000000 1.000000 0.000000
vn 0.000000 1.000000 0.000000
vn 0.000000 1.000000 0.000000
vn 0.000000 0.000000 -1.000000
vn 0.000000 0.000000 -1.000000
vn 0.000000 -1.000000 0.000000
vn 0.000000 -1.000000 0.000000
vn 0.000000 0.000000 1.000000
vn 0.000000 0.000000 1.000000
vn 0.000003 0.000001 1.000000
vn 0.000000 0.000001 1.000000
vn 0.000002 0.000001 1.000000
vn 0.000005 0.000000 1.000000
vn 0.000000 0.000000 1.000000
vn 0.000000 0.000000 1.000000
vn 0.000000 0.000000 -1.000000
vn 0.000000 0.000000 -1.000000
vn 0.000000 0.000000 -1.000000
vn 0.000000 0.000000 -1.000000
vn 0.000000 0.000000 -1.000000
vn 0.000000 0.000000 -1.000000
vn 0.000000 0.000000 -1.000000
vn 0.000000 0.000000 -1.000000
vn 1.000000 0.000000 0.000000
vn 1.000000 0.000000 0.000000
vn 0.000000 0.000000 1.000000
vn 0.000000 0.000000 1.000000
vn 0.000000 0.000000 1.000000
vn 0.000000 0.000000 1.000000
vn 0.000000 0.000000 1.000000
vn 0.000000 0.000000 1.000000
vn 0.000000 0.000000 1.000000
vn 0.000000 0.000000 1.000000
vn 0.000000 0.000000 1.000000
vn 0.000000 0.000000 1.000000
vn 0.000000 0.000000 -1.000000
vn 0.000000 0.000000 -1.000000
vn 0.000000 0.000000 -1.000000
vn 0.000000 0.000000 -1.000000
vn 0.000000 0.000000 -1.000000
vn 0.000000 0.000000 -1.000000
vn 0.000000 0.000000 -1.000000
vn 0.000000 0.000000 -1.000000
vn 0.000000 0.000000 -1.000000
vn 0.000000 0.000000 -1.000000
vn 0.000000 0.000000 -1.000000
vn 0.000000 0.000000 -1.000000
vn 0.000000 0.000000 1.000000
vn 0.000000 0.000000 1.000000
vn 0.000005 -0.000000 1.000000
vn 0.000002 -0.000001 1.000000
vn 0.000000 -0.000001 1.000000
vn 0.000003 -0.000001 1.000000
vn 0.000000 0.000000 1.000000
vn 0.000000 0.000000 1.000000
vn -1.000000 0.000000 0.000000
vn -1.000000 0.000000 0.000000
vn -1.000000 0.000000 0.000000
vn -1.000000 0.000000 0.000000
vn -0.000000 -0.000000 -1.000000
vn -0.000000 -0.000000 -1.000000
vn -0.000000 -0.000000 -1.000000
vn -0.000000 -0.000000 -1.000000
vn 0.000000 -0.000000 -1.000000
vn 0.000001 -0.000000 -1.000000
vn 0.000001 -0.000000 -1.000000
vn 0.000000 -0.000000 -1.000000
vn 0.000000 0.000000 -1.000000
vn 0.000000 0.000000 -1.000000
vn 0.000000 0.000000 -1.000000
vn 0.000000 0.000000 -1.000000
vn 1.000000 0.000000 0.000000
vn 1.000000 0.000000 0.000000
vn 1.000000 0.000000 0.000000
vn 1.000000 0.000000 0.000000
vn -1.000000 0.000000 0.000000
vn -1.000000 0.000000 0.000000
vn 0.000000 0.000000 -1.000000
vn 0.000000 0.000000 -1.000000
vn 0.000000 0.000000 1.000000
vn 0.000000 0.000000 1.000000
vn -0.000000 0.000001 1.000000
vn -0.000002 0.000001 1.000000
vn 0.000000 0.000000 1.000000
vn 0.000000 0.000000 1.000000
vn 0.000000 0.000000 1.000000
vn 0.000000 0.000000 1.000000
vn -0.000002 -0.000001 1.000000
vn -0.000000 -0.000001 1.000000
vn 0.000000 0.000000 1.000000
vn 0.000000 0.000000 1.000000
vn 0.000000 1.000000 0.000000
vn 0.000000 1.000000 0.000000
vn 0.000000 0.000000 -1.000000
vn 0.000000 0.000000 -1.000000
vn -0.000000 -0.000000 -1.000000
vn -0.000000 -0.000000 -1.000000
vn 0.000000 0.000000 -1.000000
vn 0.000000 0.000000 -1.000000
vn 0.000000 0.000000 -1.000000
vn 0.000000 0.000000 -1.000000
vn -0.000000 0.000000 -1.000000
vn -0.000000 0.000000 -1.000000
vn 0.000000 0.000000 -1.000000
vn 0.000000 0.000000 -1.000000
vn 0.000000 -1.000000 0.000000
vn 0.000000 -1.000000 0.000000
vn 0.000000 0.000000 1.000000
vn 0.000000 0.000000 1.000000
vn -0.000001 0.000000 1.000000
vn -0.000003 0.000000 1.000000
vn -0.000003 -0.000000 1.000000
vn -0.000002 -0.000001 1.000000
vn 0.000000 1.000000 0.000000
vn 0.000000 1.000000 0.000000
vn 0.000000 0.000000 -1.000000
vn 0.000000 0.000000 -1.000000
vn -0.000000 -0.000000 -1.000000
vn -0.000000 -0.000000 -1.000000
vn -0.000000 0.000000 -1.000000
vn -0.000000 0.000000 -1.000000
vn 0.000000 0.000000 -1.000000
vn 0.000000 0.000000 -1.000000
vn 0.000000 -1.000000 0.000000
vn 0.000000 -1.000000 0.000000
vn 0.000000 -1.000000 0.000000
vn 0.000000 -1.000000 0.000000
vn 0.000000 0.000000 0.000000
vn 0.000000 0.000000 0.000000
vn 0.000000 0.000000 0.000000
vn 0.000000 0.000000 0.000000
vn 0.000000 0.000000 0.000000
vn 0.000000 0.000000 0.000000
vn 0.000000 0.000000 0.000000
vn 1.000000 0.000000 0.000000
vn 1.000000 0.000000 0.000000
vn 1.000000 0.000000 0.000000
vn 1.000000 0.000000 0.000000
vn 0.000000 0.000000 0.000000
vn 0.000000 0.000000 0.000000
vn 0.000000 0.000000 0.000000
vn 0.000000 0.000000 0.000000
vn 0.000000 0.000000 0.000000
vn 0.000000 0.000000 0.000000
vn 0.000000 0.000000 0.000000
vn 0.000000 0.000000 0.000000
vn 0.000000 -1.000000 0.000000
vn 0.000000 -1.000000 0.000000
vn 0.000000 -1.000000 0.000000
vn 0.000000 -1.000000 0.000000
vn 0.000000 -1.000000 0.000000
vn 0.000000 -0.000000 0.000000
vn 0.000000 -0.000000 0.000000
vn 0.000000 0.000000 0.000000
vn 0.000000 0.000000 0.000000
vn 0.000000 0.000000 0.000000
vn 0.000000 0.000000 0.000000
vn 1.000000 0.000000 0.000000
vn 1.000000 0.000000 0.000000
vn 1.000000 0.000000 0.000000
vn 1.000000 0.000000 0.000000
vn -1.000000 0.000000 0.000000
vn -1.000000 0.000000 0.000000
vn -1.000000 0.000000 0.000000
vn -1.000000 0.000000 0.000000
vn 0.000000 0.000000 0.000000
vn 0.000000 0.000000 0.000000
vn 0.000000 0.000000 0.000000
vn 0.000000 0.000000 0.000000
vn 0.000000 1.000000 0.000000
vn 0.000000 1.000000 0.000000
vn 0.000000 1.000000 0.000000
vn 0.000000 1.000000 0.000000
vn -0.000001 -1.000000 0.000000
vn -0.000001 -1.000000 0.000000
vn -0.000001 -1.000000 0.000000
vn -0.000001 -1.000000 0.000000
vn -1.000000 0.000000 0.000000
vn -1.000000 0.000000 0.000000
vn -1.000000 0.000000 0.000000
vn -1.000000 0.000000 0.000000
vn 1.000000 0.000000 0.000000
vn 1.000000 0.000000 0.000000
vn 1.000000 0.000000 0.000000
vn 1.000000 0.000000 0.000000
vn -1.000000 0.000000 0.000000
vn -1.000000 0.000000 0.000000
vn -1.000000 0.000000 0.000000
vn -1.000000 0.000000 0.000000
vn 0.000000 0.000000 0.000000
vn 0.000000 0.000000 0.000000
vn 0.000000 0.000000 0.000000
vn 0.000000 0.000000 0.000000
vn 0.000000 1.000000 0.000000
vn 0.000000 1.000000 0.000000
vn 0.000000 0.000000 0.000000
vn 1.000000 0.000000 0.000000
vn 0.000000 0.000000 0.000000
vn 0.000000 0.000000 0.000000
vn 1.000000 0.000000 0.000000
vn 0.000000 0.000000 0.000000
vn 0.000000 0.000000 0.000000
vn 0.000000 0.000000 0.000000
vn 0.000000 0.000000 0.000000
vn 0.000000 0.000000 0.000000
vn 0.000000 0.000000 0.000000
vn 0.000000 0.000000 0.000000
vn 0.000000 0.000000 0.000000
vn 0.000000 0.000000 0.000000
vn 0.000000 0.000000 0.000000
vn 0.000000 0.000000 0.000000
vn 1.000000 0.000000 0.000000
vn 1.000000 0.000000 0.000000
vn 1.000000 0.000000 0.000000
vn 1.000000 0.000000 0.000000
vn -1.000000 -0.000000 0.000000
vn -1.000000 -0.000000 0.000000
vn -1.000000 -0.000000 0.000000
vn -1.000000 -0.000000 0.000000
vn 0.000000 0.000000 0.000000
vn 0.000000 0.000000 0.000000
vn 0.000000 0.000000 0.000000
vn 0.000000 0.000000 0.000000
vn 0.000000 0.000000 0.000000
vn 0.000000 0.000000 0.000000
vn 0.000000 0.000000 0.000000
vn 0.000000 0.000000 0.000000
vn 0.000000 0.000000 0.000000
vn 0.000000 0.000000 0.000000
vn 0.000000 0.000000 0.000000
vn 0.000000 0.000000 0.000000
vn 0.000000 0.000000 0.000000
vn 0.000000 0.000000 0.000000
vn 0.000000 0.000000 0.000000
vn -1.000000 0.000000 0.000000
vn -1.000000 0.000000 0.000000
vn -1.000000 0.000000 0.000000
vn -1.000000 0.000000 0.000000
vn 0.000000 -1.000000 0.000000
vn 0.000000 -1.000000 0.000000
vn 0.000000 -1.000000 0.000000
vn 0.000000 -1.000000 0.000000
vn 0.000000 1.000000 0.000000
vn 0.000000 1.000000 0.000000
vn 0.000000 1.000000 0.000000
vn 0.000000 1.000000 0.000000
vn 0.000000 -0.000000 0.000000
vn 0.000000 -1.000000 0.000000
vn 0.000000 -1.000000 0.000000
vn 0.000000 -0.000000 0.000000
vn 0.000000 0.000000 0.000000
vn 0.000000 0.000000 0.000000
vn 0.000000 0.000000 0.000000
vn 0.000000 0.000000 0.000000
vn 0.000000 0.000000 0.000000
vn 0.000000 0.000000 0.000000
vn 0.000000 0.000000 0.000000
vn 0.000000 0.000000 0.000000
vn 0.000000 0.000000 0.000000
vn 0.000000 0.000000 0.000000
vn 0.000000 1.000000 0.000000
vn 0.000000 0.000000 0.000000
vn 0.000000 1.000000 0.000000
vn 0.000000 1.000000 0.000000
vn 0.000000 1.000000 0.000000
vn 0.000000 1.000000 0.000000
vn 0.000000 0.000000 0.000000
vn 0.000000 0.000000 0.000000
vn 0.000000 0.000000 0.000000
vn 0.000000 0.000000 0.000000
vn 0.000000 0.000000 0.000000
vn 0.000000 0.000000 0.000000
vn 0.000000 0.000000 0.000000
vn 0.000000 0.000000 0.000000
vn 0.000000 0.000000 0.000000
vn 0.000000 0.000000 0.000000
vn 0.000000 0.000000 0.000000
vn 1.000000 0.000000 0.000000
vn 1.000000 0.000000 0.000000
vn 1.000000 0.000000 0.000000
vn 1.000000 0.000000 0.000000
vn 0.000000 1.000000 0.000000
vn 0.000000 1.000000 0.000000
vn 0.000000 1.000000 0.000000
vn 0.000000 1.000000 0.000000
vn -1.000000 0.000000 0.000000
vn -1.000000 0.000000 0.000000
vn -1.000000 0.000000 0.000000
vn -1.000000 0.000000 0.000000
vn 0.000000 -1.000000 0.000000
vn 0.000000 -1.000000 0.000000
vn 0.000000 -1.000000 0.000000
vn 0.000000 -1.000000 0.000000
vn 0.000000 -1.000000 0.000000
vn 0.000000 -1.000000 0.000000
vn 0.000000 -1.000000 0.000000
vn 0.000000 -1.000000 0.000000
vn -1.000000 0.000000 0.000000
vn -1.000000 0.000000 0.000000
vn -1.000000 0.000000 0.000000
vn -1.000000 0.000000 0.000000
vn 0.000000 1.000000 0.000000
vn 0.000000 1.000000 0.000000
vn 0.000000 1.000000 0.000000
vn 0.000000 1.000000 0.000000
vn 1.000000 0.000000 0.000000
vn 1.000000 0.000000 0.000000
vn 1.000000 0.000000 0.000000
vn 1.000000 0.000000 0.000000
s 1
g pCube2
usemtl initialShadingGroup
f 45/1/1 46/15/2 47/91/3 48/83/4
s 2
f 49/81/5 50/82/6 51/18/7 52/5/8
s 3
f 52/5/9 51/18/10 46/16/11 45/7/12
s 4
f 54/2/13 53/9/14 55/27/15 56/19/16
s off
f 52/10/17 45/1/18 48/83/19 49/84/20
s 1
f 57/86/21 54/2/22 56/19/23 58/85/24
s 6
f 60/87/25 59/88/26 55/26/27 53/6/28
s off
f 57/89/29 60/87/30 53/6/31 54/8/32
s 1
f 46/15/2 61/55/33 62/90/34 47/91/3
s 7
f 64/92/35 63/93/36 65/61/37 66/62/38
s 2
f 51/18/7 50/82/6 67/94/39 68/67/40
s 3
f 46/16/11 51/18/10 68/67/41 61/56/42
s 1
f 58/85/24 56/19/23 69/46/43 70/95/44
s 8
f 8/21/45 27/57/46 28/58/47 23/48/48
s 1
f 48/83/4 47/91/3 71/96/49 72/97/50
s 9
f 24/50/51 25/51/52 10/24/53 9/23/54
f 34/66/55 10/24/53 25/51/52 33/65/56
s 6
f 55/26/27 59/88/26 73/98/57 74/53/58
s 4
f 56/19/16 55/27/15 74/54/59 69/46/60
s 1
f 76/108/61 75/99/62 77/100/63 78/101/64
f 80/102/65 79/103/66 65/61/67 63/93/68
f 81/105/69 80/102/65 63/93/68 82/104/70
s off
f 1/3/71 6/17/72 15/32/73 14/31/74
s 12
f 84/106/75 83/107/76 64/92/77 66/62/78
s off
f 17/34/79 16/33/80 4/13/81 2/4/82
s 1
f 86/109/83 85/36/84 75/99/62 76/108/61
s 8
f 19/38/85 29/59/86 30/60/87 13/29/88
s 1
f 88/39/89 87/110/90 80/102/65 81/105/69
s 13
f 89/40/91 88/39/92 81/105/93 90/111/94
s 14
f 90/112/95 83/107/96 91/113/97 89/41/98
s 9
f 32/64/99 20/42/100 15/32/101 31/63/102
s 6
f 93/44/103 92/114/104 94/115/105 95/116/106
s 4
f 85/36/107 93/45/108 95/117/109 75/99/110
s 1
f 70/95/44 69/46/43 85/36/84 86/109/83
s 8
f 23/48/48 28/58/47 29/59/86 19/38/85
s 1
f 72/97/50 71/96/49 87/110/90 88/39/89
s 13
f 96/118/111 72/97/112 88/39/92 89/40/91
s 14
f 89/41/98 91/113/97 97/119/113 96/120/114
s 9
f 33/65/56 25/51/52 20/42/100 32/64/99
s 6
f 74/53/58 73/98/57 92/114/104 93/44/103
s 4
f 69/46/60 74/54/59 93/45/108 85/36/107
s 1
f 61/55/33 98/121/115 99/122/116 62/90/34
s 8
f 28/58/47 27/57/46 36/70/117 37/71/118
s off
f 108/129/119 107/130/120 109/131/121 110/132/122
s 8
f 30/60/87 29/59/86 38/72/123 39/73/124
s 1
f 65/61/67 79/103/66 100/123/125 101/74/126
s 7
f 66/62/38 65/61/37 101/74/127 102/75/128
s 12
f 103/124/129 84/106/75 66/62/78 102/75/130
s 9
f 41/77/131 32/64/99 31/63/102 40/76/132
s off
f 112/133/133 111/134/134 113/135/135 114/136/136
s 9
f 43/79/137 34/66/55 33/65/56 42/78/138
s 2
f 68/67/40 67/94/39 104/125/139 105/126/140
s 3
f 61/56/42 68/67/41 105/126/141 98/127/142
s 8
f 35/68/143 3/11/144 7/20/145 36/70/117
f 37/71/118 36/70/117 7/20/145 22/47/146
f 38/72/123 37/71/118 22/47/146 18/37/147
f 39/73/124 38/72/123 18/37/147 12/28/148
s 1
f 101/74/126 100/123/125 76/108/61 78/101/64
s 7
f 102/75/128 101/74/127 78/101/149 106/128/150
s 12
f 94/115/151 103/124/129 102/75/130 106/128/152
s 9
f 21/43/153 41/77/131 40/76/132 16/33/154
f 26/52/155 42/78/138 41/77/131 21/43/153
f 11/25/156 43/79/137 42/78/138 26/52/155
f 44/80/157 43/79/137 11/25/156 5/14/158
s off
f 35/69/159 44/80/160 5/14/161 3/12/162
f 9/23/163 10/24/164 50/82/165 49/81/166
f 48/83/167 9/22/168 49/84/169
f 7/20/170 3/11/171 57/86/172 58/85/173
f 5/14/174 11/25/175 59/88/176 60/87/177
f 3/12/178 5/14/179 60/87/180 57/89/181
f 27/57/182 8/21/183 47/91/184 62/90/185
f 6/17/186 63/93/187 64/92/188
f 10/24/189 34/66/190 67/94/191 50/82/192
f 22/47/193 7/20/194 58/85/195 70/95/196
f 8/21/197 23/48/198 71/96/199 47/91/200
f 11/25/201 26/52/202 73/98/203 59/88/204
f 13/29/205 30/60/206 79/103/207 80/102/208
f 31/63/209 15/32/210 83/107/211 84/106/212
f 15/32/213 6/17/214 64/92/215 83/107/216
f 12/28/217 18/37/218 86/109/219 76/108/220
f 19/38/221 13/29/222 80/102/223 87/110/224
f 81/105/225 14/30/226 90/111/227
f 14/31/228 15/32/229 83/107/230 90/112/231
f 15/32/232 20/42/233 91/113/234 83/107/235
f 21/43/236 16/33/237 94/115/238 92/114/239
f 16/33/240 17/34/241 95/116/242 94/115/243
f 17/35/244 75/99/245 95/117/246
f 18/37/247 22/47/248 70/95/249 86/109/250
f 23/48/251 19/38/252 87/110/253 71/96/254
f 24/49/255 72/97/256 96/118/257
f 20/42/258 25/51/259 97/119/260 91/113/261
f 25/51/262 24/50/263 96/120/264 97/119/265
f 26/52/266 21/43/267 92/114/268 73/98/269
f 35/68/270 36/70/271 99/122/272 98/121/273
f 36/70/274 27/57/275 62/90/276 99/122/277
f 30/60/278 39/73/279 100/123/280 79/103/281
f 40/76/282 31/63/283 84/106/284 103/124/285
f 34/66/286 43/79/287 104/125/288 67/94/289
f 43/79/290 44/80/291 105/126/292 104/125/293
f 44/80/294 35/69/295 98/127/296 105/126/297
f 39/73/298 12/28/299 76/108/300 100/123/301
f 78/101/302 4/13/303 106/128/304
f 16/33/305 40/76/306 103/124/307 94/115/308
f 4/13/309 16/33/310 94/115/311 106/128/312
f 29/59/313 28/58/314 107/130/315 108/129/316
f 28/58/317 37/71/318 109/131/319 107/130/320
f 37/71/321 38/72/322 110/132/323 109/131/324
f 38/72/325 29/59/326 108/129/327 110/132/328
f 42/78/329 33/65/330 111/134/331 112/133/332
f 33/65/333 32/64/334 113/135/335 111/134/336
f 32/64/337 41/77/338 114/136/339 113/135/340
f 41/77/341 42/78/342 112/133/343 114/136/344
g default
v -0.305423 -0.725163 -0.095359
v 0.240593 -0.729638 -0.107686
v -0.290404 0.559446 0.103525
v 0.255612 0.554971 0.091197
v -0.298570 0.618877 -0.279727
v 0.247446 0.614402 -0.292054
v -0.313589 -0.665732 -0.478610
v 0.232427 -0.670207 -0.490937
v -0.164722 0.558416 0.100687
v -0.172888 0.617847 -0.282564
v -0.187907 -0.666762 -0.481448
v -0.179741 -0.726193 -0.098196
v 0.146126 0.555868 0.093669
v 0.137961 0.615299 -0.289582
v 0.122942 -0.669310 -0.488466
v 0.131107 -0.728740 -0.105214
v -0.291482 0.467264 0.089253
v -0.299647 0.526695 -0.293998
v -0.173965 0.525665 -0.296836
v 0.136883 0.523117 -0.303854
v 0.246369 0.522220 -0.306326
v 0.254534 0.462789 0.076926
v 0.145049 0.463686 0.079398
v -0.165800 0.466234 0.086416
v -0.304514 -0.647408 -0.083321
v -0.312680 -0.587977 -0.466572
v -0.186998 -0.589007 -0.469410
v 0.123851 -0.591555 -0.476428
v 0.233336 -0.592452 -0.478899
v 0.241502 -0.651883 -0.095648
v 0.132016 -0.650985 -0.093176
v -0.178832 -0.648438 -0.086158
v 0.189618 0.555512 0.092687
v 0.181453 0.614943 -0.290564
v 0.180375 0.522761 -0.304836
v 0.167343 -0.591911 -0.477409
v 0.166434 -0.669666 -0.489448
v 0.174599 -0.729097 -0.106196
v 0.175508 -0.651342 -0.094158
v 0.188540 0.463330 0.078416
v -0.251332 0.559126 0.102643
v -0.259497 0.618557 -0.280609
v -0.260575 0.526375 -0.294880
v -0.273607 -0.588297 -0.467454
v -0.274516 -0.666052 -0.479492
v -0.266351 -0.725483 -0.096241
v -0.265442 -0.647728 -0.084203
v -0.252410 0.466944 0.088371
v -0.251821 0.517303 0.096168
v -0.290893 0.517623 0.097050
v -0.299059 0.577054 -0.286202
v -0.259986 0.576733 -0.287084
v -0.173377 0.576024 -0.289039
v 0.137472 0.573476 -0.296057
v 0.180964 0.573119 -0.297039
v 0.246957 0.572578 -0.298529
v 0.255123 0.513148 0.084722
v 0.189129 0.513689 0.086212
v 0.145637 0.514045 0.087194
v -0.165211 0.516593 0.094212
v -0.266070 -0.701482 -0.092525
v -0.305143 -0.701161 -0.091643
v -0.313308 -0.641731 -0.474894
v -0.274236 -0.642051 -0.475776
v -0.187626 -0.642761 -0.477732
v 0.123223 -0.645309 -0.484750
v 0.166714 -0.645665 -0.485732
v 0.232708 -0.646206 -0.487222
v 0.240873 -0.705637 -0.103970
v 0.174880 -0.705096 -0.102480
v 0.131388 -0.704739 -0.101498
v -0.179461 -0.702192 -0.094480
vt 0.375000 0.000000
vt 0.625000 0.000000
vt 0.375000 0.250000
vt 0.625000 0.250000
vt 0.375000 0.500000
vt 0.625000 0.500000
vt 0.375000 0.750000
vt 0.625000 0.750000
vt 0.375000 1.000000
vt 0.625000 1.000000
vt 0.875000 0.000000
vt 0.875000 0.250000
vt 0.125000 0.000000
vt 0.125000 0.250000
vt 0.432545 0.250000
vt 0.432545 0.500000
vt 0.432545 0.750000
vt 0.432545 0.000000
vt 0.432545 1.000000
vt 0.574871 0.250000
vt 0.574871 0.500000
vt 0.574871 0.750000
vt 0.574871 0.000000
vt 0.574871 1.000000
vt 0.375000 0.232060
vt 0.125000 0.232060
vt 0.375000 0.517940
vt 0.432545 0.517940
vt 0.574871 0.517940
vt 0.625000 0.517940
vt 0.875000 0.232060
vt 0.625000 0.232060
vt 0.574871 0.232060
vt 0.432545 0.232060
vt 0.375000 0.015132
vt 0.125000 0.015132
vt 0.375000 0.734868
vt 0.432545 0.734868
vt 0.574871 0.734868
vt 0.625000 0.734868
vt 0.875000 0.015132
vt 0.625000 0.015132
vt 0.574871 0.015132
vt 0.432545 0.015132
vt 0.594784 0.250000
vt 0.594784 0.500000
vt 0.594784 0.517940
vt 0.594784 0.734868
vt 0.594784 0.750000
vt 0.594784 0.000000
vt 0.594784 1.000000
vt 0.594784 0.015132
vt 0.594784 0.232060
vt 0.392890 0.250000
vt 0.392890 0.500000
vt 0.392890 0.517940
vt 0.392890 0.734868
vt 0.392890 0.750000
vt 0.392890 0.000000
vt 0.392890 1.000000
vt 0.392890 0.015132
vt 0.392890 0.232060
vt 0.392890 0.241861
vt 0.375000 0.241861
vt 0.125000 0.241861
vt 0.375000 0.508139
vt 0.392890 0.508139
vt 0.432545 0.508139
vt 0.574871 0.508139
vt 0.594784 0.508139
vt 0.625000 0.508139
vt 0.875000 0.241861
vt 0.625000 0.241861
vt 0.594784 0.241861
vt 0.574871 0.241861
vt 0.432545 0.241861
vt 0.392890 0.004671
vt 0.375000 0.004671
vt 0.125000 0.004671
vt 0.375000 0.745329
vt 0.392890 0.745329
vt 0.432545 0.745329
vt 0.574871 0.745329
vt 0.594784 0.745329
vt 0.625000 0.745329
vt 0.875000 0.004671
vt 0.625000 0.004671
vt 0.594784 0.004671
vt 0.574871 0.004671
vt 0.432545 0.004671
vn 0.021049 -0.153204 0.987970
vn 0.021049 -0.153204 0.987970
vn 0.021049 -0.153204 0.987970
vn 0.021049 -0.153204 0.987970
vn 0.011553 0.988161 0.152987
vn 0.011553 0.988161 0.152987
vn 0.011553 0.988161 0.152987
vn 0.011553 0.988161 0.152987
vn -0.021049 0.153204 -0.987970
vn -0.021049 0.153204 -0.987970
vn -0.021049 0.153204 -0.987970
vn -0.021049 0.153204 -0.987970
vn -0.011553 -0.988161 -0.152987
vn -0.011553 -0.988161 -0.152987
vn -0.011553 -0.988161 -0.152987
vn -0.011553 -0.988161 -0.152987
vn 0.999712 -0.008194 -0.022570
vn 0.999712 -0.008194 -0.022570
vn 0.999712 -0.008194 -0.022570
vn 0.999712 -0.008194 -0.022570
vn -0.999712 0.008194 0.022570
vn -0.999712 0.008194 0.022570
vn -0.999712 0.008194 0.022570
vn -0.999712 0.008194 0.022570
vn 0.011553 0.988161 0.152987
vn 0.011553 0.988161 0.152987
vn 0.011553 0.988161 0.152987
vn 0.011553 0.988161 0.152987
vn -0.021049 0.153204 -0.987970
vn -0.021049 0.153204 -0.987970
vn -0.021049 0.153204 -0.987970
vn -0.021049 0.153204 -0.987970
vn -0.011553 -0.988161 -0.152987
vn -0.011553 -0.988161 -0.152987
vn -0.011553 -0.988161 -0.152987
vn -0.011553 -0.988161 -0.152987
vn 0.021049 -0.153204 0.987970
vn 0.021049 -0.153204 0.987970
vn 0.021049 -0.153204 0.987970
vn 0.021049 -0.153204 0.987970
vn 0.011553 0.988161 0.152987
vn 0.011553 0.988161 0.152987
vn -0.021049 0.153204 -0.987970
vn -0.021049 0.153204 -0.987970
vn -0.011553 -0.988161 -0.152987
vn -0.011553 -0.988161 -0.152987
vn 0.021049 -0.153204 0.987970
vn 0.021049 -0.153204 0.987970
vn -0.999712 0.008194 0.022570
vn -0.999712 0.008194 0.022570
vn -0.999712 0.008194 0.022570
vn -0.999712 0.008194 0.022570
vn -0.021049 0.153204 -0.987970
vn -0.021049 0.153204 -0.987970
vn -0.021049 0.153204 -0.987970
vn -0.021049 0.153204 -0.987970
vn -0.021049 0.153204 -0.987970
vn -0.021049 0.153204 -0.987970
vn -0.021049 0.153204 -0.987970
vn -0.021049 0.153204 -0.987970
vn -0.021049 0.153204 -0.987970
vn -0.021049 0.153204 -0.987970
vn 0.999712 -0.008194 -0.022570
vn 0.999712 -0.008194 -0.022570
vn 0.999712 -0.008194 -0.022570
vn 0.999712 -0.008194 -0.022570
vn 0.021049 -0.153204 0.987970
vn 0.021049 -0.153204 0.987970
vn 0.021049 -0.153204 0.987970
vn 0.021049 -0.153204 0.987970
vn 0.021049 -0.153204 0.987970
vn 0.021049 -0.153204 0.987970
vn 0.021049 -0.153204 0.987970
vn 0.021049 -0.153204 0.987970
vn 0.021049 -0.153204 0.987970
vn 0.021049 -0.153204 0.987970
vn -0.999712 0.008194 0.022570
vn -0.999712 0.008194 0.022570
vn -0.021049 0.153204 -0.987970
vn -0.021049 0.153204 -0.987970
vn -0.021049 0.153204 -0.987970
vn -0.021049 0.153204 -0.987970
vn -0.021049 0.153204 -0.987970
vn 0.999712 -0.008194 -0.022570
vn 0.999712 -0.008194 -0.022570
vn 0.021049 -0.153204 0.987970
vn 0.021049 -0.153204 0.987970
vn 0.021049 -0.153204 0.987970
vn 0.021049 -0.153204 0.987970
vn 0.021049 -0.153204 0.987970
vn 0.011553 0.988161 0.152987
vn 0.011553 0.988161 0.152987
vn -0.021049 0.153204 -0.987970
vn -0.021049 0.153204 -0.987970
vn -0.021049 0.153204 -0.987970
vn -0.021049 0.153204 -0.987970
vn -0.021049 0.153204 -0.987970
vn -0.011553 -0.988161 -0.152987
vn -0.011553 -0.988161 -0.152987
vn 0.021049 -0.153204 0.987970
vn 0.021049 -0.153204 0.987970
vn 0.021049 -0.153204 0.987970
vn 0.021049 -0.153204 0.987970
vn 0.021049 -0.153204 0.987970
vn 0.021049 -0.153204 0.987970
vn 0.021049 -0.153204 0.987970
vn -0.999712 0.008194 0.022570
vn -0.999712 0.008194 0.022570
vn -0.021049 0.153204 -0.987970
vn -0.021049 0.153204 -0.987970
vn -0.021049 0.153204 -0.987970
vn -0.021049 0.153204 -0.987970
vn -0.021049 0.153204 -0.987970
vn -0.021049 0.153204 -0.987970
vn 0.999712 -0.008194 -0.022570
vn 0.999712 -0.008194 -0.022570
vn 0.021049 -0.153204 0.987970
vn 0.021049 -0.153204 0.987970
vn 0.021049 -0.153204 0.987970
vn 0.021049 -0.153204 0.987970
s 1
g pCube3
usemtl initialShadingGroup
f 115/137/345 160/195/346 175/213/347 176/214/348
s 2
f 117/139/349 155/190/350 156/191/351 119/141/352
s 3
f 177/216/353 178/217/354 159/194/355 121/143/356
s 4
f 121/143/357 159/194/358 160/196/359 115/145/360
s 5
f 116/138/361 122/147/362 182/222/363 183/223/364
s 6
f 121/149/365 115/137/366 176/214/367 177/215/368
s 2
f 123/151/369 127/156/370 128/157/371 124/152/372
s 3
f 125/153/373 179/218/374 180/219/375 129/158/376
s 4
f 126/155/377 125/153/378 129/158/379 130/160/380
s 1
f 186/226/381 126/154/382 130/159/383 185/225/384
s 2
f 127/156/370 147/181/385 148/182/386 128/157/371
s 3
f 129/158/376 180/219/375 181/220/387 151/185/388
s 4
f 130/160/380 129/158/379 151/185/389 152/187/390
s 1
f 185/225/384 130/159/383 152/186/391 184/224/392
s 6
f 132/162/393 131/161/394 164/200/395 165/201/396
s 3
f 165/202/397 166/203/398 157/192/399 132/163/400
f 134/165/401 133/164/402 167/204/403 168/205/404
f 149/183/405 134/165/401 168/205/404 169/206/406
s 5
f 136/168/407 135/167/408 170/208/409 171/209/410
s 1
f 173/211/411 137/169/412 154/189/413 172/210/414
f 174/212/415 138/170/416 137/169/412 173/211/411
f 131/161/417 162/198/418 163/199/419 164/200/420
s 6
f 140/172/421 139/171/422 131/161/394 132/162/393
s 3
f 132/163/400 157/192/399 158/193/423 140/173/424
f 142/175/425 141/174/426 133/164/402 134/165/401
f 150/184/427 142/175/425 134/165/401 149/183/405
s 5
f 144/178/428 143/177/429 135/167/408 136/168/407
s 1
f 137/169/412 145/179/430 153/188/431 154/189/413
f 138/170/416 146/180/432 145/179/430 137/169/412
f 139/171/433 161/197/434 162/198/418 131/161/417
s 2
f 147/181/385 118/140/435 120/142/436 148/182/386
s 3
f 135/166/437 149/183/405 169/206/406 170/207/438
f 143/176/439 150/184/427 149/183/405 135/166/437
f 151/185/388 181/220/387 182/221/440 122/144/441
s 4
f 152/187/390 151/185/389 122/144/442 116/146/443
s 1
f 184/224/392 152/186/391 116/138/444 183/223/445
f 154/189/413 153/188/431 144/178/446 136/168/447
f 172/210/414 154/189/413 136/168/447 171/209/448
s 2
f 155/190/350 123/151/369 124/152/372 156/191/351
s 3
f 157/192/399 166/203/398 167/204/403 133/164/402
f 158/193/423 157/192/399 133/164/402 141/174/426
f 159/194/355 178/217/354 179/218/374 125/153/373
s 4
f 160/196/359 159/194/358 125/153/378 126/155/377
s 1
f 186/226/381 175/213/347 160/195/346 126/154/382
f 162/198/418 161/197/434 146/180/432 138/170/416
f 174/212/415 163/199/419 162/198/418 138/170/416
f 164/200/420 163/199/419 155/190/449 117/139/450
s 6
f 165/201/396 164/200/395 117/139/451 119/150/452
s 3
f 119/141/453 156/191/454 166/203/398 165/202/397
f 167/204/403 166/203/398 156/191/454 124/152/455
f 168/205/404 167/204/403 124/152/455 128/157/456
f 169/206/406 168/205/404 128/157/456 148/182/457
f 170/207/438 169/206/406 148/182/457 120/142/458
s 5
f 171/209/410 170/208/409 120/148/459 118/140/460
s 1
f 147/181/461 172/210/414 171/209/448 118/140/462
f 127/156/463 173/211/411 172/210/414 147/181/461
f 123/151/464 174/212/415 173/211/411 127/156/463
f 155/190/449 163/199/419 174/212/415 123/151/464
f 176/214/348 175/213/347 161/197/434 139/171/433
s 6
f 177/215/368 176/214/367 139/171/422 140/172/421
s 3
f 140/173/424 158/193/423 178/217/354 177/216/353
f 179/218/374 178/217/354 158/193/423 141/174/426
f 180/219/375 179/218/374 141/174/426 142/175/425
f 181/220/387 180/219/375 142/175/425 150/184/427
f 182/221/440 181/220/387 150/184/427 143/176/439
s 5
f 183/223/364 182/222/363 143/177/429 144/178/428
s 1
f 153/188/431 184/224/392 183/223/445 144/178/446
f 145/179/430 185/225/384 184/224/392 153/188/431
f 146/180/432 186/226/381 185/225/384 145/179/430
f 161/197/434 175/213/347 186/226/381 146/180/432
g default
v 0.508464 1.266895 -0.904802
v 0.518091 1.266651 -0.904772
v 0.527322 1.269390 -0.904895
v 0.535254 1.274844 -0.905159
v 0.541110 1.282479 -0.905537
v 0.544318 1.291547 -0.905994
v 0.544563 1.301161 -0.906484
v 0.541821 1.310379 -0.906958
v 0.536361 1.318300 -0.907372
v 0.528717 1.324149 -0.907684
v 0.519637 1.327351 -0.907863
v 0.510011 1.327595 -0.907894
v 0.500780 1.324856 -0.907770
v 0.492848 1.319402 -0.907506
v 0.486992 1.311768 -0.907128
v 0.483784 1.302700 -0.906671
v 0.483539 1.293086 -0.906182
v 0.486281 1.283867 -0.905707
v 0.491741 1.275946 -0.905293
v 0.499385 1.270098 -0.904981
v 0.506818 1.313581 0.011067
v 0.516444 1.313337 0.011097
v 0.525675 1.316077 0.010974
v 0.533607 1.321530 0.010710
v 0.539464 1.329165 0.010332
v 0.542671 1.338233 0.009875
v 0.542916 1.347847 0.009386
v 0.540174 1.357066 0.008911
v 0.534714 1.364987 0.008497
v 0.527070 1.370835 0.008185
v 0.517991 1.374038 0.008006
v 0.508365 1.374281 0.007976
v 0.499134 1.371542 0.008099
v 0.491202 1.366089 0.008363
v 0.485345 1.358454 0.008741
v 0.482138 1.349386 0.009198
v 0.481893 1.339772 0.009687
v 0.484634 1.330553 0.010162
v 0.490094 1.322632 0.010576
v 0.497738 1.316784 0.010888
v 0.514051 1.297123 -0.906333
v 0.512404 1.343809 0.009537
vt 0.648603 0.107966
vt 0.626409 0.064408
vt 0.591842 0.029841
vt 0.548284 0.007647
vt 0.500000 -0.000000
vt 0.451716 0.007647
vt 0.408159 0.029841
vt 0.373591 0.064409
vt 0.351397 0.107966
vt 0.343750 0.156250
vt 0.351397 0.204534
vt 0.373591 0.248091
vt 0.408159 0.282659
vt 0.451716 0.304853
vt 0.500000 0.312500
vt 0.548284 0.304853
vt 0.591841 0.282659
vt 0.626409 0.248091
vt 0.648603 0.204534
vt 0.656250 0.156250
vt 0.375000 0.312500
vt 0.387500 0.312500
vt 0.400000 0.312500
vt 0.412500 0.312500
vt 0.425000 0.312500
vt 0.437500 0.312500
vt 0.450000 0.312500
vt 0.462500 0.312500
vt 0.475000 0.312500
vt 0.487500 0.312500
vt 0.500000 0.312500
vt 0.512500 0.312500
vt 0.525000 0.312500
vt 0.537500 0.312500
vt 0.550000 0.312500
vt 0.562500 0.312500
vt 0.575000 0.312500
vt 0.587500 0.312500
vt 0.600000 0.312500
vt 0.612500 0.312500
vt 0.625000 0.312500
vt 0.375000 0.688440
vt 0.387500 0.688440
vt 0.400000 0.688440
vt 0.412500 0.688440
vt 0.425000 0.688440
vt 0.437500 0.688440
vt 0.450000 0.688440
vt 0.462500 0.688440
vt 0.475000 0.688440
vt 0.487500 0.688440
vt 0.500000 0.688440
vt 0.512500 0.688440
vt 0.525000 0.688440
vt 0.537500 0.688440
vt 0.550000 0.688440
vt 0.562500 0.688440
vt 0.575000 0.688440
vt 0.587500 0.688440
vt 0.600000 0.688440
vt 0.612500 0.688440
vt 0.625000 0.688440
vt 0.648603 0.795466
vt 0.626409 0.751908
vt 0.591842 0.717341
vt 0.548284 0.695147
vt 0.500000 0.687500
vt 0.451716 0.695147
vt 0.408159 0.717341
vt 0.373591 0.751909
vt 0.351397 0.795466
vt 0.343750 0.843750
vt 0.351397 0.892034
vt 0.373591 0.935591
vt 0.408159 0.970159
vt 0.451716 0.992353
vt 0.500000 1.000000
vt 0.548284 0.992353
vt 0.591841 0.970159
vt 0.626409 0.935591
vt 0.648603 0.892034
vt 0.656250 0.843750
vt 0.500000 0.150000
vt 0.500000 0.837500
vn -0.181511 -0.982130 0.049738
vn 0.131257 -0.990051 0.050704
vn 0.131257 -0.990051 0.050704
vn -0.181511 -0.982130 0.049738
vn 0.431176 -0.901058 0.046706
vn 0.431176 -0.901058 0.046706
vn 0.688888 -0.723864 0.038137
vn 0.688888 -0.723864 0.038137
vn 0.879167 -0.475812 0.025835
vn 0.879167 -0.475812 0.025835
vn 0.983388 -0.181185 0.011004
vn 0.983388 -0.181185 0.011004
vn 0.991347 0.131178 -0.004905
vn 0.991347 0.131178 -0.004905
vn 0.902266 0.430700 -0.020333
vn 0.902266 0.430700 -0.020333
vn 0.724865 0.688062 -0.033771
vn 0.724865 0.688062 -0.033771
vn 0.476510 0.878072 -0.043903
vn 0.476510 0.878072 -0.043903
vn 0.181510 0.982131 -0.049738
vn 0.181510 0.982130 -0.049738
vn -0.131257 0.990051 -0.050704
vn -0.131257 0.990051 -0.050704
vn -0.431176 0.901058 -0.046706
vn -0.431176 0.901058 -0.046706
vn -0.688888 0.723864 -0.038137
vn -0.688888 0.723864 -0.038137
vn -0.879167 0.475812 -0.025835
vn -0.879167 0.475812 -0.025835
vn -0.983387 0.181185 -0.011004
vn -0.983387 0.181185 -0.011004
vn -0.991347 -0.131178 0.004905
vn -0.991347 -0.131178 0.004905
vn -0.902266 -0.430700 0.020333
vn -0.902266 -0.430700 0.020333
vn -0.724865 -0.688062 0.033771
vn -0.724865 -0.688062 0.033771
vn -0.476511 -0.878072 0.043903
vn -0.476511 -0.878072 0.043903
vn 0.001795 -0.050909 -0.998702
vn 0.001795 -0.050909 -0.998702
vn 0.001796 -0.050910 -0.998702
vn 0.001795 -0.050909 -0.998702
vn 0.001795 -0.050909 -0.998702
vn 0.001795 -0.050909 -0.998702
vn 0.001795 -0.050909 -0.998702
vn 0.001795 -0.050909 -0.998702
vn 0.001795 -0.050909 -0.998702
vn 0.001795 -0.050909 -0.998702
vn 0.001795 -0.050909 -0.998702
vn 0.001816 -0.050912 -0.998701
vn 0.001797 -0.050923 -0.998701
vn 0.001776 -0.050920 -0.998701
vn 0.001795 -0.050909 -0.998702
vn 0.001795 -0.050909 -0.998702
vn 0.001795 -0.050909 -0.998702
vn 0.001795 -0.050909 -0.998702
vn 0.001795 -0.050909 -0.998702
vn 0.001795 -0.050909 -0.998702
vn 0.001795 -0.050909 -0.998702
vn -0.001795 0.050909 0.998702
vn -0.001795 0.050909 0.998702
vn -0.001796 0.050910 0.998702
vn -0.001795 0.050909 0.998702
vn -0.001795 0.050909 0.998702
vn -0.001795 0.050909 0.998702
vn -0.001795 0.050909 0.998702
vn -0.001795 0.050909 0.998702
vn -0.001795 0.050909 0.998702
vn -0.001795 0.050909 0.998702
vn -0.001795 0.050909 0.998702
vn -0.001816 0.050912 0.998701
vn -0.001797 0.050923 0.998701
vn -0.001776 0.050920 0.998701
vn -0.001795 0.050909 0.998702
vn -0.001795 0.050909 0.998702
vn -0.001795 0.050909 0.998702
vn -0.001795 0.050909 0.998702
vn -0.001795 0.050909 0.998702
vn -0.001795 0.050909 0.998702
vn -0.001795 0.050909 0.998702
s 1
g pCylinder1
usemtl initialShadingGroup
f 187/247/465 188/248/466 208/269/467 207/268/468
f 188/248/466 189/249/469 209/270/470 208/269/467
f 189/249/469 190/250/471 210/271/472 209/270/470
f 190/250/471 191/251/473 211/272/474 210/271/472
f 191/251/473 192/252/475 212/273/476 211/272/474
f 192/252/475 193/253/477 213/274/478 212/273/476
f 193/253/477 194/254/479 214/275/480 213/274/478
f 194/254/479 195/255/481 215/276/482 214/275/480
f 195/255/481 196/256/483 216/277/484 215/276/482
f 196/256/483 197/257/485 217/278/486 216/277/484
f 197/257/485 198/258/487 218/279/488 217/278/486
f 198/258/487 199/259/489 219/280/490 218/279/488
f 199/259/489 200/260/491 220/281/492 219/280/490
f 200/260/491 201/261/493 221/282/494 220/281/492
f 201/261/493 202/262/495 222/283/496 221/282/494
f 202/262/495 203/263/497 223/284/498 222/283/496
f 203/263/497 204/264/499 224/285/500 223/284/498
f 204/264/499 205/265/501 225/286/502 224/285/500
f 205/265/501 206/266/503 226/287/504 225/286/502
f 206/266/503 187/267/465 207/288/468 226/287/504
s 2
f 188/228/505 187/227/506 227/309/507
f 189/229/508 188/228/505 227/309/507
f 190/230/509 189/229/508 227/309/507
f 191/231/510 190/230/509 227/309/507
f 192/232/511 191/231/510 227/309/507
f 193/233/512 192/232/511 227/309/507
f 194/234/513 193/233/512 227/309/507
f 195/235/514 194/234/513 227/309/507
f 196/236/515 195/235/514 227/309/507
f 197/237/516 196/236/515 227/309/507
f 198/238/517 197/237/516 227/309/507
f 199/239/518 198/238/517 227/309/507
f 200/240/519 199/239/518 227/309/507
f 201/241/520 200/240/519 227/309/507
f 202/242/521 201/241/520 227/309/507
f 203/243/522 202/242/521 227/309/507
f 204/244/523 203/243/522 227/309/507
f 205/245/524 204/244/523 227/309/507
f 206/246/525 205/245/524 227/309/507
f 187/227/506 206/246/525 227/309/507
s 3
f 207/307/526 208/306/527 228/310/528
f 208/306/527 209/305/529 228/310/528
f 209/305/529 210/304/530 228/310/528
f 210/304/530 211/303/531 228/310/528
f 211/303/531 212/302/532 228/310/528
f 212/302/532 213/301/533 228/310/528
f 213/301/533 214/300/534 228/310/528
f 214/300/534 215/299/535 228/310/528
f 215/299/535 216/298/536 228/310/528
f 216/298/536 217/297/537 228/310/528
f 217/297/537 218/296/538 228/310/528
f 218/296/538 219/295/539 228/310/528
f 219/295/539 220/294/540 228/310/528
f 220/294/540 221/293/541 228/310/528
f 221/293/541 222/292/542 228/310/528
f 222/292/542 223/291/543 228/310/528
f 223/291/543 224/290/544 228/310/528
f 224/290/544 225/289/545 228/310/528
f 225/289/545 226/308/546 228/310/528
f 226/308/546 207/307/526 228/310/528
g default
v -0.538561 1.266895 -0.904802
v -0.528934 1.266651 -0.904772
v -0.519703 1.269390 -0.904895
v -0.511771 1.274844 -0.905159
v -0.505915 1.282479 -0.905537
v -0.502707 1.291547 -0.905994
v -0.502462 1.301161 -0.906484
v -0.505204 1.310379 -0.906958
v -0.510664 1.318300 -0.907372
v -0.518308 1.324149 -0.907684
v -0.527388 1.327351 -0.907863
v -0.537014 1.327595 -0.907894
v -0.546245 1.324856 -0.907770
v -0.554177 1.319402 -0.907506
v -0.560033 1.311768 -0.907128
v -0.563241 1.302700 -0.906671
v -0.563486 1.293086 -0.906182
v -0.560744 1.283867 -0.905707
v -0.555284 1.275946 -0.905293
v -0.547640 1.270098 -0.904981
v -0.540207 1.313581 0.011067
v -0.530581 1.313337 0.011097
v -0.521350 1.316077 0.010974
v -0.513418 1.321530 0.010710
v -0.507561 1.329165 0.010332
v -0.504354 1.338233 0.009875
v -0.504109 1.347847 0.009386
v -0.506850 1.357066 0.008911
v -0.512310 1.364987 0.008497
v -0.519954 1.370835 0.008185
v -0.529034 1.374038 0.008006
v -0.538660 1.374281 0.007976
v -0.547891 1.371542 0.008099
v -0.555823 1.366089 0.008363
v -0.561680 1.358454 0.008741
v -0.564887 1.349386 0.009198
v -0.565132 1.339772 0.009687
v -0.562391 1.330553 0.010162
v -0.556931 1.322632 0.010576
v -0.549287 1.316784 0.010888
v -0.532974 1.297123 -0.906333
v -0.534621 1.343809 0.009537
vt 0.648603 0.107966
vt 0.626409 0.064408
vt 0.591842 0.029841
vt 0.548284 0.007647
vt 0.500000 -0.000000
vt 0.451716 0.007647
vt 0.408159 0.029841
vt 0.373591 0.064409
vt 0.351397 0.107966
vt 0.343750 0.156250
vt 0.351397 0.204534
vt 0.373591 0.248091
vt 0.408159 0.282659
vt 0.451716 0.304853
vt 0.500000 0.312500
vt 0.548284 0.304853
vt 0.591841 0.282659
vt 0.626409 0.248091
vt 0.648603 0.204534
vt 0.656250 0.156250
vt 0.375000 0.312500
vt 0.387500 0.312500
vt 0.400000 0.312500
vt 0.412500 0.312500
vt 0.425000 0.312500
vt 0.437500 0.312500
vt 0.450000 0.312500
vt 0.462500 0.312500
vt 0.475000 0.312500
vt 0.487500 0.312500
vt 0.500000 0.312500
vt 0.512500 0.312500
vt 0.525000 0.312500
vt 0.537500 0.312500
vt 0.550000 0.312500
vt 0.562500 0.312500
vt 0.575000 0.312500
vt 0.587500 0.312500
vt 0.600000 0.312500
vt 0.612500 0.312500
vt 0.625000 0.312500
vt 0.375000 0.688440
vt 0.387500 0.688440
vt 0.400000 0.688440
vt 0.412500 0.688440
vt 0.425000 0.688440
vt 0.437500 0.688440
vt 0.450000 0.688440
vt 0.462500 0.688440
vt 0.475000 0.688440
vt 0.487500 0.688440
vt 0.500000 0.688440
vt 0.512500 0.688440
vt 0.525000 0.688440
vt 0.537500 0.688440
vt 0.550000 0.688440
vt 0.562500 0.688440
vt 0.575000 0.688440
vt 0.587500 0.688440
vt 0.600000 0.688440
vt 0.612500 0.688440
vt 0.625000 0.688440
vt 0.648603 0.795466
vt 0.626409 0.751908
vt 0.591842 0.717341
vt 0.548284 0.695147
vt 0.500000 0.687500
vt 0.451716 0.695147
vt 0.408159 0.717341
vt 0.373591 0.751909
vt 0.351397 0.795466
vt 0.343750 0.843750
vt 0.351397 0.892034
vt 0.373591 0.935591
vt 0.408159 0.970159
vt 0.451716 0.992353
vt 0.500000 1.000000
vt 0.548284 0.992353
vt 0.591841 0.970159
vt 0.626409 0.935591
vt 0.648603 0.892034
vt 0.656250 0.843750
vt 0.500000 0.150000
vt 0.500000 0.837500
vn -0.181511 -0.982130 0.049738
vn 0.131257 -0.990051 0.050704
vn 0.131257 -0.990051 0.050704
vn -0.181511 -0.982130 0.049738
vn 0.431176 -0.901058 0.046706
vn 0.431176 -0.901058 0.046706
vn 0.688888 -0.723864 0.038137
vn 0.688888 -0.723864 0.038137
vn 0.879167 -0.475812 0.025835
vn 0.879167 -0.475812 0.025835
vn 0.983388 -0.181185 0.011004
vn 0.983388 -0.181185 0.011004
vn 0.991347 0.131178 -0.004905
vn 0.991347 0.131178 -0.004905
vn 0.902266 0.430700 -0.020333
vn 0.902266 0.430700 -0.020333
vn 0.724865 0.688062 -0.033771
vn 0.724865 0.688062 -0.033771
vn 0.476510 0.878072 -0.043903
vn 0.476510 0.878072 -0.043903
vn 0.181510 0.982131 -0.049738
vn 0.181510 0.982130 -0.049738
vn -0.131257 0.990051 -0.050704
vn -0.131257 0.990051 -0.050704
vn -0.431176 0.901058 -0.046706
vn -0.431176 0.901058 -0.046706
vn -0.688888 0.723864 -0.038137
vn -0.688888 0.723864 -0.038137
vn -0.879167 0.475812 -0.025835
vn -0.879167 0.475812 -0.025835
vn -0.983387 0.181185 -0.011004
vn -0.983387 0.181185 -0.011004
vn -0.991347 -0.131178 0.004905
vn -0.991347 -0.131178 0.004905
vn -0.902266 -0.430700 0.020333
vn -0.902266 -0.430700 0.020333
vn -0.724865 -0.688062 0.033771
vn -0.724865 -0.688062 0.033771
vn -0.476511 -0.878072 0.043903
vn -0.476511 -0.878072 0.043903
vn 0.001795 -0.050909 -0.998702
vn 0.001795 -0.050909 -0.998702
vn 0.001796 -0.050910 -0.998702
vn 0.001795 -0.050909 -0.998702
vn 0.001795 -0.050909 -0.998702
vn 0.001795 -0.050909 -0.998702
vn 0.001795 -0.050909 -0.998702
vn 0.001795 -0.050909 -0.998702
vn 0.001795 -0.050909 -0.998702
vn 0.001795 -0.050909 -0.998702
vn 0.001795 -0.050909 -0.998702
vn 0.001816 -0.050912 -0.998701
vn 0.001797 -0.050923 -0.998701
vn 0.001776 -0.050920 -0.998701
vn 0.001795 -0.050909 -0.998702
vn 0.001795 -0.050909 -0.998702
vn 0.001795 -0.050909 -0.998702
vn 0.001795 -0.050909 -0.998702
vn 0.001795 -0.050909 -0.998702
vn 0.001795 -0.050909 -0.998702
vn 0.001795 -0.050909 -0.998702
vn -0.001795 0.050909 0.998702
vn -0.001795 0.050909 0.998702
vn -0.001796 0.050910 0.998702
vn -0.001795 0.050909 0.998702
vn -0.001795 0.050909 0.998702
vn -0.001795 0.050909 0.998702
vn -0.001795 0.050909 0.998702
vn -0.001795 0.050909 0.998702
vn -0.001795 0.050909 0.998702
vn -0.001795 0.050909 0.998702
vn -0.001795 0.050909 0.998702
vn -0.001816 0.050912 0.998701
vn -0.001797 0.050923 0.998701
vn -0.001776 0.050920 0.998701
vn -0.001795 0.050909 0.998702
vn -0.001795 0.050909 0.998702
vn -0.001795 0.050909 0.998702
vn -0.001795 0.050909 0.998702
vn -0.001795 0.050909 0.998702
vn -0.001795 0.050909 0.998702
vn -0.001795 0.050909 0.998702
s 1
g pCylinder2
usemtl initialShadingGroup
f 229/331/547 230/332/548 250/353/549 249/352/550
f 230/332/548 231/333/551 251/354/552 250/353/549
f 231/333/551 232/334/553 252/355/554 251/354/552
f 232/334/553 233/335/555 253/356/556 252/355/554
f 233/335/555 234/336/557 254/357/558 253/356/556
f 234/336/557 235/337/559 255/358/560 254/357/558
f 235/337/559 236/338/561 256/359/562 255/358/560
f 236/338/561 237/339/563 257/360/564 256/359/562
f 237/339/563 238/340/565 258/361/566 257/360/564
f 238/340/565 239/341/567 259/362/568 258/361/566
f 239/341/567 240/342/569 260/363/570 259/362/568
f 240/342/569 241/343/571 261/364/572 260/363/570
f 241/343/571 242/344/573 262/365/574 261/364/572
f 242/344/573 243/345/575 263/366/576 262/365/574
f 243/345/575 244/346/577 264/367/578 263/366/576
f 244/346/577 245/347/579 265/368/580 264/367/578
f 245/347/579 246/348/581 266/369/582 265/368/580
f 246/348/581 247/349/583 267/370/584 266/369/582
f 247/349/583 248/350/585 268/371/586 267/370/584
f 248/350/585 229/351/547 249/372/550 268/371/586
s 2
f 230/312/587 229/311/588 269/393/589
f 231/313/590 230/312/587 269/393/589
f 232/314/591 231/313/590 269/393/589
f 233/315/592 232/314/591 269/393/589
f 234/316/593 233/315/592 269/393/589
f 235/317/594 234/316/593 269/393/589
f 236/318/595 235/317/594 269/393/589
f 237/319/596 236/318/595 269/393/589
f 238/320/597 237/319/596 269/393/589
f 239/321/598 238/320/597 269/393/589
f 240/322/599 239/321/598 269/393/589
f 241/323/600 240/322/599 269/393/589
f 242/324/601 241/323/600 269/393/589
f 243/325/602 242/324/601 269/393/589
f 244/326/603 243/325/602 269/393/589
f 245/327/604 244/326/603 269/393/589
f 246/328/605 245/327/604 269/393/589
f 247/329/606 246/328/605 269/393/589
f 248/330/607 247/329/606 269/393/589
f 229/311/588 248/330/607 269/393/589
s 3
f 249/391/608 250/390/609 270/394/610
f 250/390/609 251/389/611 270/394/610
f 251/389/611 252/388/612 270/394/610
f 252/388/612 253/387/613 270/394/610
f 253/387/613 254/386/614 270/394/610
f 254/386/614 255/385/615 270/394/610
f 255/385/615 256/384/616 270/394/610
f 256/384/616 257/383/617 270/394/610
f 257/383/617 258/382/618 270/394/610
f 258/382/618 259/381/619 270/394/610
f 259/381/619 260/380/620 270/394/610
f 260/380/620 261/379/621 270/394/610
f 261/379/621 262/378/622 270/394/610
f 262/378/622 263/377/623 270/394/610
f 263/377/623 264/376/624 270/394/610
f 264/376/624 265/375/625 270/394/610
f 265/375/625 266/374/626 270/394/610
f 266/374/626 267/373/627 270/394/610
f 267/373/627 268/392/628 270/394/610
f 268/392/628 249/391/608 270/394/610
g default
v -0.538561 -1.462391 -0.904802
v -0.528934 -1.462635 -0.904772
v -0.519703 -1.459896 -0.904895
v -0.511771 -1.454442 -0.905159
v -0.505915 -1.446808 -0.905537
v -0.502707 -1.437740 -0.905994
v -0.502462 -1.428126 -0.906484
v -0.505204 -1.418907 -0.906958
v -0.510664 -1.410986 -0.907372
v -0.518308 -1.405138 -0.907684
v -0.527388 -1.401935 -0.907863
v -0.537014 -1.401691 -0.907894
v -0.546245 -1.404430 -0.907770
v -0.554177 -1.409884 -0.907506
v -0.560033 -1.417519 -0.907128
v -0.563241 -1.426587 -0.906671
v -0.563486 -1.436201 -0.906182
v -0.560744 -1.445419 -0.905707
v -0.555284 -1.453340 -0.905293
v -0.547640 -1.459189 -0.904981
v -0.540207 -1.415705 0.011067
v -0.530581 -1.415949 0.011097
v -0.521350 -1.413210 0.010974
v -0.513418 -1.407756 0.010710
v -0.507561 -1.400122 0.010332
v -0.504354 -1.391053 0.009875
v -0.504109 -1.381439 0.009386
v -0.506850 -1.372221 0.008911
v -0.512310 -1.364300 0.008497
v -0.519954 -1.358451 0.008185
v -0.529034 -1.355249 0.008006
v -0.538660 -1.355005 0.007976
v -0.547891 -1.357744 0.008099
v -0.555823 -1.363198 0.008363
v -0.561680 -1.370832 0.008741
v -0.564887 -1.379900 0.009198
v -0.565132 -1.389514 0.009687
v -0.562391 -1.398733 0.010162
v -0.556931 -1.406654 0.010576
v -0.549287 -1.412502 0.010888
v -0.532974 -1.432163 -0.906333
v -0.534621 -1.385477 0.009537
vt 0.648603 0.107966
vt 0.626409 0.064408
vt 0.591842 0.029841
vt 0.548284 0.007647
vt 0.500000 -0.000000
vt 0.451716 0.007647
vt 0.408159 0.029841
vt 0.373591 0.064409
vt 0.351397 0.107966
vt 0.343750 0.156250
vt 0.351397 0.204534
vt 0.373591 0.248091
vt 0.408159 0.282659
vt 0.451716 0.304853
vt 0.500000 0.312500
vt 0.548284 0.304853
vt 0.591841 0.282659
vt 0.626409 0.248091
vt 0.648603 0.204534
vt 0.656250 0.156250
vt 0.375000 0.312500
vt 0.387500 0.312500
vt 0.400000 0.312500
vt 0.412500 0.312500
vt 0.425000 0.312500
vt 0.437500 0.312500
vt 0.450000 0.312500
vt 0.462500 0.312500
vt 0.475000 0.312500
vt 0.487500 0.312500
vt 0.500000 0.312500
vt 0.512500 0.312500
vt 0.525000 0.312500
vt 0.537500 0.312500
vt 0.550000 0.312500
vt 0.562500 0.312500
vt 0.575000 0.312500
vt 0.587500 0.312500
vt 0.600000 0.312500
vt 0.612500 0.312500
vt 0.625000 0.312500
vt 0.375000 0.688440
vt 0.387500 0.688440
vt 0.400000 0.688440
vt 0.412500 0.688440
vt 0.425000 0.688440
vt 0.437500 0.688440
vt 0.450000 0.688440
vt 0.462500 0.688440
vt 0.475000 0.688440
vt 0.487500 0.688440
vt 0.500000 0.688440
vt 0.512500 0.688440
vt 0.525000 0.688440
vt 0.537500 0.688440
vt 0.550000 0.688440
vt 0.562500 0.688440
vt 0.575000 0.688440
vt 0.587500 0.688440
vt 0.600000 0.688440
vt 0.612500 0.688440
vt 0.625000 0.688440
vt 0.648603 0.795466
vt 0.626409 0.751908
vt 0.591842 0.717341
vt 0.548284 0.695147
vt 0.500000 0.687500
vt 0.451716 0.695147
vt 0.408159 0.717341
vt 0.373591 0.751909
vt 0.351397 0.795466
vt 0.343750 0.843750
vt 0.351397 0.892034
vt 0.373591 0.935591
vt 0.408159 0.970159
vt 0.451716 0.992353
vt 0.500000 1.000000
vt 0.548284 0.992353
vt 0.591841 0.970159
vt 0.626409 0.935591
vt 0.648603 0.892034
vt 0.656250 0.843750
vt 0.500000 0.150000
vt 0.500000 0.837500
vn -0.181511 -0.982130 0.049738
vn 0.131257 -0.990051 0.050704
vn 0.131257 -0.990051 0.050704
vn -0.181511 -0.982130 0.049738
vn 0.431176 -0.901058 0.046706
vn 0.431176 -0.901058 0.046706
vn 0.688888 -0.723864 0.038137
vn 0.688888 -0.723864 0.038137
vn 0.879167 -0.475812 0.025835
vn 0.879167 -0.475812 0.025835
vn 0.983388 -0.181185 0.011004
vn 0.983388 -0.181185 0.011004
vn 0.991347 0.131178 -0.004905
vn 0.991347 0.131178 -0.004905
vn 0.902266 0.430700 -0.020333
vn 0.902266 0.430700 -0.020333
vn 0.724865 0.688062 -0.033771
vn 0.724865 0.688062 -0.033771
vn 0.476510 0.878072 -0.043903
vn 0.476510 0.878072 -0.043903
vn 0.181510 0.982131 -0.049738
vn 0.181510 0.982130 -0.049738
vn -0.131257 0.990051 -0.050704
vn -0.131257 0.990051 -0.050704
vn -0.431176 0.901058 -0.046706
vn -0.431176 0.901058 -0.046706
vn -0.688888 0.723864 -0.038137
vn -0.688888 0.723864 -0.038137
vn -0.879167 0.475812 -0.025835
vn -0.879167 0.475812 -0.025835
vn -0.983387 0.181185 -0.011004
vn -0.983387 0.181185 -0.011004
vn -0.991347 -0.131178 0.004905
vn -0.991347 -0.131178 0.004905
vn -0.902266 -0.430700 0.020333
vn -0.902266 -0.430700 0.020333
vn -0.724865 -0.688062 0.033771
vn -0.724865 -0.688062 0.033771
vn -0.476511 -0.878072 0.043903
vn -0.476511 -0.878072 0.043903
vn 0.001795 -0.050909 -0.998702
vn 0.001795 -0.050909 -0.998702
vn 0.001796 -0.050910 -0.998702
vn 0.001795 -0.050909 -0.998702
vn 0.001795 -0.050909 -0.998702
vn 0.001795 -0.050909 -0.998702
vn 0.001795 -0.050909 -0.998702
vn 0.001795 -0.050909 -0.998702
vn 0.001795 -0.050909 -0.998702
vn 0.001795 -0.050909 -0.998702
vn 0.001795 -0.050909 -0.998702
vn 0.001816 -0.050912 -0.998701
vn 0.001797 -0.050923 -0.998701
vn 0.001776 -0.050920 -0.998701
vn 0.001795 -0.050909 -0.998702
vn 0.001795 -0.050909 -0.998702
vn 0.001795 -0.050909 -0.998702
vn 0.001795 -0.050909 -0.998702
vn 0.001795 -0.050909 -0.998702
vn 0.001795 -0.050909 -0.998702
vn 0.001795 -0.050909 -0.998702
vn -0.001795 0.050909 0.998702
vn -0.001795 0.050909 0.998702
vn -0.001796 0.050910 0.998702
vn -0.001795 0.050909 0.998702
vn -0.001795 0.050909 0.998702
vn -0.001795 0.050909 0.998702
vn -0.001795 0.050909 0.998702
vn -0.001795 0.050909 0.998702
vn -0.001795 0.050909 0.998702
vn -0.001795 0.050909 0.998702
vn -0.001795 0.050909 0.998702
vn -0.001816 0.050912 0.998701
vn -0.001797 0.050923 0.998701
vn -0.001776 0.050920 0.998701
vn -0.001795 0.050909 0.998702
vn -0.001795 0.050909 0.998702
vn -0.001795 0.050909 0.998702
vn -0.001795 0.050909 0.998702
vn -0.001795 0.050909 0.998702
vn -0.001795 0.050909 0.998702
vn -0.001795 0.050909 0.998702
s 1
g pCylinder3
usemtl initialShadingGroup
f 271/415/629 272/416/630 292/437/631 291/436/632
f 272/416/630 273/417/633 293/438/634 292/437/631
f 273/417/633 274/418/635 294/439/636 293/438/634
f 274/418/635 275/419/637 295/440/638 294/439/636
f 275/419/637 276/420/639 296/441/640 295/440/638
f 276/420/639 277/421/641 297/442/642 296/441/640
f 277/421/641 278/422/643 298/443/644 297/442/642
f 278/422/643 279/423/645 299/444/646 298/443/644
f 279/423/645 280/424/647 300/445/648 299/444/646
f 280/424/647 281/425/649 301/446/650 300/445/648
f 281/425/649 282/426/651 302/447/652 301/446/650
f 282/426/651 283/427/653 303/448/654 302/447/652
f 283/427/653 284/428/655 304/449/656 303/448/654
f 284/428/655 285/429/657 305/450/658 304/449/656
f 285/429/657 286/430/659 306/451/660 305/450/658
f 286/430/659 287/431/661 307/452/662 306/451/660
f 287/431/661 288/432/663 308/453/664 307/452/662
f 288/432/663 289/433/665 309/454/666 308/453/664
f 289/433/665 290/434/667 310/455/668 309/454/666
f 290/434/667 271/435/629 291/456/632 310/455/668
s 2
f 272/396/669 271/395/670 311/477/671
f 273/397/672 272/396/669 311/477/671
f 274/398/673 273/397/672 311/477/671
f 275/399/674 274/398/673 311/477/671
f 276/400/675 275/399/674 311/477/671
f 277/401/676 276/400/675 311/477/671
f 278/402/677 277/401/676 311/477/671
f 279/403/678 278/402/677 311/477/671
f 280/404/679 279/403/678 311/477/671
f 281/405/680 280/404/679 311/477/671
f 282/406/681 281/405/680 311/477/671
f 283/407/682 282/406/681 311/477/671
f 284/408/683 283/407/682 311/477/671
f 285/409/684 284/408/683 311/477/671
f 286/410/685 285/409/684 311/477/671
f 287/411/686 286/410/685 311/477/671
f 288/412/687 287/411/686 311/477/671
f 289/413/688 288/412/687 311/477/671
f 290/414/689 289/413/688 311/477/671
f 271/395/670 290/414/689 311/477/671
s 3
f 291/475/690 292/474/691 312/478/692
f 292/474/691 293/473/693 312/478/692
f 293/473/693 294/472/694 312/478/692
f 294/472/694 295/471/695 312/478/692
f 295/471/695 296/470/696 312/478/692
f 296/470/696 297/469/697 312/478/692
f 297/469/697 298/468/698 312/478/692
f 298/468/698 299/467/699 312/478/692
f 299/467/699 300/466/700 312/478/692
f 300/466/700 301/465/701 312/478/692
f 301/465/701 302/464/702 312/478/692
f 302/464/702 303/463/703 312/478/692
f 303/463/703 304/462/704 312/478/692
f 304/462/704 305/461/705 312/478/692
f 305/461/705 306/460/706 312/478/692
f 306/460/706 307/459/707 312/478/692
f 307/459/707 308/458/708 312/478/692
f 308/458/708 309/457/709 312/478/692
f 309/457/709 310/476/710 312/478/692
f 310/476/710 291/475/690 312/478/692
g default
v 0.476955 -1.462391 -0.904802
v 0.486581 -1.462635 -0.904772
v 0.495812 -1.459896 -0.904895
v 0.503744 -1.454442 -0.905159
v 0.509601 -1.446808 -0.905537
v 0.512808 -1.437740 -0.905994
v 0.513053 -1.428126 -0.906484
v 0.510312 -1.418907 -0.906958
v 0.504852 -1.410986 -0.907372
v 0.497208 -1.405138 -0.907684
v 0.488128 -1.401935 -0.907863
v 0.478502 -1.401691 -0.907894
v 0.469271 -1.404430 -0.907770
v 0.461339 -1.409884 -0.907506
v 0.455482 -1.417519 -0.907128
v 0.452275 -1.426587 -0.906671
v 0.452030 -1.436201 -0.906182
v 0.454771 -1.445419 -0.905707
v 0.460232 -1.453340 -0.905293
v 0.467875 -1.459189 -0.904981
v 0.475309 -1.415705 0.011067
v 0.484935 -1.415949 0.011097
v 0.494166 -1.413210 0.010974
v 0.502098 -1.407756 0.010710
v 0.507954 -1.400122 0.010332
v 0.511162 -1.391053 0.009875
v 0.511407 -1.381439 0.009386
v 0.508665 -1.372221 0.008911
v 0.503205 -1.364300 0.008497
v 0.495561 -1.358451 0.008185
v 0.486482 -1.355249 0.008006
v 0.476855 -1.355005 0.007976
v 0.467624 -1.357744 0.008099
v 0.459692 -1.363198 0.008363
v 0.453836 -1.370832 0.008741
v 0.450628 -1.379900 0.009198
v 0.450383 -1.389514 0.009687
v 0.453125 -1.398733 0.010162
v 0.458585 -1.406654 0.010576
v 0.466229 -1.412502 0.010888
v 0.482542 -1.432163 -0.906333
v 0.480895 -1.385477 0.009537
vt 0.648603 0.107966
vt 0.626409 0.064408
vt 0.591842 0.029841
vt 0.548284 0.007647
vt 0.500000 -0.000000
vt 0.451716 0.007647
vt 0.408159 0.029841
vt 0.373591 0.064409
vt 0.351397 0.107966
vt 0.343750 0.156250
vt 0.351397 0.204534
vt 0.373591 0.248091
vt 0.408159 0.282659
vt 0.451716 0.304853
vt 0.500000 0.312500
vt 0.548284 0.304853
vt 0.591841 0.282659
vt 0.626409 0.248091
vt 0.648603 0.204534
vt 0.656250 0.156250
vt 0.375000 0.312500
vt 0.387500 0.312500
vt 0.400000 0.312500
vt 0.412500 0.312500
vt 0.425000 0.312500
vt 0.437500 0.312500
vt 0.450000 0.312500
vt 0.462500 0.312500
vt 0.475000 0.312500
vt 0.487500 0.312500
vt 0.500000 0.312500
vt 0.512500 0.312500
vt 0.525000 0.312500
vt 0.537500 0.312500
vt 0.550000 0.312500
vt 0.562500 0.312500
vt 0.575000 0.312500
vt 0.587500 0.312500
vt 0.600000 0.312500
vt 0.612500 0.312500
vt 0.625000 0.312500
vt 0.375000 0.688440
vt 0.387500 0.688440
vt 0.400000 0.688440
vt 0.412500 0.688440
vt 0.425000 0.688440
vt 0.437500 0.688440
vt 0.450000 0.688440
vt 0.462500 0.688440
vt 0.475000 0.688440
vt 0.487500 0.688440
vt 0.500000 0.688440
vt 0.512500 0.688440
vt 0.525000 0.688440
vt 0.537500 0.688440
vt 0.550000 0.688440
vt 0.562500 0.688440
vt 0.575000 0.688440
vt 0.587500 0.688440
vt 0.600000 0.688440
vt 0.612500 0.688440
vt 0.625000 0.688440
vt 0.648603 0.795466
vt 0.626409 0.751908
vt 0.591842 0.717341
vt 0.548284 0.695147
vt 0.500000 0.687500
vt 0.451716 0.695147
vt 0.408159 0.717341
vt 0.373591 0.751909
vt 0.351397 0.795466
vt 0.343750 0.843750
vt 0.351397 0.892034
vt 0.373591 0.935591
vt 0.408159 0.970159
vt 0.451716 0.992353
vt 0.500000 1.000000
vt 0.548284 0.992353
vt 0.591841 0.970159
vt 0.626409 0.935591
vt 0.648603 0.892034
vt 0.656250 0.843750
vt 0.500000 0.150000
vt 0.500000 0.837500
vn -0.181511 -0.982130 0.049738
vn 0.131257 -0.990051 0.050704
vn 0.131257 -0.990051 0.050704
vn -0.181511 -0.982130 0.049738
vn 0.431176 -0.901058 0.046706
vn 0.431176 -0.901058 0.046706
vn 0.688888 -0.723864 0.038137
vn 0.688888 -0.723864 0.038137
vn 0.879167 -0.475812 0.025835
vn 0.879167 -0.475812 0.025835
vn 0.983388 -0.181185 0.011004
vn 0.983388 -0.181185 0.011004
vn 0.991347 0.131178 -0.004905
vn 0.991347 0.131178 -0.004905
vn 0.902266 0.430700 -0.020333
vn 0.902266 0.430700 -0.020333
vn 0.724865 0.688062 -0.033771
vn 0.724865 0.688062 -0.033771
vn 0.476510 0.878072 -0.043903
vn 0.476510 0.878072 -0.043903
vn 0.181510 0.982131 -0.049738
vn 0.181510 0.982130 -0.049738
vn -0.131257 0.990051 -0.050704
vn -0.131257 0.990051 -0.050704
vn -0.431176 0.901058 -0.046706
vn -0.431176 0.901058 -0.046706
vn -0.688888 0.723864 -0.038137
vn -0.688888 0.723864 -0.038137
vn -0.879167 0.475812 -0.025835
vn -0.879167 0.475812 -0.025835
vn -0.983387 0.181185 -0.011004
vn -0.983387 0.181185 -0.011004
vn -0.991347 -0.131178 0.004905
vn -0.991347 -0.131178 0.004905
vn -0.902266 -0.430700 0.020333
vn -0.902266 -0.430700 0.020333
vn -0.724865 -0.688062 0.033771
vn -0.724865 -0.688062 0.033771
vn -0.476511 -0.878072 0.043903
vn -0.476511 -0.878072 0.043903
vn 0.001795 -0.050909 -0.998702
vn 0.001795 -0.050909 -0.998702
vn 0.001796 -0.050910 -0.998702
vn 0.001795 -0.050909 -0.998702
vn 0.001795 -0.050909 -0.998702
vn 0.001795 -0.050909 -0.998702
vn 0.001795 -0.050909 -0.998702
vn 0.001795 -0.050909 -0.998702
vn 0.001795 -0.050909 -0.998702
vn 0.001795 -0.050909 -0.998702
vn 0.001795 -0.050909 -0.998702
vn 0.001816 -0.050912 -0.998701
vn 0.001797 -0.050923 -0.998701
vn 0.001776 -0.050920 -0.998701
vn 0.001795 -0.050909 -0.998702
vn 0.001795 -0.050909 -0.998702
vn 0.001795 -0.050909 -0.998702
vn 0.001795 -0.050909 -0.998702
vn 0.001795 -0.050909 -0.998702
vn 0.001795 -0.050909 -0.998702
vn 0.001795 -0.050909 -0.998702
vn -0.001795 0.050909 0.998702
vn -0.001795 0.050909 0.998702
vn -0.001796 0.050910 0.998702
vn -0.001795 0.050909 0.998702
vn -0.001795 0.050909 0.998702
vn -0.001795 0.050909 0.998702
vn -0.001795 0.050909 0.998702
vn -0.001795 0.050909 0.998702
vn -0.001795 0.050909 0.998702
vn -0.001795 0.050909 0.998702
vn -0.001795 0.050909 0.998702
vn -0.001816 0.050912 0.998701
vn -0.001797 0.050923 0.998701
vn -0.001776 0.050920 0.998701
vn -0.001795 0.050909 0.998702
vn -0.001795 0.050909 0.998702
vn -0.001795 0.050909 0.998702
vn -0.001795 0.050909 0.998702
vn -0.001795 0.050909 0.998702
vn -0.001795 0.050909 0.998702
vn -0.001795 0.050909 0.998702
s 1
g pCylinder4
usemtl initialShadingGroup
f 313/499/711 314/500/712 334/521/713 333/520/714
f 314/500/712 315/501/715 335/522/716 334/521/713
f 315/501/715 316/502/717 336/523/718 335/522/716
f 316/502/717 317/503/719 337/524/720 336/523/718
f 317/503/719 318/504/721 338/525/722 337/524/720
f 318/504/721 319/505/723 339/526/724 338/525/722
f 319/505/723 320/506/725 340/527/726 339/526/724
f 320/506/725 321/507/727 341/528/728 340/527/726
f 321/507/727 322/508/729 342/529/730 341/528/728
f 322/508/729 323/509/731 343/530/732 342/529/730
f 323/509/731 324/510/733 344/531/734 343/530/732
f 324/510/733 325/511/735 345/532/736 344/531/734
f 325/511/735 326/512/737 346/533/738 345/532/736
f 326/512/737 327/513/739 347/534/740 346/533/738
f 327/513/739 328/514/741 348/535/742 347/534/740
f 328/514/741 329/515/743 349/536/744 348/535/742
f 329/515/743 330/516/745 350/537/746 349/536/744
f 330/516/745 331/517/747 351/538/748 350/537/746
f 331/517/747 332/518/749 352/539/750 351/538/748
f 332/518/749 313/519/711 333/540/714 352/539/750
s 2
f 314/480/751 313/479/752 353/561/753
f 315/481/754 314/480/751 353/561/753
f 316/482/755 315/481/754 353/561/753
f 317/483/756 316/482/755 353/561/753
f 318/484/757 317/483/756 353/561/753
f 319/485/758 318/484/757 353/561/753
f 320/486/759 319/485/758 353/561/753
f 321/487/760 320/486/759 353/561/753
f 322/488/761 321/487/760 353/561/753
f 323/489/762 322/488/761 353/561/753
f 324/490/763 323/489/762 353/561/753
f 325/491/764 324/490/763 353/561/753
f 326/492/765 325/491/764 353/561/753
f 327/493/766 326/492/765 353/561/753
f 328/494/767 327/493/766 353/561/753
f 329/495/768 328/494/767 353/561/753
f 330/496/769 329/495/768 353/561/753
f 331/497/770 330/496/769 353/561/753
f 332/498/771 331/497/770 353/561/753
f 313/479/752 332/498/771 353/561/753
s 3
f 333/559/772 334/558/773 354/562/774
f 334/558/773 335/557/775 354/562/774
f 335/557/775 336/556/776 354/562/774
f 336/556/776 337/555/777 354/562/774
f 337/555/777 338/554/778 354/562/774
f 338/554/778 339/553/779 354/562/774
f 339/553/779 340/552/780 354/562/774
f 340/552/780 341/551/781 354/562/774
f 341/551/781 342/550/782 354/562/774
f 342/550/782 343/549/783 354/562/774
f 343/549/783 344/548/784 354/562/774
f 344/548/784 345/547/785 354/562/774
f 345/547/785 346/546/786 354/562/774
f 346/546/786 347/545/787 354/562/774
f 347/545/787 348/544/788 354/562/774
f 348/544/788 349/543/789 354/562/774
f 349/543/789 350/542/790 354/562/774
f 350/542/790 351/541/791 354/562/774
f 351/541/791 352/560/792 354/562/774
f 352/560/792 333/559/772 354/562/774
g default
v -0.557482 1.279564 -0.025060
v -0.553224 1.279564 -0.011953
v -0.542074 1.279564 -0.003852
v -0.528293 1.279564 -0.003852
v -0.517143 1.279564 -0.011953
v -0.512884 1.279564 -0.025060
v -0.577599 1.289813 -0.025060
v -0.569498 1.289813 -0.000129
v -0.548290 1.289813 0.015280
v -0.522076 1.289813 0.015280
v -0.500869 1.289813 -0.000129
v -0.492768 1.289813 -0.025060
v -0.593563 1.305778 -0.025060
v -0.582413 1.305778 0.009255
v -0.553224 1.305778 0.030462
v -0.517143 1.305778 0.030462
v -0.487953 1.305778 0.009255
v -0.476804 1.305778 -0.025060
v -0.603813 1.325894 -0.025060
v -0.590706 1.325894 0.015280
v -0.556391 1.325894 0.040211
v -0.513976 1.325894 0.040211
v -0.479661 1.325894 0.015280
v -0.466554 1.325894 -0.025060
v -0.607344 1.348193 -0.025060
v -0.593563 1.348193 0.017355
v -0.557482 1.348193 0.043569
v -0.512884 1.348193 0.043569
v -0.476804 1.348193 0.017355
v -0.463022 1.348193 -0.025060
v -0.603813 1.370492 -0.025060
v -0.590706 1.370492 0.015280
v -0.556391 1.370492 0.040211
v -0.513976 1.370492 0.040211
v -0.479661 1.370492 0.015280
v -0.466554 1.370492 -0.025060
v -0.593563 1.390608 -0.025060
v -0.582413 1.390608 0.009255
v -0.553224 1.390608 0.030462
v -0.517143 1.390608 0.030462
v -0.487953 1.390608 0.009255
v -0.476804 1.390608 -0.025060
v -0.577599 1.406572 -0.025060
v -0.569498 1.406572 -0.000129
v -0.548290 1.406572 0.015280
v -0.522076 1.406572 0.015280
v -0.500869 1.406572 -0.000129
v -0.492768 1.406572 -0.025060
v -0.557482 1.416822 -0.025060
v -0.553224 1.416822 -0.011953
v -0.542074 1.416822 -0.003852
v -0.528293 1.416822 -0.003852
v -0.517143 1.416822 -0.011953
v -0.512884 1.416822 -0.025060
v -0.535183 1.276032 -0.025060
v -0.535183 1.420354 -0.025060
v -0.542074 1.298590 -0.010336
v -0.528293 1.298590 -0.010336
v -0.522076 1.305811 0.003089
v -0.548290 1.305811 0.003089
v -0.517143 1.317239 0.013915
v -0.553224 1.317239 0.013915
v -0.513976 1.331853 0.020972
v -0.556391 1.331853 0.020972
v -0.512884 1.348193 0.023425
v -0.557482 1.348193 0.023425
v -0.513976 1.364533 0.020972
v -0.556391 1.364533 0.020972
v -0.517143 1.379147 0.013915
v -0.553224 1.379147 0.013915
v -0.522076 1.390574 0.003089
v -0.548290 1.390574 0.003089
v -0.528293 1.397796 -0.010336
v -0.542074 1.397796 -0.010336
v -0.535183 1.296127 -0.028406
v -0.535183 1.400259 -0.028406
vt 0.400000 0.100000
vt 0.500000 0.100000
vt 0.600000 0.100000
vt 0.700000 0.100000
vt 0.800000 0.100000
vt 0.900000 0.100000
vt 0.400000 0.200000
vt 0.500000 0.200000
vt 0.600000 0.200000
vt 0.700000 0.200000
vt 0.800000 0.200000
vt 0.900000 0.200000
vt 0.400000 0.300000
vt 0.500000 0.300000
vt 0.600000 0.300000
vt 0.700000 0.300000
vt 0.800000 0.300000
vt 0.900000 0.300000
vt 0.400000 0.400000
vt 0.500000 0.400000
vt 0.600000 0.400000
vt 0.700000 0.400000
vt 0.800000 0.400000
vt 0.900000 0.400000
vt 0.400000 0.500000
vt 0.500000 0.500000
vt 0.600000 0.500000
vt 0.700000 0.500000
vt 0.800000 0.500000
vt 0.900000 0.500000
vt 0.400000 0.600000
vt 0.500000 0.600000
vt 0.600000 0.600000
vt 0.700000 0.600000
vt 0.800000 0.600000
vt 0.900000 0.600000
vt 0.400000 0.700000
vt 0.500000 0.700000
vt 0.600000 0.700000
vt 0.700000 0.700000
vt 0.800000 0.700000
vt 0.900000 0.700000
vt 0.400000 0.800000
vt 0.500000 0.800000
vt 0.600000 0.800000
vt 0.700000 0.800000
vt 0.800000 0.800000
vt 0.900000 0.800000
vt 0.400000 0.900000
vt 0.500000 0.900000
vt 0.600000 0.900000
vt 0.700000 0.900000
vt 0.800000 0.900000
vt 0.900000 0.900000
vt 0.450000 0.000000
vt 0.550000 0.000000
vt 0.650000 0.000000
vt 0.750000 0.000000
vt 0.850000 0.000000
vt 0.450000 1.000000
vt 0.550000 1.000000
vt 0.650000 1.000000
vt 0.750000 1.000000
vt 0.850000 1.000000
vt 0.700000 0.100000
vt 0.700000 0.200000
vt 0.600000 0.200000
vt 0.600000 0.100000
vt 0.700000 0.300000
vt 0.600000 0.300000
vt 0.700000 0.400000
vt 0.600000 0.400000
vt 0.700000 0.500000
vt 0.600000 0.500000
vt 0.700000 0.600000
vt 0.600000 0.600000
vt 0.700000 0.700000
vt 0.600000 0.700000
vt 0.700000 0.800000
vt 0.600000 0.800000
vt 0.700000 0.900000
vt 0.600000 0.900000
vt 0.650000 0.000000
vt 0.650000 1.000000
vn -0.449131 -0.881468 0.145931
vn -0.449131 -0.881468 0.145931
vn -0.449131 -0.881468 0.145931
vn -0.449131 -0.881468 0.145931
vn -0.277578 -0.881468 0.382053
vn -0.277578 -0.881468 0.382053
vn -0.277578 -0.881468 0.382053
vn -0.277578 -0.881468 0.382053
vn 0.000000 -0.880649 0.473769
vn 0.000000 -0.880649 0.473769
vn 0.000000 -0.880649 0.473769
vn 0.000000 -0.880649 0.473769
vn 0.277578 -0.881468 0.382053
vn 0.277578 -0.881468 0.382053
vn 0.277578 -0.881468 0.382053
vn 0.277578 -0.881468 0.382053
vn 0.449131 -0.881468 0.145931
vn 0.449131 -0.881468 0.145931
vn 0.449131 -0.881468 0.145931
vn 0.449131 -0.881468 0.145931
vn -0.689152 -0.689152 0.223919
vn -0.689152 -0.689152 0.223919
vn -0.689152 -0.689152 0.223919
vn -0.689152 -0.689152 0.223919
vn -0.425919 -0.689152 0.586227
vn -0.425919 -0.689152 0.586227
vn -0.425919 -0.689152 0.586227
vn -0.425919 -0.689152 0.586227
vn 0.000000 -0.687766 0.725933
vn 0.000000 -0.687766 0.725933
vn 0.000000 -0.687766 0.725933
vn 0.000000 -0.687766 0.725933
vn 0.425919 -0.689152 0.586228
vn 0.425919 -0.689152 0.586228
vn 0.425919 -0.689152 0.586228
vn 0.425919 -0.689152 0.586228
vn 0.689152 -0.689152 0.223919
vn 0.689152 -0.689152 0.223919
vn 0.689152 -0.689152 0.223919
vn 0.689152 -0.689152 0.223919
vn -0.855862 -0.436083 0.278086
vn -0.855862 -0.436083 0.278086
vn -0.855862 -0.436083 0.278086
vn -0.855862 -0.436083 0.278086
vn -0.528952 -0.436083 0.728040
vn -0.528952 -0.436083 0.728040
vn -0.528952 -0.436083 0.728040
vn -0.528952 -0.436083 0.728040
vn 0.000000 -0.434836 0.900510
vn 0.000000 -0.434836 0.900510
vn 0.000000 -0.434836 0.900510
vn 0.000000 -0.434836 0.900510
vn 0.528951 -0.436083 0.728040
vn 0.528951 -0.436083 0.728040
vn 0.528951 -0.436083 0.728040
vn 0.528951 -0.436083 0.728040
vn 0.855862 -0.436083 0.278086
vn 0.855862 -0.436083 0.278086
vn 0.855862 -0.436083 0.278086
vn 0.855862 -0.436083 0.278086
vn -0.940447 -0.148952 0.305570
vn -0.940447 -0.148952 0.305570
vn -0.940447 -0.148952 0.305570
vn -0.940447 -0.148952 0.305570
vn -0.581228 -0.148953 0.799992
vn -0.581228 -0.148953 0.799992
vn -0.581228 -0.148953 0.799992
vn -0.581228 -0.148953 0.799992
vn 0.000000 -0.148462 0.988918
vn 0.000000 -0.148462 0.988918
vn 0.000000 -0.148462 0.988918
vn 0.000000 -0.148462 0.988918
vn 0.581228 -0.148952 0.799992
vn 0.581228 -0.148952 0.799992
vn 0.581228 -0.148952 0.799992
vn 0.581228 -0.148952 0.799992
vn 0.940447 -0.148952 0.305570
vn 0.940447 -0.148952 0.305570
vn 0.940447 -0.148952 0.305570
vn 0.940447 -0.148952 0.305570
vn -0.940447 0.148952 0.305570
vn -0.940447 0.148952 0.305570
vn -0.940447 0.148952 0.305570
vn -0.940447 0.148952 0.305570
vn -0.581228 0.148953 0.799992
vn -0.581228 0.148953 0.799992
vn -0.581228 0.148953 0.799992
vn -0.581228 0.148953 0.799992
vn 0.000000 0.148462 0.988918
vn 0.000000 0.148462 0.988918
vn 0.000000 0.148462 0.988918
vn 0.000000 0.148462 0.988918
vn 0.581228 0.148952 0.799992
vn 0.581228 0.148952 0.799992
vn 0.581228 0.148952 0.799992
vn 0.581228 0.148952 0.799992
vn 0.940447 0.148952 0.305570
vn 0.940447 0.148952 0.305570
vn 0.940447 0.148952 0.305570
vn 0.940447 0.148952 0.305570
vn -0.855862 0.436083 0.278086
vn -0.855862 0.436083 0.278086
vn -0.855862 0.436083 0.278086
vn -0.855862 0.436083 0.278086
vn -0.528952 0.436083 0.728040
vn -0.528952 0.436083 0.728040
vn -0.528952 0.436083 0.728040
vn -0.528952 0.436083 0.728040
vn 0.000000 0.434836 0.900510
vn 0.000000 0.434836 0.900510
vn 0.000000 0.434836 0.900510
vn 0.000000 0.434836 0.900510
vn 0.528951 0.436083 0.728040
vn 0.528951 0.436083 0.728040
vn 0.528951 0.436083 0.728040
vn 0.528951 0.436083 0.728040
vn 0.855862 0.436083 0.278086
vn 0.855862 0.436083 0.278086
vn 0.855862 0.436083 0.278086
vn 0.855862 0.436083 0.278086
vn -0.689152 0.689152 0.223919
vn -0.689152 0.689152 0.223919
vn -0.689152 0.689152 0.223919
vn -0.689152 0.689152 0.223919
vn -0.425919 0.689152 0.586227
vn -0.425919 0.689152 0.586227
vn -0.425919 0.689152 0.586227
vn -0.425919 0.689152 0.586227
vn 0.000000 0.687766 0.725933
vn 0.000000 0.687766 0.725933
vn 0.000000 0.687766 0.725933
vn 0.000000 0.687766 0.725933
vn 0.425919 0.689152 0.586228
vn 0.425919 0.689152 0.586228
vn 0.425919 0.689152 0.586228
vn 0.425919 0.689152 0.586228
vn 0.689152 0.689152 0.223919
vn 0.689152 0.689152 0.223919
vn 0.689152 0.689152 0.223919
vn 0.689152 0.689152 0.223919
vn -0.449131 0.881468 0.145931
vn -0.449131 0.881468 0.145931
vn -0.449131 0.881468 0.145931
vn -0.449131 0.881468 0.145931
vn -0.277578 0.881468 0.382053
vn -0.277578 0.881468 0.382053
vn -0.277578 0.881468 0.382053
vn -0.277578 0.881468 0.382053
vn 0.000000 0.880649 0.473769
vn 0.000000 0.880649 0.473769
vn 0.000000 0.880649 0.473769
vn 0.000000 0.880649 0.473769
vn 0.277578 0.881468 0.382053
vn 0.277578 0.881468 0.382053
vn 0.277578 0.881468 0.382053
vn 0.277578 0.881468 0.382053
vn 0.449131 0.881468 0.145931
vn 0.449131 0.881468 0.145931
vn 0.449131 0.881468 0.145931
vn 0.449131 0.881468 0.145931
vn -0.156233 -0.986415 0.050764
vn -0.156233 -0.986415 0.050764
vn -0.156232 -0.986415 0.050764
vn -0.096557 -0.986415 0.132899
vn -0.096557 -0.986415 0.132899
vn -0.096557 -0.986415 0.132899
vn 0.000000 -0.990840 0.135041
vn 0.000000 -0.990840 0.135041
vn 0.000000 -0.990840 0.135041
vn 0.096557 -0.986415 0.132900
vn 0.096557 -0.986415 0.132900
vn 0.096557 -0.986415 0.132900
vn 0.156233 -0.986415 0.050763
vn 0.156233 -0.986415 0.050763
vn 0.156232 -0.986415 0.050763
vn -0.156233 0.986415 0.050763
vn -0.156233 0.986415 0.050763
vn -0.156232 0.986415 0.050763
vn -0.096557 0.986415 0.132899
vn -0.096557 0.986415 0.132899
vn -0.096557 0.986415 0.132899
vn 0.000000 0.990840 0.135041
vn 0.000000 0.990840 0.135041
vn 0.000000 0.990840 0.135041
vn 0.096557 0.986415 0.132900
vn 0.096557 0.986415 0.132900
vn 0.096557 0.986415 0.132900
vn 0.156233 0.986415 0.050764
vn 0.156233 0.986415 0.050764
vn 0.156232 0.986415 0.050764
vn -0.946722 0.113650 0.301332
vn -0.959211 0.166663 0.228338
vn -0.959242 0.166715 0.228171
vn -0.946709 0.113391 0.301472
vn 0.959211 0.166664 0.228338
vn 0.946722 0.113650 0.301332
vn 0.946709 0.113391 0.301472
vn 0.959242 0.166715 0.228170
vn -0.978698 0.164443 0.122913
vn -0.978727 0.164389 0.122761
vn 0.978698 0.164443 0.122913
vn 0.978727 0.164389 0.122760
vn -0.994141 0.100548 0.039679
vn -0.994151 0.100470 0.039625
vn 0.994141 0.100548 0.039678
vn 0.994151 0.100470 0.039624
vn -0.999965 0.000000 0.008357
vn -0.999965 0.000000 0.008357
vn 0.999965 -0.000000 0.008357
vn 0.999965 -0.000000 0.008357
vn -0.994141 -0.100549 0.039679
vn -0.994151 -0.100470 0.039625
vn 0.994141 -0.100548 0.039678
vn 0.994151 -0.100470 0.039624
vn -0.978698 -0.164443 0.122913
vn -0.978727 -0.164389 0.122761
vn 0.978698 -0.164443 0.122913
vn 0.978727 -0.164389 0.122760
vn -0.959211 -0.166663 0.228338
vn -0.959242 -0.166715 0.228171
vn 0.959211 -0.166664 0.228338
vn 0.959242 -0.166715 0.228170
vn -0.946722 -0.113650 0.301332
vn -0.946709 -0.113391 0.301472
vn 0.946722 -0.113650 0.301332
vn 0.946709 -0.113391 0.301472
vn 0.944324 0.080180 0.319097
vn 0.944324 0.080180 0.319097
vn -0.944324 0.080180 0.319098
vn -0.944324 0.080180 0.319098
vn -0.944324 -0.080180 0.319097
vn -0.944324 -0.080180 0.319097
vn 0.944324 -0.080180 0.319097
vn 0.944324 -0.080180 0.319097
s off
g pSphere1
usemtl initialShadingGroup
f 355/563/793 356/564/794 362/570/795 361/569/796
f 356/564/797 357/565/798 363/571/799 362/570/800
f 411/630/801 412/627/802 413/628/803 414/629/804
f 358/566/805 359/567/806 365/573/807 364/572/808
f 359/567/809 360/568/810 366/574/811 365/573/812
f 361/569/813 362/570/814 368/576/815 367/575/816
f 362/570/817 363/571/818 369/577/819 368/576/820
f 414/629/821 413/628/822 415/631/823 416/632/824
f 364/572/825 365/573/826 371/579/827 370/578/828
f 365/573/829 366/574/830 372/580/831 371/579/832
f 367/575/833 368/576/834 374/582/835 373/581/836
f 368/576/837 369/577/838 375/583/839 374/582/840
f 416/632/841 415/631/842 417/633/843 418/634/844
f 370/578/845 371/579/846 377/585/847 376/584/848
f 371/579/849 372/580/850 378/586/851 377/585/852
f 373/581/853 374/582/854 380/588/855 379/587/856
f 374/582/857 375/583/858 381/589/859 380/588/860
f 418/634/861 417/633/862 419/635/863 420/636/864
f 376/584/865 377/585/866 383/591/867 382/590/868
f 377/585/869 378/586/870 384/592/871 383/591/872
f 379/587/873 380/588/874 386/594/875 385/593/876
f 380/588/877 381/589/878 387/595/879 386/594/880
f 420/636/881 419/635/882 421/637/883 422/638/884
f 382/590/885 383/591/886 389/597/887 388/596/888
f 383/591/889 384/592/890 390/598/891 389/597/892
f 385/593/893 386/594/894 392/600/895 391/599/896
f 386/594/897 387/595/898 393/601/899 392/600/900
f 422/638/901 421/637/902 423/639/903 424/640/904
f 388/596/905 389/597/906 395/603/907 394/602/908
f 389/597/909 390/598/910 396/604/911 395/603/912
f 391/599/913 392/600/914 398/606/915 397/605/916
f 392/600/917 393/601/918 399/607/919 398/606/920
f 424/640/921 423/639/922 425/641/923 426/642/924
f 394/602/925 395/603/926 401/609/927 400/608/928
f 395/603/929 396/604/930 402/610/931 401/609/932
f 397/605/933 398/606/934 404/612/935 403/611/936
f 398/606/937 399/607/938 405/613/939 404/612/940
f 426/642/941 425/641/942 427/643/943 428/644/944
f 400/608/945 401/609/946 407/615/947 406/614/948
f 401/609/949 402/610/950 408/616/951 407/615/952
f 356/564/953 355/563/954 409/617/955
f 357/565/956 356/564/957 409/618/958
f 412/627/959 411/630/960 429/645/961
f 359/567/962 358/566/963 409/620/964
f 360/568/965 359/567/966 409/621/967
f 403/611/968 404/612/969 410/622/970
f 404/612/971 405/613/972 410/623/973
f 428/644/974 427/643/975 430/646/976
f 406/614/977 407/615/978 410/625/979
f 407/615/980 408/616/981 410/626/982
s 1
f 358/566/983 364/572/984 413/628/985 412/627/986
s 2
f 363/571/987 357/565/988 411/630/989 414/629/990
s 1
f 364/572/984 370/578/991 415/631/992 413/628/985
s 2
f 369/577/993 363/571/987 414/629/990 416/632/994
s 1
f 370/578/991 376/584/995 417/633/996 415/631/992
s 2
f 375/583/997 369/577/993 416/632/994 418/634/998
s 1
f 376/584/995 382/590/999 419/635/1000 417/633/996
s 2
f 381/589/1001 375/583/997 418/634/998 420/636/1002
s 1
f 382/590/999 388/596/1003 421/637/1004 419/635/1000
s 2
f 387/595/1005 381/589/1001 420/636/1002 422/638/1006
s 1
f 388/596/1003 394/602/1007 423/639/1008 421/637/1004
s 2
f 393/601/1009 387/595/1005 422/638/1006 424/640/1010
s 1
f 394/602/1007 400/608/1011 425/641/1012 423/639/1008
s 2
f 399/607/1013 393/601/1009 424/640/1010 426/642/1014
s 1
f 400/608/1011 406/614/1015 427/643/1016 425/641/1012
s 2
f 405/613/1017 399/607/1013 426/642/1014 428/644/1018
f 357/565/988 409/619/1019 429/645/1020 411/630/989
s 1
f 409/619/1021 358/566/983 412/627/986 429/645/1022
f 406/614/1015 410/624/1023 430/646/1024 427/643/1016
s 2
f 410/624/1025 405/613/1017 428/644/1018 430/646/1026
g default
v 0.488336 1.279564 -0.025060
v 0.492595 1.279564 -0.011953
v 0.503745 1.279564 -0.003852
v 0.517526 1.279564 -0.003852
v 0.528676 1.279564 -0.011953
v 0.532934 1.279564 -0.025060
v 0.468220 1.289813 -0.025060
v 0.476321 1.289813 -0.000129
v 0.497528 1.289813 0.015280
v 0.523742 1.289813 0.015280
v 0.544950 1.289813 -0.000129
v 0.553051 1.289813 -0.025060
v 0.452256 1.305778 -0.025060
v 0.463405 1.305778 0.009255
v 0.492595 1.305778 0.030462
v 0.528676 1.305778 0.030462
v 0.557865 1.305778 0.009255
v 0.569015 1.305778 -0.025060
v 0.442006 1.325894 -0.025060
v 0.455113 1.325894 0.015280
v 0.489428 1.325894 0.040211
v 0.531843 1.325894 0.040211
v 0.566158 1.325894 0.015280
v 0.579265 1.325894 -0.025060
v 0.438474 1.348193 -0.025060
v 0.452256 1.348193 0.017355
v 0.488336 1.348193 0.043569
v 0.532934 1.348193 0.043569
v 0.569015 1.348193 0.017355
v 0.582796 1.348193 -0.025060
v 0.442006 1.370492 -0.025060
v 0.455113 1.370492 0.015280
v 0.489428 1.370492 0.040211
v 0.531843 1.370492 0.040211
v 0.566158 1.370492 0.015280
v 0.579265 1.370492 -0.025060
v 0.452256 1.390608 -0.025060
v 0.463405 1.390608 0.009255
v 0.492595 1.390608 0.030462
v 0.528676 1.390608 0.030462
v 0.557865 1.390608 0.009255
v 0.569015 1.390608 -0.025060
v 0.468220 1.406572 -0.025060
v 0.476321 1.406572 -0.000129
v 0.497528 1.406572 0.015280
v 0.523742 1.406572 0.015280
v 0.544950 1.406572 -0.000129
v 0.553051 1.406572 -0.025060
v 0.488336 1.416822 -0.025060
v 0.492595 1.416822 -0.011953
v 0.503745 1.416822 -0.003852
v 0.517526 1.416822 -0.003852
v 0.528676 1.416822 -0.011953
v 0.532934 1.416822 -0.025060
v 0.510635 1.276032 -0.025060
v 0.510635 1.420354 -0.025060
v 0.503745 1.298590 -0.010336
v 0.517526 1.298590 -0.010336
v 0.523742 1.305811 0.003089
v 0.497528 1.305811 0.003089
v 0.528676 1.317239 0.013915
v 0.492595 1.317239 0.013915
v 0.531843 1.331853 0.020972
v 0.489428 1.331853 0.020972
v 0.532934 1.348193 0.023425
v 0.488336 1.348193 0.023425
v 0.531843 1.364533 0.020972
v 0.489428 1.364533 0.020972
v 0.528676 1.379147 0.013915
v 0.492595 1.379147 0.013915
v 0.523742 1.390574 0.003089
v 0.497528 1.390574 0.003089
v 0.517526 1.397796 -0.010336
v 0.503745 1.397796 -0.010336
v 0.510635 1.296127 -0.028406
v 0.510635 1.400259 -0.028406
vt 0.400000 0.100000
vt 0.500000 0.100000
vt 0.600000 0.100000
vt 0.700000 0.100000
vt 0.800000 0.100000
vt 0.900000 0.100000
vt 0.400000 0.200000
vt 0.500000 0.200000
vt 0.600000 0.200000
vt 0.700000 0.200000
vt 0.800000 0.200000
vt 0.900000 0.200000
vt 0.400000 0.300000
vt 0.500000 0.300000
vt 0.600000 0.300000
vt 0.700000 0.300000
vt 0.800000 0.300000
vt 0.900000 0.300000
vt 0.400000 0.400000
vt 0.500000 0.400000
vt 0.600000 0.400000
vt 0.700000 0.400000
vt 0.800000 0.400000
vt 0.900000 0.400000
vt 0.400000 0.500000
vt 0.500000 0.500000
vt 0.600000 0.500000
vt 0.700000 0.500000
vt 0.800000 0.500000
vt 0.900000 0.500000
vt 0.400000 0.600000
vt 0.500000 0.600000
vt 0.600000 0.600000
vt 0.700000 0.600000
vt 0.800000 0.600000
vt 0.900000 0.600000
vt 0.400000 0.700000
vt 0.500000 0.700000
vt 0.600000 0.700000
vt 0.700000 0.700000
vt 0.800000 0.700000
vt 0.900000 0.700000
vt 0.400000 0.800000
vt 0.500000 0.800000
vt 0.600000 0.800000
vt 0.700000 0.800000
vt 0.800000 0.800000
vt 0.900000 0.800000
vt 0.400000 0.900000
vt 0.500000 0.900000
vt 0.600000 0.900000
vt 0.700000 0.900000
vt 0.800000 0.900000
vt 0.900000 0.900000
vt 0.450000 0.000000
vt 0.550000 0.000000
vt 0.650000 0.000000
vt 0.750000 0.000000
vt 0.850000 0.000000
vt 0.450000 1.000000
vt 0.550000 1.000000
vt 0.650000 1.000000
vt 0.750000 1.000000
vt 0.850000 1.000000
vt 0.700000 0.100000
vt 0.700000 0.200000
vt 0.600000 0.200000
vt 0.600000 0.100000
vt 0.700000 0.300000
vt 0.600000 0.300000
vt 0.700000 0.400000
vt 0.600000 0.400000
vt 0.700000 0.500000
vt 0.600000 0.500000
vt 0.700000 0.600000
vt 0.600000 0.600000
vt 0.700000 0.700000
vt 0.600000 0.700000
vt 0.700000 0.800000
vt 0.600000 0.800000
vt 0.700000 0.900000
vt 0.600000 0.900000
vt 0.650000 0.000000
vt 0.650000 1.000000
vn -0.449131 -0.881468 0.145931
vn -0.449131 -0.881468 0.145931
vn -0.449131 -0.881468 0.145931
vn -0.449131 -0.881468 0.145931
vn -0.277578 -0.881468 0.382053
vn -0.277578 -0.881468 0.382053
vn -0.277578 -0.881468 0.382053
vn -0.277578 -0.881468 0.382053
vn 0.000000 -0.880649 0.473769
vn 0.000000 -0.880649 0.473769
vn 0.000000 -0.880649 0.473769
vn 0.000000 -0.880649 0.473769
vn 0.277578 -0.881468 0.382053
vn 0.277578 -0.881468 0.382053
vn 0.277578 -0.881468 0.382053
vn 0.277578 -0.881468 0.382053
vn 0.449131 -0.881468 0.145931
vn 0.449131 -0.881468 0.145931
vn 0.449131 -0.881468 0.145931
vn 0.449131 -0.881468 0.145931
vn -0.689152 -0.689152 0.223919
vn -0.689152 -0.689152 0.223919
vn -0.689152 -0.689152 0.223919
vn -0.689152 -0.689152 0.223919
vn -0.425919 -0.689152 0.586227
vn -0.425919 -0.689152 0.586227
vn -0.425919 -0.689152 0.586227
vn -0.425919 -0.689152 0.586227
vn 0.000000 -0.687766 0.725933
vn 0.000000 -0.687766 0.725933
vn 0.000000 -0.687766 0.725933
vn 0.000000 -0.687766 0.725933
vn 0.425919 -0.689152 0.586228
vn 0.425919 -0.689152 0.586228
vn 0.425919 -0.689152 0.586228
vn 0.425919 -0.689152 0.586228
vn 0.689152 -0.689152 0.223919
vn 0.689152 -0.689152 0.223919
vn 0.689152 -0.689152 0.223919
vn 0.689152 -0.689152 0.223919
vn -0.855862 -0.436083 0.278086
vn -0.855862 -0.436083 0.278086
vn -0.855862 -0.436083 0.278086
vn -0.855862 -0.436083 0.278086
vn -0.528952 -0.436083 0.728040
vn -0.528952 -0.436083 0.728040
vn -0.528952 -0.436083 0.728040
vn -0.528952 -0.436083 0.728040
vn 0.000000 -0.434836 0.900510
vn 0.000000 -0.434836 0.900510
vn 0.000000 -0.434836 0.900510
vn 0.000000 -0.434836 0.900510
vn 0.528951 -0.436083 0.728040
vn 0.528951 -0.436083 0.728040
vn 0.528951 -0.436083 0.728040
vn 0.528951 -0.436083 0.728040
vn 0.855862 -0.436083 0.278086
vn 0.855862 -0.436083 0.278086
vn 0.855862 -0.436083 0.278086
vn 0.855862 -0.436083 0.278086
vn -0.940447 -0.148952 0.305570
vn -0.940447 -0.148952 0.305570
vn -0.940447 -0.148952 0.305570
vn -0.940447 -0.148952 0.305570
vn -0.581228 -0.148953 0.799992
vn -0.581228 -0.148953 0.799992
vn -0.581228 -0.148953 0.799992
vn -0.581228 -0.148953 0.799992
vn 0.000000 -0.148462 0.988918
vn 0.000000 -0.148462 0.988918
vn 0.000000 -0.148462 0.988918
vn 0.000000 -0.148462 0.988918
vn 0.581228 -0.148952 0.799992
vn 0.581228 -0.148952 0.799992
vn 0.581228 -0.148952 0.799992
vn 0.581228 -0.148952 0.799992
vn 0.940447 -0.148952 0.305570
vn 0.940447 -0.148952 0.305570
vn 0.940447 -0.148952 0.305570
vn 0.940447 -0.148952 0.305570
vn -0.940447 0.148952 0.305570
vn -0.940447 0.148952 0.305570
vn -0.940447 0.148952 0.305570
vn -0.940447 0.148952 0.305570
vn -0.581228 0.148953 0.799992
vn -0.581228 0.148953 0.799992
vn -0.581228 0.148953 0.799992
vn -0.581228 0.148953 0.799992
vn 0.000000 0.148462 0.988918
vn 0.000000 0.148462 0.988918
vn 0.000000 0.148462 0.988918
vn 0.000000 0.148462 0.988918
vn 0.581228 0.148952 0.799992
vn 0.581228 0.148952 0.799992
vn 0.581228 0.148952 0.799992
vn 0.581228 0.148952 0.799992
vn 0.940447 0.148952 0.305570
vn 0.940447 0.148952 0.305570
vn 0.940447 0.148952 0.305570
vn 0.940447 0.148952 0.305570
vn -0.855862 0.436083 0.278086
vn -0.855862 0.436083 0.278086
vn -0.855862 0.436083 0.278086
vn -0.855862 0.436083 0.278086
vn -0.528952 0.436083 0.728040
vn -0.528952 0.436083 0.728040
vn -0.528952 0.436083 0.728040
vn -0.528952 0.436083 0.728040
vn 0.000000 0.434836 0.900510
vn 0.000000 0.434836 0.900510
vn 0.000000 0.434836 0.900510
vn 0.000000 0.434836 0.900510
vn 0.528951 0.436083 0.728040
vn 0.528951 0.436083 0.728040
vn 0.528951 0.436083 0.728040
vn 0.528951 0.436083 0.728040
vn 0.855862 0.436083 0.278086
vn 0.855862 0.436083 0.278086
vn 0.855862 0.436083 0.278086
vn 0.855862 0.436083 0.278086
vn -0.689152 0.689152 0.223919
vn -0.689152 0.689152 0.223919
vn -0.689152 0.689152 0.223919
vn -0.689152 0.689152 0.223919
vn -0.425919 0.689152 0.586227
vn -0.425919 0.689152 0.586227
vn -0.425919 0.689152 0.586227
vn -0.425919 0.689152 0.586227
vn 0.000000 0.687766 0.725933
vn 0.000000 0.687766 0.725933
vn 0.000000 0.687766 0.725933
vn 0.000000 0.687766 0.725933
vn 0.425919 0.689152 0.586228
vn 0.425919 0.689152 0.586228
vn 0.425919 0.689152 0.586228
vn 0.425919 0.689152 0.586228
vn 0.689152 0.689152 0.223919
vn 0.689152 0.689152 0.223919
vn 0.689152 0.689152 0.223919
vn 0.689152 0.689152 0.223919
vn -0.449131 0.881468 0.145931
vn -0.449131 0.881468 0.145931
vn -0.449131 0.881468 0.145931
vn -0.449131 0.881468 0.145931
vn -0.277578 0.881468 0.382053
vn -0.277578 0.881468 0.382053
vn -0.277578 0.881468 0.382053
vn -0.277578 0.881468 0.382053
vn 0.000000 0.880649 0.473769
vn 0.000000 0.880649 0.473769
vn 0.000000 0.880649 0.473769
vn 0.000000 0.880649 0.473769
vn 0.277578 0.881468 0.382053
vn 0.277578 0.881468 0.382053
vn 0.277578 0.881468 0.382053
vn 0.277578 0.881468 0.382053
vn 0.449131 0.881468 0.145931
vn 0.449131 0.881468 0.145931
vn 0.449131 0.881468 0.145931
vn 0.449131 0.881468 0.145931
vn -0.156233 -0.986415 0.050764
vn -0.156233 -0.986415 0.050764
vn -0.156232 -0.986415 0.050764
vn -0.096557 -0.986415 0.132899
vn -0.096557 -0.986415 0.132899
vn -0.096557 -0.986415 0.132899
vn 0.000000 -0.990840 0.135041
vn 0.000000 -0.990840 0.135041
vn 0.000000 -0.990840 0.135041
vn 0.096557 -0.986415 0.132900
vn 0.096557 -0.986415 0.132900
vn 0.096557 -0.986415 0.132900
vn 0.156233 -0.986415 0.050763
vn 0.156233 -0.986415 0.050763
vn 0.156232 -0.986415 0.050763
vn -0.156233 0.986415 0.050763
vn -0.156233 0.986415 0.050763
vn -0.156232 0.986415 0.050763
vn -0.096557 0.986415 0.132899
vn -0.096557 0.986415 0.132899
vn -0.096557 0.986415 0.132899
vn 0.000000 0.990840 0.135041
vn 0.000000 0.990840 0.135041
vn 0.000000 0.990840 0.135041
vn 0.096557 0.986415 0.132900
vn 0.096557 0.986415 0.132900
vn 0.096557 0.986415 0.132900
vn 0.156233 0.986415 0.050764
vn 0.156233 0.986415 0.050764
vn 0.156232 0.986415 0.050764
vn -0.946722 0.113650 0.301332
vn -0.959211 0.166663 0.228338
vn -0.959242 0.166715 0.228171
vn -0.946709 0.113391 0.301472
vn 0.959211 0.166664 0.228338
vn 0.946722 0.113650 0.301332
vn 0.946709 0.113391 0.301472
vn 0.959242 0.166715 0.228170
vn -0.978698 0.164443 0.122913
vn -0.978727 0.164389 0.122761
vn 0.978698 0.164443 0.122913
vn 0.978727 0.164389 0.122760
vn -0.994141 0.100548 0.039679
vn -0.994151 0.100470 0.039625
vn 0.994141 0.100548 0.039678
vn 0.994151 0.100470 0.039624
vn -0.999965 0.000000 0.008357
vn -0.999965 0.000000 0.008357
vn 0.999965 -0.000000 0.008357
vn 0.999965 -0.000000 0.008357
vn -0.994141 -0.100549 0.039679
vn -0.994151 -0.100470 0.039625
vn 0.994141 -0.100548 0.039678
vn 0.994151 -0.100470 0.039624
vn -0.978698 -0.164443 0.122913
vn -0.978727 -0.164389 0.122761
vn 0.978698 -0.164443 0.122913
vn 0.978727 -0.164389 0.122760
vn -0.959211 -0.166663 0.228338
vn -0.959242 -0.166715 0.228171
vn 0.959211 -0.166664 0.228338
vn 0.959242 -0.166715 0.228170
vn -0.946722 -0.113650 0.301332
vn -0.946709 -0.113391 0.301472
vn 0.946722 -0.113650 0.301332
vn 0.946709 -0.113391 0.301472
vn 0.944324 0.080180 0.319097
vn 0.944324 0.080180 0.319097
vn -0.944324 0.080180 0.319098
vn -0.944324 0.080180 0.319098
vn -0.944324 -0.080180 0.319097
vn -0.944324 -0.080180 0.319097
vn 0.944324 -0.080180 0.319097
vn 0.944324 -0.080180 0.319097
s off
g pSphere2
usemtl initialShadingGroup
f 431/647/1027 432/648/1028 438/654/1029 437/653/1030
f 432/648/1031 433/649/1032 439/655/1033 438/654/1034
f 487/714/1035 488/711/1036 489/712/1037 490/713/1038
f 434/650/1039 435/651/1040 441/657/1041 440/656/1042
f 435/651/1043 436/652/1044 442/658/1045 441/657/1046
f 437/653/1047 438/654/1048 444/660/1049 443/659/1050
f 438/654/1051 439/655/1052 445/661/1053 444/660/1054
f 490/713/1055 489/712/1056 491/715/1057 492/716/1058
f 440/656/1059 441/657/1060 447/663/1061 446/662/1062
f 441/657/1063 442/658/1064 448/664/1065 447/663/1066
f 443/659/1067 444/660/1068 450/666/1069 449/665/1070
f 444/660/1071 445/661/1072 451/667/1073 450/666/1074
f 492/716/1075 491/715/1076 493/717/1077 494/718/1078
f 446/662/1079 447/663/1080 453/669/1081 452/668/1082
f 447/663/1083 448/664/1084 454/670/1085 453/669/1086
f 449/665/1087 450/666/1088 456/672/1089 455/671/1090
f 450/666/1091 451/667/1092 457/673/1093 456/672/1094
f 494/718/1095 493/717/1096 495/719/1097 496/720/1098
f 452/668/1099 453/669/1100 459/675/1101 458/674/1102
f 453/669/1103 454/670/1104 460/676/1105 459/675/1106
f 455/671/1107 456/672/1108 462/678/1109 461/677/1110
f 456/672/1111 457/673/1112 463/679/1113 462/678/1114
f 496/720/1115 495/719/1116 497/721/1117 498/722/1118
f 458/674/1119 459/675/1120 465/681/1121 464/680/1122
f 459/675/1123 460/676/1124 466/682/1125 465/681/1126
f 461/677/1127 462/678/1128 468/684/1129 467/683/1130
f 462/678/1131 463/679/1132 469/685/1133 468/684/1134
f 498/722/1135 497/721/1136 499/723/1137 500/724/1138
f 464/680/1139 465/681/1140 471/687/1141 470/686/1142
f 465/681/1143 466/682/1144 472/688/1145 471/687/1146
f 467/683/1147 468/684/1148 474/690/1149 473/689/1150
f 468/684/1151 469/685/1152 475/691/1153 474/690/1154
f 500/724/1155 499/723/1156 501/725/1157 502/726/1158
f 470/686/1159 471/687/1160 477/693/1161 476/692/1162
f 471/687/1163 472/688/1164 478/694/1165 477/693/1166
f 473/689/1167 474/690/1168 480/696/1169 479/695/1170
f 474/690/1171 475/691/1172 481/697/1173 480/696/1174
f 502/726/1175 501/725/1176 503/727/1177 504/728/1178
f 476/692/1179 477/693/1180 483/699/1181 482/698/1182
f 477/693/1183 478/694/1184 484/700/1185 483/699/1186
f 432/648/1187 431/647/1188 485/701/1189
f 433/649/1190 432/648/1191 485/702/1192
f 488/711/1193 487/714/1194 505/729/1195
f 435/651/1196 434/650/1197 485/704/1198
f 436/652/1199 435/651/1200 485/705/1201
f 479/695/1202 480/696/1203 486/706/1204
f 480/696/1205 481/697/1206 486/707/1207
f 504/728/1208 503/727/1209 506/730/1210
f 482/698/1211 483/699/1212 486/709/1213
f 483/699/1214 484/700/1215 486/710/1216
s 1
f 434/650/1217 440/656/1218 489/712/1219 488/711/1220
s 2
f 439/655/1221 433/649/1222 487/714/1223 490/713/1224
s 1
f 440/656/1218 446/662/1225 491/715/1226 489/712/1219
s 2
f 445/661/1227 439/655/1221 490/713/1224 492/716/1228
s 1
f 446/662/1225 452/668/1229 493/717/1230 491/715/1226
s 2
f 451/667/1231 445/661/1227 492/716/1228 494/718/1232
s 1
f 452/668/1229 458/674/1233 495/719/1234 493/717/1230
s 2
f 457/673/1235 451/667/1231 494/718/1232 496/720/1236
s 1
f 458/674/1233 464/680/1237 497/721/1238 495/719/1234
s 2
f 463/679/1239 457/673/1235 496/720/1236 498/722/1240
s 1
f 464/680/1237 470/686/1241 499/723/1242 497/721/1238
s 2
f 469/685/1243 463/679/1239 498/722/1240 500/724/1244
s 1
f 470/686/1241 476/692/1245 501/725/1246 499/723/1242
s 2
f 475/691/1247 469/685/1243 500/724/1244 502/726/1248
s 1
f 476/692/1245 482/698/1249 503/727/1250 501/725/1246
s 2
f 481/697/1251 475/691/1247 502/726/1248 504/728/1252
f 433/649/1222 485/703/1253 505/729/1254 487/714/1223
s 1
f 485/703/1255 434/650/1217 488/711/1220 505/729/1256
f 482/698/1249 486/708/1257 506/730/1258 503/727/1250
s 2
f 486/708/1259 481/697/1251 504/728/1252 506/730/1260
g default
v 0.457866 -1.468031 -0.025060
v 0.462125 -1.468031 -0.011953
v 0.473274 -1.468031 -0.003852
v 0.487056 -1.468031 -0.003852
v 0.498205 -1.468031 -0.011953
v 0.502464 -1.468031 -0.025060
v 0.437750 -1.457781 -0.025060
v 0.445850 -1.457781 -0.000129
v 0.467058 -1.457781 0.015280
v 0.493272 -1.457781 0.015280
v 0.514479 -1.457781 -0.000129
v 0.522580 -1.457781 -0.025060
v 0.421785 -1.441817 -0.025060
v 0.432935 -1.441817 0.009255
v 0.462125 -1.441817 0.030462
v 0.498205 -1.441817 0.030462
v 0.527395 -1.441817 0.009255
v 0.538544 -1.441817 -0.025060
v 0.411536 -1.421701 -0.025060
v 0.424643 -1.421701 0.015280
v 0.458957 -1.421701 0.040211
v 0.501372 -1.421701 0.040211
v 0.535687 -1.421701 0.015280
v 0.548794 -1.421701 -0.025060
v 0.408004 -1.399402 -0.025060
v 0.421785 -1.399402 0.017355
v 0.457866 -1.399402 0.043569
v 0.502464 -1.399402 0.043569
v 0.538544 -1.399402 0.017355
v 0.552326 -1.399402 -0.025060
v 0.411536 -1.377103 -0.025060
v 0.424643 -1.377103 0.015280
v 0.458957 -1.377103 0.040211
v 0.501372 -1.377103 0.040211
v 0.535687 -1.377103 0.015280
v 0.548794 -1.377103 -0.025060
v 0.421785 -1.356987 -0.025060
v 0.432935 -1.356987 0.009255
v 0.462125 -1.356987 0.030462
v 0.498205 -1.356987 0.030462
v 0.527395 -1.356987 0.009255
v 0.538544 -1.356987 -0.025060
v 0.437750 -1.341022 -0.025060
v 0.445850 -1.341022 -0.000129
v 0.467058 -1.341022 0.015280
v 0.493272 -1.341022 0.015280
v 0.514479 -1.341022 -0.000129
v 0.522580 -1.341022 -0.025060
v 0.457866 -1.330772 -0.025060
v 0.462125 -1.330772 -0.011953
v 0.473274 -1.330772 -0.003852
v 0.487056 -1.330772 -0.003852
v 0.498205 -1.330772 -0.011953
v 0.502464 -1.330772 -0.025060
v 0.480165 -1.471563 -0.025060
v 0.480165 -1.327241 -0.025060
v 0.473274 -1.449005 -0.010336
v 0.487056 -1.449005 -0.010336
v 0.493272 -1.441783 0.003089
v 0.467058 -1.441783 0.003089
v 0.498205 -1.430355 0.013915
v 0.462125 -1.430355 0.013915
v 0.501372 -1.415742 0.020972
v 0.458957 -1.415742 0.020972
v 0.502464 -1.399402 0.023425
v 0.457866 -1.399402 0.023425
v 0.501372 -1.383062 0.020972
v 0.458957 -1.383062 0.020972
v 0.498205 -1.368448 0.013915
v 0.462125 -1.368448 0.013915
v 0.493272 -1.357020 0.003089
v 0.467058 -1.357020 0.003089
v 0.487056 -1.349798 -0.010336
v 0.473274 -1.349798 -0.010336
v 0.480165 -1.451468 -0.028406
v 0.480165 -1.347336 -0.028406
vt 0.400000 0.100000
vt 0.500000 0.100000
vt 0.600000 0.100000
vt 0.700000 0.100000
vt 0.800000 0.100000
vt 0.900000 0.100000
vt 0.400000 0.200000
vt 0.500000 0.200000
vt 0.600000 0.200000
vt 0.700000 0.200000
vt 0.800000 0.200000
vt 0.900000 0.200000
vt 0.400000 0.300000
vt 0.500000 0.300000
vt 0.600000 0.300000
vt 0.700000 0.300000
vt 0.800000 0.300000
vt 0.900000 0.300000
vt 0.400000 0.400000
vt 0.500000 0.400000
vt 0.600000 0.400000
vt 0.700000 0.400000
vt 0.800000 0.400000
vt 0.900000 0.400000
vt 0.400000 0.500000
vt 0.500000 0.500000
vt 0.600000 0.500000
vt 0.700000 0.500000
vt 0.800000 0.500000
vt 0.900000 0.500000
vt 0.400000 0.600000
vt 0.500000 0.600000
vt 0.600000 0.600000
vt 0.700000 0.600000
vt 0.800000 0.600000
vt 0.900000 0.600000
vt 0.400000 0.700000
vt 0.500000 0.700000
vt 0.600000 0.700000
vt 0.700000 0.700000
vt 0.800000 0.700000
vt 0.900000 0.700000
vt 0.400000 0.800000
vt 0.500000 0.800000
vt 0.600000 0.800000
vt 0.700000 0.800000
vt 0.800000 0.800000
vt 0.900000 0.800000
vt 0.400000 0.900000
vt 0.500000 0.900000
vt 0.600000 0.900000
vt 0.700000 0.900000
vt 0.800000 0.900000
vt 0.900000 0.900000
vt 0.450000 0.000000
vt 0.550000 0.000000
vt 0.650000 0.000000
vt 0.750000 0.000000
vt 0.850000 0.000000
vt 0.450000 1.000000
vt 0.550000 1.000000
vt 0.650000 1.000000
vt 0.750000 1.000000
vt 0.850000 1.000000
vt 0.700000 0.100000
vt 0.700000 0.200000
vt 0.600000 0.200000
vt 0.600000 0.100000
vt 0.700000 0.300000
vt 0.600000 0.300000
vt 0.700000 0.400000
vt 0.600000 0.400000
vt 0.700000 0.500000
vt 0.600000 0.500000
vt 0.700000 0.600000
vt 0.600000 0.600000
vt 0.700000 0.700000
vt 0.600000 0.700000
vt 0.700000 0.800000
vt 0.600000 0.800000
vt 0.700000 0.900000
vt 0.600000 0.900000
vt 0.650000 0.000000
vt 0.650000 1.000000
vn -0.449131 -0.881468 0.145931
vn -0.449131 -0.881468 0.145931
vn -0.449131 -0.881468 0.145931
vn -0.449131 -0.881468 0.145931
vn -0.277578 -0.881468 0.382053
vn -0.277578 -0.881468 0.382053
vn -0.277578 -0.881468 0.382053
vn -0.277578 -0.881468 0.382053
vn 0.000000 -0.880649 0.473769
vn 0.000000 -0.880649 0.473769
vn 0.000000 -0.880649 0.473769
vn 0.000000 -0.880649 0.473769
vn 0.277578 -0.881468 0.382053
vn 0.277578 -0.881468 0.382053
vn 0.277578 -0.881468 0.382053
vn 0.277578 -0.881468 0.382053
vn 0.449131 -0.881468 0.145931
vn 0.449131 -0.881468 0.145931
vn 0.449131 -0.881468 0.145931
vn 0.449131 -0.881468 0.145931
vn -0.689152 -0.689152 0.223919
vn -0.689152 -0.689152 0.223919
vn -0.689152 -0.689152 0.223919
vn -0.689152 -0.689152 0.223919
vn -0.425919 -0.689152 0.586227
vn -0.425919 -0.689152 0.586227
vn -0.425919 -0.689152 0.586227
vn -0.425919 -0.689152 0.586227
vn 0.000000 -0.687766 0.725933
vn 0.000000 -0.687766 0.725933
vn 0.000000 -0.687766 0.725933
vn 0.000000 -0.687766 0.725933
vn 0.425919 -0.689152 0.586228
vn 0.425919 -0.689152 0.586228
vn 0.425919 -0.689152 0.586228
vn 0.425919 -0.689152 0.586228
vn 0.689152 -0.689152 0.223919
vn 0.689152 -0.689152 0.223919
vn 0.689152 -0.689152 0.223919
vn 0.689152 -0.689152 0.223919
vn -0.855862 -0.436083 0.278086
vn -0.855862 -0.436083 0.278086
vn -0.855862 -0.436083 0.278086
vn -0.855862 -0.436083 0.278086
vn -0.528952 -0.436083 0.728040
vn -0.528952 -0.436083 0.728040
vn -0.528952 -0.436083 0.728040
vn -0.528952 -0.436083 0.728040
vn 0.000000 -0.434836 0.900510
vn 0.000000 -0.434836 0.900510
vn 0.000000 -0.434836 0.900510
vn 0.000000 -0.434836 0.900510
vn 0.528951 -0.436083 0.728040
vn 0.528951 -0.436083 0.728040
vn 0.528951 -0.436083 0.728040
vn 0.528951 -0.436083 0.728040
vn 0.855862 -0.436083 0.278086
vn 0.855862 -0.436083 0.278086
vn 0.855862 -0.436083 0.278086
vn 0.855862 -0.436083 0.278086
vn -0.940447 -0.148952 0.305570
vn -0.940447 -0.148952 0.305570
vn -0.940447 -0.148952 0.305570
vn -0.940447 -0.148952 0.305570
vn -0.581228 -0.148953 0.799992
vn -0.581228 -0.148953 0.799992
vn -0.581228 -0.148953 0.799992
vn -0.581228 -0.148953 0.799992
vn 0.000000 -0.148462 0.988918
vn 0.000000 -0.148462 0.988918
vn 0.000000 -0.148462 0.988918
vn 0.000000 -0.148462 0.988918
vn 0.581228 -0.148952 0.799992
vn 0.581228 -0.148952 0.799992
vn 0.581228 -0.148952 0.799992
vn 0.581228 -0.148952 0.799992
vn 0.940447 -0.148952 0.305570
vn 0.940447 -0.148952 0.305570
vn 0.940447 -0.148952 0.305570
vn 0.940447 -0.148952 0.305570
vn -0.940447 0.148952 0.305570
vn -0.940447 0.148952 0.305570
vn -0.940447 0.148952 0.305570
vn -0.940447 0.148952 0.305570
vn -0.581228 0.148953 0.799992
vn -0.581228 0.148953 0.799992
vn -0.581228 0.148953 0.799992
vn -0.581228 0.148953 0.799992
vn 0.000000 0.148462 0.988918
vn 0.000000 0.148462 0.988918
vn 0.000000 0.148462 0.988918
vn 0.000000 0.148462 0.988918
vn 0.581228 0.148952 0.799992
vn 0.581228 0.148952 0.799992
vn 0.581228 0.148952 0.799992
vn 0.581228 0.148952 0.799992
vn 0.940447 0.148952 0.305570
vn 0.940447 0.148952 0.305570
vn 0.940447 0.148952 0.305570
vn 0.940447 0.148952 0.305570
vn -0.855862 0.436083 0.278086
vn -0.855862 0.436083 0.278086
vn -0.855862 0.436083 0.278086
vn -0.855862 0.436083 0.278086
vn -0.528952 0.436083 0.728040
vn -0.528952 0.436083 0.728040
vn -0.528952 0.436083 0.728040
vn -0.528952 0.436083 0.728040
vn 0.000000 0.434836 0.900510
vn 0.000000 0.434836 0.900510
vn 0.000000 0.434836 0.900510
vn 0.000000 0.434836 0.900510
vn 0.528951 0.436083 0.728040
vn 0.528951 0.436083 0.728040
vn 0.528951 0.436083 0.728040
vn 0.528951 0.436083 0.728040
vn 0.855862 0.436083 0.278086
vn 0.855862 0.436083 0.278086
vn 0.855862 0.436083 0.278086
vn 0.855862 0.436083 0.278086
vn -0.689152 0.689152 0.223919
vn -0.689152 0.689152 0.223919
vn -0.689152 0.689152 0.223919
vn -0.689152 0.689152 0.223919
vn -0.425919 0.689152 0.586227
vn -0.425919 0.689152 0.586227
vn -0.425919 0.689152 0.586227
vn -0.425919 0.689152 0.586227
vn 0.000000 0.687766 0.725933
vn 0.000000 0.687766 0.725933
vn 0.000000 0.687766 0.725933
vn 0.000000 0.687766 0.725933
vn 0.425919 0.689152 0.586228
vn 0.425919 0.689152 0.586228
vn 0.425919 0.689152 0.586228
vn 0.425919 0.689152 0.586228
vn 0.689152 0.689152 0.223919
vn 0.689152 0.689152 0.223919
vn 0.689152 0.689152 0.223919
vn 0.689152 0.689152 0.223919
vn -0.449131 0.881468 0.145931
vn -0.449131 0.881468 0.145931
vn -0.449131 0.881468 0.145931
vn -0.449131 0.881468 0.145931
vn -0.277578 0.881468 0.382053
vn -0.277578 0.881468 0.382053
vn -0.277578 0.881468 0.382053
vn -0.277578 0.881468 0.382053
vn 0.000000 0.880649 0.473769
vn 0.000000 0.880649 0.473769
vn 0.000000 0.880649 0.473769
vn 0.000000 0.880649 0.473769
vn 0.277578 0.881468 0.382053
vn 0.277578 0.881468 0.382053
vn 0.277578 0.881468 0.382053
vn 0.277578 0.881468 0.382053
vn 0.449131 0.881468 0.145931
vn 0.449131 0.881468 0.145931
vn 0.449131 0.881468 0.145931
vn 0.449131 0.881468 0.145931
vn -0.156233 -0.986415 0.050764
vn -0.156233 -0.986415 0.050764
vn -0.156232 -0.986415 0.050764
vn -0.096557 -0.986415 0.132899
vn -0.096557 -0.986415 0.132899
vn -0.096557 -0.986415 0.132899
vn 0.000000 -0.990840 0.135041
vn 0.000000 -0.990840 0.135041
vn 0.000000 -0.990840 0.135041
vn 0.096557 -0.986415 0.132900
vn 0.096557 -0.986415 0.132900
vn 0.096557 -0.986415 0.132900
vn 0.156233 -0.986415 0.050763
vn 0.156233 -0.986415 0.050763
vn 0.156232 -0.986415 0.050763
vn -0.156233 0.986415 0.050763
vn -0.156233 0.986415 0.050763
vn -0.156232 0.986415 0.050763
vn -0.096557 0.986415 0.132899
vn -0.096557 0.986415 0.132899
vn -0.096557 0.986415 0.132899
vn 0.000000 0.990840 0.135041
vn 0.000000 0.990840 0.135041
vn 0.000000 0.990840 0.135041
vn 0.096557 0.986415 0.132900
vn 0.096557 0.986415 0.132900
vn 0.096557 0.986415 0.132900
vn 0.156233 0.986415 0.050764
vn 0.156233 0.986415 0.050764
vn 0.156232 0.986415 0.050764
vn -0.946722 0.113650 0.301332
vn -0.959211 0.166663 0.228338
vn -0.959242 0.166715 0.228171
vn -0.946709 0.113391 0.301472
vn 0.959211 0.166664 0.228338
vn 0.946722 0.113650 0.301332
vn 0.946709 0.113391 0.301472
vn 0.959242 0.166715 0.228170
vn -0.978698 0.164443 0.122913
vn -0.978727 0.164389 0.122761
vn 0.978698 0.164443 0.122913
vn 0.978727 0.164389 0.122760
vn -0.994141 0.100548 0.039679
vn -0.994151 0.100470 0.039625
vn 0.994141 0.100548 0.039678
vn 0.994151 0.100470 0.039624
vn -0.999965 0.000000 0.008357
vn -0.999965 0.000000 0.008357
vn 0.999965 -0.000000 0.008357
vn 0.999965 -0.000000 0.008357
vn -0.994141 -0.100549 0.039679
vn -0.994151 -0.100470 0.039625
vn 0.994141 -0.100548 0.039678
vn 0.994151 -0.100470 0.039624
vn -0.978698 -0.164443 0.122913
vn -0.978727 -0.164389 0.122761
vn 0.978698 -0.164443 0.122913
vn 0.978727 -0.164389 0.122760
vn -0.959211 -0.166663 0.228338
vn -0.959242 -0.166715 0.228171
vn 0.959211 -0.166664 0.228338
vn 0.959242 -0.166715 0.228170
vn -0.946722 -0.113650 0.301332
vn -0.946709 -0.113391 0.301472
vn 0.946722 -0.113650 0.301332
vn 0.946709 -0.113391 0.301472
vn 0.944324 0.080180 0.319097
vn 0.944324 0.080180 0.319097
vn -0.944324 0.080180 0.319098
vn -0.944324 0.080180 0.319098
vn -0.944324 -0.080180 0.319097
vn -0.944324 -0.080180 0.319097
vn 0.944324 -0.080180 0.319097
vn 0.944324 -0.080180 0.319097
s off
g pSphere3
usemtl initialShadingGroup
f 507/731/1261 508/732/1262 514/738/1263 513/737/1264
f 508/732/1265 509/733/1266 515/739/1267 514/738/1268
f 563/798/1269 564/795/1270 565/796/1271 566/797/1272
f 510/734/1273 511/735/1274 517/741/1275 516/740/1276
f 511/735/1277 512/736/1278 518/742/1279 517/741/1280
f 513/737/1281 514/738/1282 520/744/1283 519/743/1284
f 514/738/1285 515/739/1286 521/745/1287 520/744/1288
f 566/797/1289 565/796/1290 567/799/1291 568/800/1292
f 516/740/1293 517/741/1294 523/747/1295 522/746/1296
f 517/741/1297 518/742/1298 524/748/1299 523/747/1300
f 519/743/1301 520/744/1302 526/750/1303 525/749/1304
f 520/744/1305 521/745/1306 527/751/1307 526/750/1308
f 568/800/1309 567/799/1310 569/801/1311 570/802/1312
f 522/746/1313 523/747/1314 529/753/1315 528/752/1316
f 523/747/1317 524/748/1318 530/754/1319 529/753/1320
f 525/749/1321 526/750/1322 532/756/1323 531/755/1324
f 526/750/1325 527/751/1326 533/757/1327 532/756/1328
f 570/802/1329 569/801/1330 571/803/1331 572/804/1332
f 528/752/1333 529/753/1334 535/759/1335 534/758/1336
f 529/753/1337 530/754/1338 536/760/1339 535/759/1340
f 531/755/1341 532/756/1342 538/762/1343 537/761/1344
f 532/756/1345 533/757/1346 539/763/1347 538/762/1348
f 572/804/1349 571/803/1350 573/805/1351 574/806/1352
f 534/758/1353 535/759/1354 541/765/1355 540/764/1356
f 535/759/1357 536/760/1358 542/766/1359 541/765/1360
f 537/761/1361 538/762/1362 544/768/1363 543/767/1364
f 538/762/1365 539/763/1366 545/769/1367 544/768/1368
f 574/806/1369 573/805/1370 575/807/1371 576/808/1372
f 540/764/1373 541/765/1374 547/771/1375 546/770/1376
f 541/765/1377 542/766/1378 548/772/1379 547/771/1380
f 543/767/1381 544/768/1382 550/774/1383 549/773/1384
f 544/768/1385 545/769/1386 551/775/1387 550/774/1388
f 576/808/1389 575/807/1390 577/809/1391 578/810/1392
f 546/770/1393 547/771/1394 553/777/1395 552/776/1396
f 547/771/1397 548/772/1398 554/778/1399 553/777/1400
f 549/773/1401 550/774/1402 556/780/1403 555/779/1404
f 550/774/1405 551/775/1406 557/781/1407 556/780/1408
f 578/810/1409 577/809/1410 579/811/1411 580/812/1412
f 552/776/1413 553/777/1414 559/783/1415 558/782/1416
f 553/777/1417 554/778/1418 560/784/1419 559/783/1420
f 508/732/1421 507/731/1422 561/785/1423
f 509/733/1424 508/732/1425 561/786/1426
f 564/795/1427 563/798/1428 581/813/1429
f 511/735/1430 510/734/1431 561/788/1432
f 512/736/1433 511/735/1434 561/789/1435
f 555/779/1436 556/780/1437 562/790/1438
f 556/780/1439 557/781/1440 562/791/1441
f 580/812/1442 579/811/1443 582/814/1444
f 558/782/1445 559/783/1446 562/793/1447
f 559/783/1448 560/784/1449 562/794/1450
s 1
f 510/734/1451 516/740/1452 565/796/1453 564/795/1454
s 2
f 515/739/1455 509/733/1456 563/798/1457 566/797/1458
s 1
f 516/740/1452 522/746/1459 567/799/1460 565/796/1453
s 2
f 521/745/1461 515/739/1455 566/797/1458 568/800/1462
s 1
f 522/746/1459 528/752/1463 569/801/1464 567/799/1460
s 2
f 527/751/1465 521/745/1461 568/800/1462 570/802/1466
s 1
f 528/752/1463 534/758/1467 571/803/1468 569/801/1464
s 2
f 533/757/1469 527/751/1465 570/802/1466 572/804/1470
s 1
f 534/758/1467 540/764/1471 573/805/1472 571/803/1468
s 2
f 539/763/1473 533/757/1469 572/804/1470 574/806/1474
s 1
f 540/764/1471 546/770/1475 575/807/1476 573/805/1472
s 2
f 545/769/1477 539/763/1473 574/806/1474 576/808/1478
s 1
f 546/770/1475 552/776/1479 577/809/1480 575/807/1476
s 2
f 551/775/1481 545/769/1477 576/808/1478 578/810/1482
s 1
f 552/776/1479 558/782/1483 579/811/1484 577/809/1480
s 2
f 557/781/1485 551/775/1481 578/810/1482 580/812/1486
f 509/733/1456 561/787/1487 581/813/1488 563/798/1457
s 1
f 561/787/1489 510/734/1451 564/795/1454 581/813/1490
f 558/782/1483 562/792/1491 582/814/1492 579/811/1484
s 2
f 562/792/1493 557/781/1485 580/812/1486 582/814/1494
g default
v -0.548519 -1.468031 -0.025060
v -0.544261 -1.468031 -0.011953
v -0.533111 -1.468031 -0.003852
v -0.519330 -1.468031 -0.003852
v -0.508180 -1.468031 -0.011953
v -0.503922 -1.468031 -0.025060
v -0.568636 -1.457781 -0.025060
v -0.560535 -1.457781 -0.000129
v -0.539328 -1.457781 0.015280
v -0.513114 -1.457781 0.015280
v -0.491906 -1.457781 -0.000129
v -0.483805 -1.457781 -0.025060
v -0.584600 -1.441817 -0.025060
v -0.573450 -1.441817 0.009255
v -0.544261 -1.441817 0.030462
v -0.508180 -1.441817 0.030462
v -0.478991 -1.441817 0.009255
v -0.467841 -1.441817 -0.025060
v -0.594850 -1.421701 -0.025060
v -0.581743 -1.421701 0.015280
v -0.547428 -1.421701 0.040211
v -0.505013 -1.421701 0.040211
v -0.470698 -1.421701 0.015280
v -0.457591 -1.421701 -0.025060
v -0.598381 -1.399402 -0.025060
v -0.584600 -1.399402 0.017355
v -0.548519 -1.399402 0.043569
v -0.503922 -1.399402 0.043569
v -0.467841 -1.399402 0.017355
v -0.454060 -1.399402 -0.025060
v -0.594850 -1.377103 -0.025060
v -0.581743 -1.377103 0.015280
v -0.547428 -1.377103 0.040211
v -0.505013 -1.377103 0.040211
v -0.470698 -1.377103 0.015280
v -0.457591 -1.377103 -0.025060
v -0.584600 -1.356987 -0.025060
v -0.573450 -1.356987 0.009255
v -0.544261 -1.356987 0.030462
v -0.508180 -1.356987 0.030462
v -0.478991 -1.356987 0.009255
v -0.467841 -1.356987 -0.025060
v -0.568636 -1.341022 -0.025060
v -0.560535 -1.341022 -0.000129
v -0.539328 -1.341022 0.015280
v -0.513114 -1.341022 0.015280
v -0.491906 -1.341022 -0.000129
v -0.483805 -1.341022 -0.025060
v -0.548519 -1.330772 -0.025060
v -0.544261 -1.330772 -0.011953
v -0.533111 -1.330772 -0.003852
v -0.519330 -1.330772 -0.003852
v -0.508180 -1.330772 -0.011953
v -0.503922 -1.330772 -0.025060
v -0.526221 -1.471563 -0.025060
v -0.526221 -1.327241 -0.025060
v -0.533111 -1.449005 -0.010336
v -0.519330 -1.449005 -0.010336
v -0.513114 -1.441783 0.003089
v -0.539328 -1.441783 0.003089
v -0.508180 -1.430355 0.013915
v -0.544261 -1.430355 0.013915
v -0.505013 -1.415742 0.020972
v -0.547428 -1.415742 0.020972
v -0.503922 -1.399402 0.023425
v -0.548519 -1.399402 0.023425
v -0.505013 -1.383062 0.020972
v -0.547428 -1.383062 0.020972
v -0.508180 -1.368448 0.013915
v -0.544261 -1.368448 0.013915
v -0.513114 -1.357020 0.003089
v -0.539328 -1.357020 0.003089
v -0.519330 -1.349798 -0.010336
v -0.533111 -1.349798 -0.010336
v -0.526221 -1.451468 -0.028406
v -0.526221 -1.347336 -0.028406
vt 0.400000 0.100000
vt 0.500000 0.100000
vt 0.600000 0.100000
vt 0.700000 0.100000
vt 0.800000 0.100000
vt 0.900000 0.100000
vt 0.400000 0.200000
vt 0.500000 0.200000
vt 0.600000 0.200000
vt 0.700000 0.200000
vt 0.800000 0.200000
vt 0.900000 0.200000
vt 0.400000 0.300000
vt 0.500000 0.300000
vt 0.600000 0.300000
vt 0.700000 0.300000
vt 0.800000 0.300000
vt 0.900000 0.300000
vt 0.400000 0.400000
vt 0.500000 0.400000
vt 0.600000 0.400000
vt 0.700000 0.400000
vt 0.800000 0.400000
vt 0.900000 0.400000
vt 0.400000 0.500000
vt 0.500000 0.500000
vt 0.600000 0.500000
vt 0.700000 0.500000
vt 0.800000 0.500000
vt 0.900000 0.500000
vt 0.400000 0.600000
vt 0.500000 0.600000
vt 0.600000 0.600000
vt 0.700000 0.600000
vt 0.800000 0.600000
vt 0.900000 0.600000
vt 0.400000 0.700000
vt 0.500000 0.700000
vt 0.600000 0.700000
vt 0.700000 0.700000
vt 0.800000 0.700000
vt 0.900000 0.700000
vt 0.400000 0.800000
vt 0.500000 0.800000
vt 0.600000 0.800000
vt 0.700000 0.800000
vt 0.800000 0.800000
vt 0.900000 0.800000
vt 0.400000 0.900000
vt 0.500000 0.900000
vt 0.600000 0.900000
vt 0.700000 0.900000
vt 0.800000 0.900000
vt 0.900000 0.900000
vt 0.450000 0.000000
vt 0.550000 0.000000
vt 0.650000 0.000000
vt 0.750000 0.000000
vt 0.850000 0.000000
vt 0.450000 1.000000
vt 0.550000 1.000000
vt 0.650000 1.000000
vt 0.750000 1.000000
vt 0.850000 1.000000
vt 0.700000 0.100000
vt 0.700000 0.200000
vt 0.600000 0.200000
vt 0.600000 0.100000
vt 0.700000 0.300000
vt 0.600000 0.300000
vt 0.700000 0.400000
vt 0.600000 0.400000
vt 0.700000 0.500000
vt 0.600000 0.500000
vt 0.700000 0.600000
vt 0.600000 0.600000
vt 0.700000 0.700000
vt 0.600000 0.700000
vt 0.700000 0.800000
vt 0.600000 0.800000
vt 0.700000 0.900000
vt 0.600000 0.900000
vt 0.650000 0.000000
vt 0.650000 1.000000
vn -0.449131 -0.881468 0.145931
vn -0.449131 -0.881468 0.145931
vn -0.449131 -0.881468 0.145931
vn -0.449131 -0.881468 0.145931
vn -0.277578 -0.881468 0.382053
vn -0.277578 -0.881468 0.382053
vn -0.277578 -0.881468 0.382053
vn -0.277578 -0.881468 0.382053
vn 0.000000 -0.880649 0.473769
vn 0.000000 -0.880649 0.473769
vn 0.000000 -0.880649 0.473769
vn 0.000000 -0.880649 0.473769
vn 0.277578 -0.881468 0.382053
vn 0.277578 -0.881468 0.382053
vn 0.277578 -0.881468 0.382053
vn 0.277578 -0.881468 0.382053
vn 0.449131 -0.881468 0.145931
vn 0.449131 -0.881468 0.145931
vn 0.449131 -0.881468 0.145931
vn 0.449131 -0.881468 0.145931
vn -0.689152 -0.689152 0.223919
vn -0.689152 -0.689152 0.223919
vn -0.689152 -0.689152 0.223919
vn -0.689152 -0.689152 0.223919
vn -0.425919 -0.689152 0.586227
vn -0.425919 -0.689152 0.586227
vn -0.425919 -0.689152 0.586227
vn -0.425919 -0.689152 0.586227
vn 0.000000 -0.687766 0.725933
vn 0.000000 -0.687766 0.725933
vn 0.000000 -0.687766 0.725933
vn 0.000000 -0.687766 0.725933
vn 0.425919 -0.689152 0.586228
vn 0.425919 -0.689152 0.586228
vn 0.425919 -0.689152 0.586228
vn 0.425919 -0.689152 0.586228
vn 0.689152 -0.689152 0.223919
vn 0.689152 -0.689152 0.223919
vn 0.689152 -0.689152 0.223919
vn 0.689152 -0.689152 0.223919
vn -0.855862 -0.436083 0.278086
vn -0.855862 -0.436083 0.278086
vn -0.855862 -0.436083 0.278086
vn -0.855862 -0.436083 0.278086
vn -0.528952 -0.436083 0.728040
vn -0.528952 -0.436083 0.728040
vn -0.528952 -0.436083 0.728040
vn -0.528952 -0.436083 0.728040
vn 0.000000 -0.434836 0.900510
vn 0.000000 -0.434836 0.900510
vn 0.000000 -0.434836 0.900510
vn 0.000000 -0.434836 0.900510
vn 0.528951 -0.436083 0.728040
vn 0.528951 -0.436083 0.728040
vn 0.528951 -0.436083 0.728040
vn 0.528951 -0.436083 0.728040
vn 0.855862 -0.436083 0.278086
vn 0.855862 -0.436083 0.278086
vn 0.855862 -0.436083 0.278086
vn 0.855862 -0.436083 0.278086
vn -0.940447 -0.148952 0.305570
vn -0.940447 -0.148952 0.305570
vn -0.940447 -0.148952 0.305570
vn -0.940447 -0.148952 0.305570
vn -0.581228 -0.148953 0.799992
vn -0.581228 -0.148953 0.799992
vn -0.581228 -0.148953 0.799992
vn -0.581228 -0.148953 0.799992
vn 0.000000 -0.148462 0.988918
vn 0.000000 -0.148462 0.988918
vn 0.000000 -0.148462 0.988918
vn 0.000000 -0.148462 0.988918
vn 0.581228 -0.148952 0.799992
vn 0.581228 -0.148952 0.799992
vn 0.581228 -0.148952 0.799992
vn 0.581228 -0.148952 0.799992
vn 0.940447 -0.148952 0.305570
vn 0.940447 -0.148952 0.305570
vn 0.940447 -0.148952 0.305570
vn 0.940447 -0.148952 0.305570
vn -0.940447 0.148952 0.305570
vn -0.940447 0.148952 0.305570
vn -0.940447 0.148952 0.305570
vn -0.940447 0.148952 0.305570
vn -0.581228 0.148953 0.799992
vn -0.581228 0.148953 0.799992
vn -0.581228 0.148953 0.799992
vn -0.581228 0.148953 0.799992
vn 0.000000 0.148462 0.988918
vn 0.000000 0.148462 0.988918
vn 0.000000 0.148462 0.988918
vn 0.000000 0.148462 0.988918
vn 0.581228 0.148952 0.799992
vn 0.581228 0.148952 0.799992
vn 0.581228 0.148952 0.799992
vn 0.581228 0.148952 0.799992
vn 0.940447 0.148952 0.305570
vn 0.940447 0.148952 0.305570
vn 0.940447 0.148952 0.305570
vn 0.940447 0.148952 0.305570
vn -0.855862 0.436083 0.278086
vn -0.855862 0.436083 0.278086
vn -0.855862 0.436083 0.278086
vn -0.855862 0.436083 0.278086
vn -0.528952 0.436083 0.728040
vn -0.528952 0.436083 0.728040
vn -0.528952 0.436083 0.728040
vn -0.528952 0.436083 0.728040
vn 0.000000 0.434836 0.900510
vn 0.000000 0.434836 0.900510
vn 0.000000 0.434836 0.900510
vn 0.000000 0.434836 0.900510
vn 0.528951 0.436083 0.728040
vn 0.528951 0.436083 0.728040
vn 0.528951 0.436083 0.728040
vn 0.528951 0.436083 0.728040
vn 0.855862 0.436083 0.278086
vn 0.855862 0.436083 0.278086
vn 0.855862 0.436083 0.278086
vn 0.855862 0.436083 0.278086
vn -0.689152 0.689152 0.223919
vn -0.689152 0.689152 0.223919
vn -0.689152 0.689152 0.223919
vn -0.689152 0.689152 0.223919
vn -0.425919 0.689152 0.586227
vn -0.425919 0.689152 0.586227
vn -0.425919 0.689152 0.586227
vn -0.425919 0.689152 0.586227
vn 0.000000 0.687766 0.725933
vn 0.000000 0.687766 0.725933
vn 0.000000 0.687766 0.725933
vn 0.000000 0.687766 0.725933
vn 0.425919 0.689152 0.586228
vn 0.425919 0.689152 0.586228
vn 0.425919 0.689152 0.586228
vn 0.425919 0.689152 0.586228
vn 0.689152 0.689152 0.223919
vn 0.689152 0.689152 0.223919
vn 0.689152 0.689152 0.223919
vn 0.689152 0.689152 0.223919
vn -0.449131 0.881468 0.145931
vn -0.449131 0.881468 0.145931
vn -0.449131 0.881468 0.145931
vn -0.449131 0.881468 0.145931
vn -0.277578 0.881468 0.382053
vn -0.277578 0.881468 0.382053
vn -0.277578 0.881468 0.382053
vn -0.277578 0.881468 0.382053
vn 0.000000 0.880649 0.473769
vn 0.000000 0.880649 0.473769
vn 0.000000 0.880649 0.473769
vn 0.000000 0.880649 0.473769
vn 0.277578 0.881468 0.382053
vn 0.277578 0.881468 0.382053
vn 0.277578 0.881468 0.382053
vn 0.277578 0.881468 0.382053
vn 0.449131 0.881468 0.145931
vn 0.449131 0.881468 0.145931
vn 0.449131 0.881468 0.145931
vn 0.449131 0.881468 0.145931
vn -0.156233 -0.986415 0.050764
vn -0.156233 -0.986415 0.050764
vn -0.156232 -0.986415 0.050764
vn -0.096557 -0.986415 0.132899
vn -0.096557 -0.986415 0.132899
vn -0.096557 -0.986415 0.132899
vn 0.000000 -0.990840 0.135041
vn 0.000000 -0.990840 0.135041
vn 0.000000 -0.990840 0.135041
vn 0.096557 -0.986415 0.132900
vn 0.096557 -0.986415 0.132900
vn 0.096557 -0.986415 0.132900
vn 0.156233 -0.986415 0.050763
vn 0.156233 -0.986415 0.050763
vn 0.156232 -0.986415 0.050763
vn -0.156233 0.986415 0.050763
vn -0.156233 0.986415 0.050763
vn -0.156232 0.986415 0.050763
vn -0.096557 0.986415 0.132899
vn -0.096557 0.986415 0.132899
vn -0.096557 0.986415 0.132899
vn 0.000000 0.990840 0.135041
vn 0.000000 0.990840 0.135041
vn 0.000000 0.990840 0.135041
vn 0.096557 0.986415 0.132900
vn 0.096557 0.986415 0.132900
vn 0.096557 0.986415 0.132900
vn 0.156233 0.986415 0.050764
vn 0.156233 0.986415 0.050764
vn 0.156232 0.986415 0.050764
vn -0.946722 0.113650 0.301332
vn -0.959211 0.166663 0.228338
vn -0.959242 0.166715 0.228171
vn -0.946709 0.113391 0.301472
vn 0.959211 0.166664 0.228338
vn 0.946722 0.113650 0.301332
vn 0.946709 0.113391 0.301472
vn 0.959242 0.166715 0.228170
vn -0.978698 0.164443 0.122913
vn -0.978727 0.164389 0.122761
vn 0.978698 0.164443 0.122913
vn 0.978727 0.164389 0.122760
vn -0.994141 0.100548 0.039679
vn -0.994151 0.100470 0.039625
vn 0.994141 0.100548 0.039678
vn 0.994151 0.100470 0.039624
vn -0.999965 0.000000 0.008357
vn -0.999965 0.000000 0.008357
vn 0.999965 -0.000000 0.008357
vn 0.999965 -0.000000 0.008357
vn -0.994141 -0.100549 0.039679
vn -0.994151 -0.100470 0.039625
vn 0.994141 -0.100548 0.039678
vn 0.994151 -0.100470 0.039624
vn -0.978698 -0.164443 0.122913
vn -0.978727 -0.164389 0.122761
vn 0.978698 -0.164443 0.122913
vn 0.978727 -0.164389 0.122760
vn -0.959211 -0.166663 0.228338
vn -0.959242 -0.166715 0.228171
vn 0.959211 -0.166664 0.228338
vn 0.959242 -0.166715 0.228170
vn -0.946722 -0.113650 0.301332
vn -0.946709 -0.113391 0.301472
vn 0.946722 -0.113650 0.301332
vn 0.946709 -0.113391 0.301472
vn 0.944324 0.080180 0.319097
vn 0.944324 0.080180 0.319097
vn -0.944324 0.080180 0.319098
vn -0.944324 0.080180 0.319098
vn -0.944324 -0.080180 0.319097
vn -0.944324 -0.080180 0.319097
vn 0.944324 -0.080180 0.319097
vn 0.944324 -0.080180 0.319097
s off
g pSphere4
usemtl initialShadingGroup
f 583/815/1495 584/816/1496 590/822/1497 589/821/1498
f 584/816/1499 585/817/1500 591/823/1501 590/822/1502
f 639/882/1503 640/879/1504 641/880/1505 642/881/1506
f 586/818/1507 587/819/1508 593/825/1509 592/824/1510
f 587/819/1511 588/820/1512 594/826/1513 593/825/1514
f 589/821/1515 590/822/1516 596/828/1517 595/827/1518
f 590/822/1519 591/823/1520 597/829/1521 596/828/1522
f 642/881/1523 641/880/1524 643/883/1525 644/884/1526
f 592/824/1527 593/825/1528 599/831/1529 598/830/1530
f 593/825/1531 594/826/1532 600/832/1533 599/831/1534
f 595/827/1535 596/828/1536 602/834/1537 601/833/1538
f 596/828/1539 597/829/1540 603/835/1541 602/834/1542
f 644/884/1543 643/883/1544 645/885/1545 646/886/1546
f 598/830/1547 599/831/1548 605/837/1549 604/836/1550
f 599/831/1551 600/832/1552 606/838/1553 605/837/1554
f 601/833/1555 602/834/1556 608/840/1557 607/839/1558
f 602/834/1559 603/835/1560 609/841/1561 608/840/1562
f 646/886/1563 645/885/1564 647/887/1565 648/888/1566
f 604/836/1567 605/837/1568 611/843/1569 610/842/1570
f 605/837/1571 606/838/1572 612/844/1573 611/843/1574
f 607/839/1575 608/840/1576 614/846/1577 613/845/1578
f 608/840/1579 609/841/1580 615/847/1581 614/846/1582
f 648/888/1583 647/887/1584 649/889/1585 650/890/1586
f 610/842/1587 611/843/1588 617/849/1589 616/848/1590
f 611/843/1591 612/844/1592 618/850/1593 617/849/1594
f 613/845/1595 614/846/1596 620/852/1597 619/851/1598
f 614/846/1599 615/847/1600 621/853/1601 620/852/1602
f 650/890/1603 649/889/1604 651/891/1605 652/892/1606
f 616/848/1607 617/849/1608 623/855/1609 622/854/1610
f 617/849/1611 618/850/1612 624/856/1613 623/855/1614
f 619/851/1615 620/852/1616 626/858/1617 625/857/1618
f 620/852/1619 621/853/1620 627/859/1621 626/858/1622
f 652/892/1623 651/891/1624 653/893/1625 654/894/1626
f 622/854/1627 623/855/1628 629/861/1629 628/860/1630
f 623/855/1631 624/856/1632 630/862/1633 629/861/1634
f 625/857/1635 626/858/1636 632/864/1637 631/863/1638
f 626/858/1639 627/859/1640 633/865/1641 632/864/1642
f 654/894/1643 653/893/1644 655/895/1645 656/896/1646
f 628/860/1647 629/861/1648 635/867/1649 634/866/1650
f 629/861/1651 630/862/1652 636/868/1653 635/867/1654
f 584/816/1655 583/815/1656 637/869/1657
f 585/817/1658 584/816/1659 637/870/1660
f 640/879/1661 639/882/1662 657/897/1663
f 587/819/1664 586/818/1665 637/872/1666
f 588/820/1667 587/819/1668 637/873/1669
f 631/863/1670 632/864/1671 638/874/1672
f 632/864/1673 633/865/1674 638/875/1675
f 656/896/1676 655/895/1677 658/898/1678
f 634/866/1679 635/867/1680 638/877/1681
f 635/867/1682 636/868/1683 638/878/1684
s 1
f 586/818/1685 592/824/1686 641/880/1687 640/879/1688
s 2
f 591/823/1689 585/817/1690 639/882/1691 642/881/1692
s 1
f 592/824/1686 598/830/1693 643/883/1694 641/880/1687
s 2
f 597/829/1695 591/823/1689 642/881/1692 644/884/1696
s 1
f 598/830/1693 604/836/1697 645/885/1698 643/883/1694
s 2
f 603/835/1699 597/829/1695 644/884/1696 646/886/1700
s 1
f 604/836/1697 610/842/1701 647/887/1702 645/885/1698
s 2
f 609/841/1703 603/835/1699 646/886/1700 648/888/1704
s 1
f 610/842/1701 616/848/1705 649/889/1706 647/887/1702
s 2
f 615/847/1707 609/841/1703 648/888/1704 650/890/1708
s 1
f 616/848/1705 622/854/1709 651/891/1710 649/889/1706
s 2
f 621/853/1711 615/847/1707 650/890/1708 652/892/1712
s 1
f 622/854/1709 628/860/1713 653/893/1714 651/891/1710
s 2
f 627/859/1715 621/853/1711 652/892/1712 654/894/1716
s 1
f 628/860/1713 634/866/1717 655/895/1718 653/893/1714
s 2
f 633/865/1719 627/859/1715 654/894/1716 656/896/1720
f 585/817/1690 637/871/1721 657/897/1722 639/882/1691
s 1
f 637/871/1723 586/818/1685 640/879/1688 657/897/1724
f 634/866/1717 638/876/1725 658/898/1726 655/895/1718
s 2
f 638/876/1727 633/865/1719 656/896/1720 658/898/1728
g default
v -0.466494 -1.476059 -0.029346
v -0.556557 -1.498253 -0.030672
v -0.630059 -1.441669 -0.031883
v -0.631650 -1.348916 -0.032066
v -0.560134 -1.289839 -0.031084
v -0.469362 -1.308924 -0.029676
v -0.427688 -1.391800 -0.028903
v -0.466219 -1.476091 -0.047482
v -0.556282 -1.498285 -0.048808
v -0.629784 -1.441700 -0.050018
v -0.631376 -1.348947 -0.050202
v -0.559859 -1.289870 -0.049220
v -0.469087 -1.308955 -0.047812
v -0.427414 -1.391831 -0.047039
v -0.534563 -1.393637 -0.030519
v -0.534289 -1.393669 -0.048654
vt 0.597420 0.034089
vt 0.465231 0.003918
vt 0.359224 0.088456
vt 0.359224 0.224044
vt 0.465231 0.308582
vt 0.597420 0.278411
vt 0.656250 0.156250
vt 0.375000 0.312500
vt 0.410714 0.312500
vt 0.446429 0.312500
vt 0.482143 0.312500
vt 0.517857 0.312500
vt 0.553571 0.312500
vt 0.589286 0.312500
vt 0.625000 0.312500
vt 0.375000 0.688440
vt 0.410714 0.688440
vt 0.446429 0.688440
vt 0.482143 0.688440
vt 0.517857 0.688440
vt 0.553571 0.688440
vt 0.589286 0.688440
vt 0.625000 0.688440
vt 0.597420 0.721589
vt 0.465231 0.691418
vt 0.359224 0.775956
vt 0.359224 0.911544
vt 0.465231 0.996082
vt 0.597420 0.965911
vt 0.656250 0.843750
vt 0.500000 0.150000
vt 0.500000 0.837500
vn 0.239192 -0.970958 0.005288
vn 0.239192 -0.970958 0.005288
vn 0.239192 -0.970958 0.005288
vn 0.239192 -0.970958 0.005288
vn -0.609911 -0.792431 -0.007879
vn -0.609911 -0.792431 -0.007879
vn -0.609911 -0.792431 -0.007879
vn -0.609911 -0.792431 -0.007879
vn -0.999738 -0.017187 -0.015113
vn -0.999738 -0.017187 -0.015113
vn -0.999738 -0.017187 -0.015113
vn -0.999738 -0.017187 -0.015113
vn -0.636742 0.770999 -0.010967
vn -0.636742 0.770999 -0.010967
vn -0.636742 0.770999 -0.010967
vn -0.636742 0.770999 -0.010967
vn 0.205733 0.978607 0.001437
vn 0.205733 0.978607 0.001437
vn 0.205733 0.978607 0.001437
vn 0.205733 0.978607 0.001437
vn 0.893288 0.449304 0.012759
vn 0.893288 0.449304 0.012759
vn 0.893288 0.449304 0.012759
vn 0.893288 0.449304 0.012759
vn 0.908178 -0.418334 0.014473
vn 0.908178 -0.418334 0.014473
vn 0.908178 -0.418334 0.014473
vn 0.908178 -0.418334 0.014473
vn -0.015145 0.001715 0.999884
vn -0.015145 0.001715 0.999884
vn -0.015145 0.001715 0.999884
vn -0.015145 0.001715 0.999884
vn -0.015145 0.001715 0.999884
vn -0.015145 0.001715 0.999884
vn -0.015145 0.001715 0.999884
vn -0.015145 0.001715 0.999884
vn 0.015145 -0.001715 -0.999884
vn 0.015145 -0.001715 -0.999884
vn 0.015145 -0.001715 -0.999884
vn 0.015145 -0.001715 -0.999884
vn 0.015145 -0.001715 -0.999884
vn 0.015145 -0.001715 -0.999884
vn 0.015145 -0.001715 -0.999884
vn 0.015145 -0.001715 -0.999884
s off
g pCylinder5
usemtl initialShadingGroup
f 659/906/1729 660/907/1730 667/915/1731 666/914/1732
f 660/907/1733 661/908/1734 668/916/1735 667/915/1736
f 661/908/1737 662/909/1738 669/917/1739 668/916/1740
f 662/909/1741 663/910/1742 670/918/1743 669/917/1744
f 663/910/1745 664/911/1746 671/919/1747 670/918/1748
f 664/911/1749 665/912/1750 672/920/1751 671/919/1752
f 665/912/1753 659/913/1754 666/921/1755 672/920/1756
s 1
f 660/900/1757 659/899/1758 673/929/1759
f 661/901/1760 660/900/1757 673/929/1759
f 662/902/1761 661/901/1760 673/929/1759
f 663/903/1762 662/902/1761 673/929/1759
f 664/904/1763 663/903/1762 673/929/1759
f 665/905/1764 664/904/1763 673/929/1759
f 659/899/1758 665/905/1764 673/929/1759
s 2
f 666/927/1765 667/926/1766 674/930/1767
f 667/926/1766 668/925/1768 674/930/1767
f 668/925/1768 669/924/1769 674/930/1767
f 669/924/1769 670/923/1770 674/930/1767
f 670/923/1770 671/922/1771 674/930/1767
f 671/922/1771 672/928/1772 674/930/1767
f 672/928/1772 666/927/1765 674/930/1767
g default
v 0.543015 -1.482584 -0.029346
v 0.452952 -1.504778 -0.030672
v 0.379450 -1.448193 -0.031883
v 0.377858 -1.355440 -0.032066
v 0.449375 -1.296363 -0.031084
v 0.540146 -1.315448 -0.029676
v 0.581820 -1.398324 -0.028903
v 0.543289 -1.482615 -0.047482
v 0.453226 -1.504809 -0.048808
v 0.379725 -1.448225 -0.050018
v 0.378133 -1.355472 -0.050202
v 0.449650 -1.296394 -0.049220
v 0.540421 -1.315479 -0.047812
v 0.582095 -1.398355 -0.047039
v 0.474945 -1.400162 -0.030519
v 0.475220 -1.400193 -0.048654
vt 0.597420 0.034089
vt 0.465231 0.003918
vt 0.359224 0.088456
vt 0.359224 0.224044
vt 0.465231 0.308582
vt 0.597420 0.278411
vt 0.656250 0.156250
vt 0.375000 0.312500
vt 0.410714 0.312500
vt 0.446429 0.312500
vt 0.482143 0.312500
vt 0.517857 0.312500
vt 0.553571 0.312500
vt 0.589286 0.312500
vt 0.625000 0.312500
vt 0.375000 0.688440
vt 0.410714 0.688440
vt 0.446429 0.688440
vt 0.482143 0.688440
vt 0.517857 0.688440
vt 0.553571 0.688440
vt 0.589286 0.688440
vt 0.625000 0.688440
vt 0.597420 0.721589
vt 0.465231 0.691418
vt 0.359224 0.775956
vt 0.359224 0.911544
vt 0.465231 0.996082
vt 0.597420 0.965911
vt 0.656250 0.843750
vt 0.500000 0.150000
vt 0.500000 0.837500
vn 0.239192 -0.970958 0.005288
vn 0.239192 -0.970958 0.005288
vn 0.239192 -0.970958 0.005288
vn 0.239192 -0.970958 0.005288
vn -0.609911 -0.792431 -0.007879
vn -0.609911 -0.792431 -0.007879
vn -0.609911 -0.792431 -0.007879
vn -0.609911 -0.792431 -0.007879
vn -0.999738 -0.017187 -0.015113
vn -0.999738 -0.017187 -0.015113
vn -0.999738 -0.017187 -0.015113
vn -0.999738 -0.017187 -0.015113
vn -0.636742 0.770999 -0.010967
vn -0.636742 0.770999 -0.010967
vn -0.636742 0.770999 -0.010967
vn -0.636742 0.770999 -0.010967
vn 0.205733 0.978607 0.001437
vn 0.205733 0.978607 0.001437
vn 0.205733 0.978607 0.001437
vn 0.205733 0.978607 0.001437
vn 0.893288 0.449304 0.012759
vn 0.893288 0.449304 0.012759
vn 0.893288 0.449304 0.012759
vn 0.893288 0.449304 0.012759
vn 0.908178 -0.418334 0.014473
vn 0.908178 -0.418334 0.014473
vn 0.908178 -0.418334 0.014473
vn 0.908178 -0.418334 0.014473
vn -0.015145 0.001715 0.999884
vn -0.015145 0.001715 0.999884
vn -0.015145 0.001715 0.999884
vn -0.015145 0.001715 0.999884
vn -0.015145 0.001715 0.999884
vn -0.015145 0.001715 0.999884
vn -0.015145 0.001715 0.999884
vn -0.015145 0.001715 0.999884
vn 0.015145 -0.001715 -0.999884
vn 0.015145 -0.001715 -0.999884
vn 0.015145 -0.001715 -0.999884
vn 0.015145 -0.001715 -0.999884
vn 0.015145 -0.001715 -0.999884
vn 0.015145 -0.001715 -0.999884
vn 0.015145 -0.001715 -0.999884
vn 0.015145 -0.001715 -0.999884
s off
g pCylinder6
usemtl initialShadingGroup
f 675/938/1773 676/939/1774 683/947/1775 682/946/1776
f 676/939/1777 677/940/1778 684/948/1779 683/947/1780
f 677/940/1781 678/941/1782 685/949/1783 684/948/1784
f 678/941/1785 679/942/1786 686/950/1787 685/949/1788
f 679/942/1789 680/943/1790 687/951/1791 686/950/1792
f 680/943/1793 681/944/1794 688/952/1795 687/951/1796
f 681/944/1797 675/945/1798 682/953/1799 688/952/1800
s 1
f 676/932/1801 675/931/1802 689/961/1803
f 677/933/1804 676/932/1801 689/961/1803
f 678/934/1805 677/933/1804 689/961/1803
f 679/935/1806 678/934/1805 689/961/1803
f 680/936/1807 679/935/1806 689/961/1803
f 681/937/1808 680/936/1807 689/961/1803
f 675/931/1802 681/937/1808 689/961/1803
s 2
f 682/959/1809 683/958/1810 690/962/1811
f 683/958/1810 684/957/1812 690/962/1811
f 684/957/1812 685/956/1813 690/962/1811
f 685/956/1813 686/955/1814 690/962/1811
f 686/955/1814 687/954/1815 690/962/1811
f 687/954/1815 688/960/1816 690/962/1811
f 688/960/1816 682/959/1809 690/962/1811
g default
v 0.577725 1.260223 -0.029346
v 0.487662 1.238029 -0.030672
v 0.414160 1.294613 -0.031883
v 0.412568 1.387366 -0.032066
v 0.484085 1.446443 -0.031084
v 0.574857 1.427358 -0.029676
v 0.616530 1.344482 -0.028903
v 0.578000 1.260192 -0.047482
v 0.487936 1.237998 -0.048808
v 0.414435 1.294582 -0.050018
v 0.412843 1.387335 -0.050202
v 0.484360 1.446412 -0.049220
v 0.575131 1.427327 -0.047812
v 0.616805 1.344451 -0.047039
v 0.509655 1.342645 -0.030519
v 0.509930 1.342614 -0.048654
vt 0.597420 0.034089
vt 0.465231 0.003918
vt 0.359224 0.088456
vt 0.359224 0.224044
vt 0.465231 0.308582
vt 0.597420 0.278411
vt 0.656250 0.156250
vt 0.375000 0.312500
vt 0.410714 0.312500
vt 0.446429 0.312500
vt 0.482143 0.312500
vt 0.517857 0.312500
vt 0.553571 0.312500
vt 0.589286 0.312500
vt 0.625000 0.312500
vt 0.375000 0.688440
vt 0.410714 0.688440
vt 0.446429 0.688440
vt 0.482143 0.688440
vt 0.517857 0.688440
vt 0.553571 0.688440
vt 0.589286 0.688440
vt 0.625000 0.688440
vt 0.597420 0.721589
vt 0.465231 0.691418
vt 0.359224 0.775956
vt 0.359224 0.911544
vt 0.465231 0.996082
vt 0.597420 0.965911
vt 0.656250 0.843750
vt 0.500000 0.150000
vt 0.500000 0.837500
vn 0.239192 -0.970958 0.005288
vn 0.239192 -0.970958 0.005288
vn 0.239192 -0.970958 0.005288
vn 0.239192 -0.970958 0.005288
vn -0.609911 -0.792431 -0.007879
vn -0.609911 -0.792431 -0.007879
vn -0.609911 -0.792431 -0.007879
vn -0.609911 -0.792431 -0.007879
vn -0.999738 -0.017187 -0.015113
vn -0.999738 -0.017187 -0.015113
vn -0.999738 -0.017187 -0.015113
vn -0.999738 -0.017187 -0.015113
vn -0.636742 0.770999 -0.010967
vn -0.636742 0.770999 -0.010967
vn -0.636742 0.770999 -0.010967
vn -0.636742 0.770999 -0.010967
vn 0.205733 0.978607 0.001437
vn 0.205733 0.978607 0.001437
vn 0.205733 0.978607 0.001437
vn 0.205733 0.978607 0.001437
vn 0.893288 0.449304 0.012759
vn 0.893288 0.449304 0.012759
vn 0.893288 0.449304 0.012759
vn 0.893288 0.449304 0.012759
vn 0.908178 -0.418334 0.014473
vn 0.908178 -0.418334 0.014473
vn 0.908178 -0.418334 0.014473
vn 0.908178 -0.418334 0.014473
vn -0.015145 0.001715 0.999884
vn -0.015145 0.001715 0.999884
vn -0.015145 0.001715 0.999884
vn -0.015145 0.001715 0.999884
vn -0.015145 0.001715 0.999884
vn -0.015145 0.001715 0.999884
vn -0.015145 0.001715 0.999884
vn -0.015145 0.001715 0.999884
vn 0.015145 -0.001715 -0.999884
vn 0.015145 -0.001715 -0.999884
vn 0.015145 -0.001715 -0.999884
vn 0.015145 -0.001715 -0.999884
vn 0.015145 -0.001715 -0.999884
vn 0.015145 -0.001715 -0.999884
vn 0.015145 -0.001715 -0.999884
vn 0.015145 -0.001715 -0.999884
s off
g pCylinder7
usemtl initialShadingGroup
f 691/970/1817 692/971/1818 699/979/1819 698/978/1820
f 692/971/1821 693/972/1822 700/980/1823 699/979/1824
f 693/972/1825 694/973/1826 701/981/1827 700/980/1828
f 694/973/1829 695/974/1830 702/982/1831 701/981/1832
f 695/974/1833 696/975/1834 703/983/1835 702/982/1836
f 696/975/1837 697/976/1838 704/984/1839 703/983/1840
f 697/976/1841 691/977/1842 698/985/1843 704/984/1844
s 1
f 692/964/1845 691/963/1846 705/993/1847
f 693/965/1848 692/964/1845 705/993/1847
f 694/966/1849 693/965/1848 705/993/1847
f 695/967/1850 694/966/1849 705/993/1847
f 696/968/1851 695/967/1850 705/993/1847
f 697/969/1852 696/968/1851 705/993/1847
f 691/963/1846 697/969/1852 705/993/1847
s 2
f 698/991/1853 699/990/1854 706/994/1855
f 699/990/1854 700/989/1856 706/994/1855
f 700/989/1856 701/988/1857 706/994/1855
f 701/988/1857 702/987/1858 706/994/1855
f 702/987/1858 703/986/1859 706/994/1855
f 703/986/1859 704/992/1860 706/994/1855
f 704/992/1860 698/991/1853 706/994/1855
g default
v -0.464350 1.260223 -0.029346
v -0.554413 1.238029 -0.030672
v -0.627915 1.294613 -0.031883
v -0.629507 1.387366 -0.032066
v -0.557990 1.446443 -0.031084
v -0.467219 1.427358 -0.029676
v -0.425545 1.344482 -0.028903
v -0.464076 1.260192 -0.047482
v -0.554139 1.237998 -0.048808
v -0.627640 1.294582 -0.050018
v -0.629232 1.387335 -0.050202
v -0.557716 1.446412 -0.049220
v -0.466944 1.427327 -0.047812
v -0.425270 1.344451 -0.047039
v -0.532420 1.342645 -0.030519
v -0.532145 1.342614 -0.048654
vt 0.597420 0.034089
vt 0.465231 0.003918
vt 0.359224 0.088456
vt 0.359224 0.224044
vt 0.465231 0.308582
vt 0.597420 0.278411
vt 0.656250 0.156250
vt 0.375000 0.312500
vt 0.410714 0.312500
vt 0.446429 0.312500
vt 0.482143 0.312500
vt 0.517857 0.312500
vt 0.553571 0.312500
vt 0.589286 0.312500
vt 0.625000 0.312500
vt 0.375000 0.688440
vt 0.410714 0.688440
vt 0.446429 0.688440
vt 0.482143 0.688440
vt 0.517857 0.688440
vt 0.553571 0.688440
vt 0.589286 0.688440
vt 0.625000 0.688440
vt 0.597420 0.721589
vt 0.465231 0.691418
vt 0.359224 0.775956
vt 0.359224 0.911544
vt 0.465231 0.996082
vt 0.597420 0.965911
vt 0.656250 0.843750
vt 0.500000 0.150000
vt 0.500000 0.837500
vn 0.239192 -0.970958 0.005288
vn 0.239192 -0.970958 0.005288
vn 0.239192 -0.970958 0.005288
vn 0.239192 -0.970958 0.005288
vn -0.609911 -0.792431 -0.007879
vn -0.609911 -0.792431 -0.007879
vn -0.609911 -0.792431 -0.007879
vn -0.609911 -0.792431 -0.007879
vn -0.999738 -0.017187 -0.015113
vn -0.999738 -0.017187 -0.015113
vn -0.999738 -0.017187 -0.015113
vn -0.999738 -0.017187 -0.015113
vn -0.636742 0.770999 -0.010967
vn -0.636742 0.770999 -0.010967
vn -0.636742 0.770999 -0.010967
vn -0.636742 0.770999 -0.010967
vn 0.205733 0.978607 0.001437
vn 0.205733 0.978607 0.001437
vn 0.205733 0.978607 0.001437
vn 0.205733 0.978607 0.001437
vn 0.893288 0.449304 0.012759
vn 0.893288 0.449304 0.012759
vn 0.893288 0.449304 0.012759
vn 0.893288 0.449304 0.012759
vn 0.908178 -0.418334 0.014473
vn 0.908178 -0.418334 0.014473
vn 0.908178 -0.418334 0.014473
vn 0.908178 -0.418334 0.014473
vn -0.015145 0.001715 0.999884
vn -0.015145 0.001715 0.999884
vn -0.015145 0.001715 0.999884
vn -0.015145 0.001715 0.999884
vn -0.015145 0.001715 0.999884
vn -0.015145 0.001715 0.999884
vn -0.015145 0.001715 0.999884
vn -0.015145 0.001715 0.999884
vn 0.015145 -0.001715 -0.999884
vn 0.015145 -0.001715 -0.999884
vn 0.015145 -0.001715 -0.999884
vn 0.015145 -0.001715 -0.999884
vn 0.015145 -0.001715 -0.999884
vn 0.015145 -0.001715 -0.999884
vn 0.015145 -0.001715 -0.999884
vn 0.015145 -0.001715 -0.999884
s off
g pCylinder8
usemtl initialShadingGroup
f 707/1002/1861 708/1003/1862 715/1011/1863 714/1010/1864
f 708/1003/1865 709/1004/1866 716/1012/1867 715/1011/1868
f 709/1004/1869 710/1005/1870 717/1013/1871 716/1012/1872
f 710/1005/1873 711/1006/1874 718/1014/1875 717/1013/1876
f 711/1006/1877 712/1007/1878 719/1015/1879 718/1014/1880
f 712/1007/1881 713/1008/1882 720/1016/1883 719/1015/1884
f 713/1008/1885 707/1009/1886 714/1017/1887 720/1016/1888
s 1
f 708/996/1889 707/995/1890 721/1025/1891
f 709/997/1892 708/996/1889 721/1025/1891
f 710/998/1893 709/997/1892 721/1025/1891
f 711/999/1894 710/998/1893 721/1025/1891
f 712/1000/1895 711/999/1894 721/1025/1891
f 713/1001/1896 712/1000/1895 721/1025/1891
f 707/995/1890 713/1001/1896 721/1025/1891
s 2
f 714/1023/1897 715/1022/1898 722/1026/1899
f 715/1022/1898 716/1021/1900 722/1026/1899
f 716/1021/1900 717/1020/1901 722/1026/1899
f 717/1020/1901 718/1019/1902 722/1026/1899
f 718/1019/1902 719/1018/1903 722/1026/1899
f 719/1018/1903 720/1024/1904 722/1026/1899
f 720/1024/1904 714/1023/1897 722/1026/1899
